code_1,code_2,clone type,refactor
"private Point2D calculateLabelAnchorPoint(ItemLabelAnchor anchor,
                                              Rectangle2D bar,
                                              PlotOrientation orientation) {

        Point2D result = null;
        double offset = getItemLabelAnchorOffset();
        double x0 = bar.getX() - offset;
        double x1 = bar.getX();
        double x2 = bar.getX() + offset;
        double x3 = bar.getCenterX();
        double x4 = bar.getMaxX() - offset;
        double x5 = bar.getMaxX();
        double x6 = bar.getMaxX() + offset;

        double y0 = bar.getMaxY() + offset;
        double y1 = bar.getMaxY();
        double y2 = bar.getMaxY() - offset;
        double y3 = bar.getCenterY();
        double y4 = bar.getMinY() + offset;
        double y5 = bar.getMinY();
        double y6 = bar.getMinY() - offset;

        if (anchor == ItemLabelAnchor.CENTER) {
            result = new Point2D.Double(x3, y3);
        }
        else if (anchor == ItemLabelAnchor.INSIDE1) {
            result = new Point2D.Double(x4, y4);
        }
        else if (anchor == ItemLabelAnchor.INSIDE2) {
            result = new Point2D.Double(x4, y4);
        }
        else if (anchor == ItemLabelAnchor.INSIDE3) {
            result = new Point2D.Double(x4, y3);
        }
        else if (anchor == ItemLabelAnchor.INSIDE4) {
            result = new Point2D.Double(x4, y2);
        }
        else if (anchor == ItemLabelAnchor.INSIDE5) {
            result = new Point2D.Double(x4, y2);
        }
        else if (anchor == ItemLabelAnchor.INSIDE6) {
            result = new Point2D.Double(x3, y2);
        }
        else if (anchor == ItemLabelAnchor.INSIDE7) {
            result = new Point2D.Double(x2, y2);
        }
        else if (anchor == ItemLabelAnchor.INSIDE8) {
            result = new Point2D.Double(x2, y2);
        }
        else if (anchor == ItemLabelAnchor.INSIDE9) {
            result = new Point2D.Double(x2, y3);
        }
        else if (anchor == ItemLabelAnchor.INSIDE10) {
            result = new Point2D.Double(x2, y4);
        }
        else if (anchor == ItemLabelAnchor.INSIDE11) {
            result = new Point2D.Double(x2, y4);
        }
        else if (anchor == ItemLabelAnchor.INSIDE12) {
            result = new Point2D.Double(x3, y4);
        }
        else if (anchor == ItemLabelAnchor.OUTSIDE1) {
            result = new Point2D.Double(x5, y6);
        }
        else if (anchor == ItemLabelAnchor.OUTSIDE2) {
            result = new Point2D.Double(x6, y5);
        }
        else if (anchor == ItemLabelAnchor.OUTSIDE3) {
            result = new Point2D.Double(x6, y3);
        }
        else if (anchor == ItemLabelAnchor.OUTSIDE4) {
            result = new Point2D.Double(x6, y1);
        }
        else if (anchor == ItemLabelAnchor.OUTSIDE5) {
            result = new Point2D.Double(x5, y0);
        }
        else if (anchor == ItemLabelAnchor.OUTSIDE6) {
            result = new Point2D.Double(x3, y0);
        }
        else if (anchor == ItemLabelAnchor.OUTSIDE7) {
            result = new Point2D.Double(x1, y0);
        }
        else if (anchor == ItemLabelAnchor.OUTSIDE8) {
            result = new Point2D.Double(x0, y1);
        }
        else if (anchor == ItemLabelAnchor.OUTSIDE9) {
            result = new Point2D.Double(x0, y3);
        }
        else if (anchor == ItemLabelAnchor.OUTSIDE10) {
            result = new Point2D.Double(x0, y5);
        }
        else if (anchor == ItemLabelAnchor.OUTSIDE11) {
            result = new Point2D.Double(x1, y6);
        }
        else if (anchor == ItemLabelAnchor.OUTSIDE12) {
            result = new Point2D.Double(x3, y6);
        }

        return result;

    }","private Point2D calculateLabelAnchorPoint_2(ItemLabelAnchor anchor,
            Rectangle2D bar, PlotOrientation orientation) {

        Point2D result = null;
        double offset = getItemLabelAnchorOffset();
        double x0 = bar.getX() - offset;
        double x1 = bar.getX();
        double x2 = bar.getX() + offset;
        double x3 = bar.getCenterX();
        double x4 = bar.getMaxX() - offset;
        double x5 = bar.getMaxX();
        double x6 = bar.getMaxX() + offset;

        double y0 = bar.getMaxY() + offset;
        double y1 = bar.getMaxY();
        double y2 = bar.getMaxY() - offset;
        double y3 = bar.getCenterY();
        double y4 = bar.getMinY() + offset;
        double y5 = bar.getMinY();
        double y6 = bar.getMinY() - offset;

        if (anchor == ItemLabelAnchor.CENTER) {
            result = new Point2D.Double(x3, y3);
        }
        else if (anchor == ItemLabelAnchor.INSIDE1) {
            result = new Point2D.Double(x4, y4);
        }
        else if (anchor == ItemLabelAnchor.INSIDE2) {
            result = new Point2D.Double(x4, y4);
        }
        else if (anchor == ItemLabelAnchor.INSIDE3) {
            result = new Point2D.Double(x4, y3);
        }
        else if (anchor == ItemLabelAnchor.INSIDE4) {
            result = new Point2D.Double(x4, y2);
        }
        else if (anchor == ItemLabelAnchor.INSIDE5) {
            result = new Point2D.Double(x4, y2);
        }
        else if (anchor == ItemLabelAnchor.INSIDE6) {
            result = new Point2D.Double(x3, y2);
        }
        else if (anchor == ItemLabelAnchor.INSIDE7) {
            result = new Point2D.Double(x2, y2);
        }
        else if (anchor == ItemLabelAnchor.INSIDE8) {
            result = new Point2D.Double(x2, y2);
        }
        else if (anchor == ItemLabelAnchor.INSIDE9) {
            result = new Point2D.Double(x2, y3);
        }
        else if (anchor == ItemLabelAnchor.INSIDE10) {
            result = new Point2D.Double(x2, y4);
        }
        else if (anchor == ItemLabelAnchor.INSIDE11) {
            result = new Point2D.Double(x2, y4);
        }
        else if (anchor == ItemLabelAnchor.INSIDE12) {
            result = new Point2D.Double(x3, y4);
        }
        else if (anchor == ItemLabelAnchor.OUTSIDE1) {
            result = new Point2D.Double(x5, y6);
        }
        else if (anchor == ItemLabelAnchor.OUTSIDE2) {
            result = new Point2D.Double(x6, y5);
        }
        else if (anchor == ItemLabelAnchor.OUTSIDE3) {
            result = new Point2D.Double(x6, y3);
        }
        else if (anchor == ItemLabelAnchor.OUTSIDE4) {
            result = new Point2D.Double(x6, y1);
        }
        else if (anchor == ItemLabelAnchor.OUTSIDE5) {
            result = new Point2D.Double(x5, y0);
        }
        else if (anchor == ItemLabelAnchor.OUTSIDE6) {
            result = new Point2D.Double(x3, y0);
        }
        else if (anchor == ItemLabelAnchor.OUTSIDE7) {
            result = new Point2D.Double(x1, y0);
        }
        else if (anchor == ItemLabelAnchor.OUTSIDE8) {
            result = new Point2D.Double(x0, y1);
        }
        else if (anchor == ItemLabelAnchor.OUTSIDE9) {
            result = new Point2D.Double(x0, y3);
        }
        else if (anchor == ItemLabelAnchor.OUTSIDE10) {
            result = new Point2D.Double(x0, y5);
        }
        else if (anchor == ItemLabelAnchor.OUTSIDE11) {
            result = new Point2D.Double(x1, y6);
        }
        else if (anchor == ItemLabelAnchor.OUTSIDE12) {
            result = new Point2D.Double(x3, y6);
        }

        return result;

    }",Type-1,"protected Point2D calculateLabelAnchorPointExtracted(Rectangle2D bar, ItemLabelAnchor anchor) {
		Point2D result = null;
		double offset = getItemLabelAnchorOffset();
		double x0 = bar.getX() - offset;
		double x1 = bar.getX();
		double x2 = bar.getX() + offset;
		double x3 = bar.getCenterX();
		double x4 = bar.getMaxX() - offset;
		double x5 = bar.getMaxX();
		double x6 = bar.getMaxX() + offset;
		double y0 = bar.getMaxY() + offset;
		double y1 = bar.getMaxY();
		double y2 = bar.getMaxY() - offset;
		double y3 = bar.getCenterY();
		double y4 = bar.getMinY() + offset;
		double y5 = bar.getMinY();
		double y6 = bar.getMinY() - offset;
		if (anchor == ItemLabelAnchor.CENTER) {
			result = new Point2D.Double(x3, y3);
		} else if (anchor == ItemLabelAnchor.INSIDE1) {
			result = new Point2D.Double(x4, y4);
		} else if (anchor == ItemLabelAnchor.INSIDE2) {
			result = new Point2D.Double(x4, y4);
		} else if (anchor == ItemLabelAnchor.INSIDE3) {
			result = new Point2D.Double(x4, y3);
		} else if (anchor == ItemLabelAnchor.INSIDE4) {
			result = new Point2D.Double(x4, y2);
		} else if (anchor == ItemLabelAnchor.INSIDE5) {
			result = new Point2D.Double(x4, y2);
		} else if (anchor == ItemLabelAnchor.INSIDE6) {
			result = new Point2D.Double(x3, y2);
		} else if (anchor == ItemLabelAnchor.INSIDE7) {
			result = new Point2D.Double(x2, y2);
		} else if (anchor == ItemLabelAnchor.INSIDE8) {
			result = new Point2D.Double(x2, y2);
		} else if (anchor == ItemLabelAnchor.INSIDE9) {
			result = new Point2D.Double(x2, y3);
		} else if (anchor == ItemLabelAnchor.INSIDE10) {
			result = new Point2D.Double(x2, y4);
		} else if (anchor == ItemLabelAnchor.INSIDE11) {
			result = new Point2D.Double(x2, y4);
		} else if (anchor == ItemLabelAnchor.INSIDE12) {
			result = new Point2D.Double(x3, y4);
		} else if (anchor == ItemLabelAnchor.OUTSIDE1) {
			result = new Point2D.Double(x5, y6);
		} else if (anchor == ItemLabelAnchor.OUTSIDE2) {
			result = new Point2D.Double(x6, y5);
		} else if (anchor == ItemLabelAnchor.OUTSIDE3) {
			result = new Point2D.Double(x6, y3);
		} else if (anchor == ItemLabelAnchor.OUTSIDE4) {
			result = new Point2D.Double(x6, y1);
		} else if (anchor == ItemLabelAnchor.OUTSIDE5) {
			result = new Point2D.Double(x5, y0);
		} else if (anchor == ItemLabelAnchor.OUTSIDE6) {
			result = new Point2D.Double(x3, y0);
		} else if (anchor == ItemLabelAnchor.OUTSIDE7) {
			result = new Point2D.Double(x1, y0);
		} else if (anchor == ItemLabelAnchor.OUTSIDE8) {
			result = new Point2D.Double(x0, y1);
		} else if (anchor == ItemLabelAnchor.OUTSIDE9) {
			result = new Point2D.Double(x0, y3);
		} else if (anchor == ItemLabelAnchor.OUTSIDE10) {
			result = new Point2D.Double(x0, y5);
		} else if (anchor == ItemLabelAnchor.OUTSIDE11) {
			result = new Point2D.Double(x1, y6);
		} else if (anchor == ItemLabelAnchor.OUTSIDE12) {
			result = new Point2D.Double(x3, y6);
		}
		return result;
	}

  private Point2D calculateLabelAnchorPoint(ItemLabelAnchor anchor,
              Rectangle2D bar, PlotOrientation orientation) {

          return calculateLabelAnchorPointExtracted(bar, anchor);

      }

      private Point2D calculateLabelAnchorPoint_2(ItemLabelAnchor anchor,
                                                    Rectangle2D bar,
                                                    PlotOrientation orientation) {

              return calculateLabelAnchorPointExtracted(bar, anchor);

          }"
"public void drawBackground(Graphics2D g2, CategoryPlot plot,
                               Rectangle2D dataArea) {

        float x0 = (float) dataArea.getX();
        float x1 = x0 + (float) Math.abs(this.xOffset);
        float x3 = (float) dataArea.getMaxX();
        float x2 = x3 - (float) Math.abs(this.xOffset);

        float y0 = (float) dataArea.getMaxY();
        float y1 = y0 - (float) Math.abs(this.yOffset);
        float y3 = (float) dataArea.getMinY();
        float y2 = y3 + (float) Math.abs(this.yOffset);

        GeneralPath clip = new GeneralPath();
        clip.moveTo(x0, y0);
        clip.lineTo(x0, y2);
        clip.lineTo(x1, y3);
        clip.lineTo(x3, y3);
        clip.lineTo(x3, y1);
        clip.lineTo(x2, y0);
        clip.closePath();

        Composite originalComposite = g2.getComposite();
        g2.setComposite(AlphaComposite.getInstance(AlphaComposite.SRC_OVER,
                plot.getBackgroundAlpha()));

        // fill background...
        Paint backgroundPaint = plot.getBackgroundPaint();
        if (backgroundPaint != null) {
            g2.setPaint(backgroundPaint);
            g2.fill(clip);
        }

        GeneralPath leftWall = new GeneralPath();
        leftWall.moveTo(x0, y0);
        leftWall.lineTo(x0, y2);
        leftWall.lineTo(x1, y3);
        leftWall.lineTo(x1, y1);
        leftWall.closePath();
        g2.setPaint(getWallPaint());
        g2.fill(leftWall);

        GeneralPath bottomWall = new GeneralPath();
        bottomWall.moveTo(x0, y0);
        bottomWall.lineTo(x1, y1);
        bottomWall.lineTo(x3, y1);
        bottomWall.lineTo(x2, y0);
        bottomWall.closePath();
        g2.setPaint(getWallPaint());
        g2.fill(bottomWall);

        // highlight the background corners...
        g2.setPaint(Color.lightGray);
        Line2D corner = new Line2D.Double(x0, y0, x1, y1);
        g2.draw(corner);
        corner.setLine(x1, y1, x1, y3);
        g2.draw(corner);
        corner.setLine(x1, y1, x3, y1);
        g2.draw(corner);

        // draw background image, if there is one...
        Image backgroundImage = plot.getBackgroundImage();
        if (backgroundImage != null) {
            Rectangle2D adjusted = new Rectangle2D.Double(dataArea.getX()
                    + getXOffset(), dataArea.getY(),
                    dataArea.getWidth() - getXOffset(),
                    dataArea.getHeight() - getYOffset());
            plot.drawBackgroundImage(g2, adjusted);
        }

        g2.setComposite(originalComposite);

    }","public void drawBackground_2(Graphics2D g2, CategoryPlot plot,
                               Rectangle2D dataArea) {

        float x0 = (float) dataArea.getX();
        float x1 = x0 + (float) Math.abs(this.xOffset);
        float x3 = (float) dataArea.getMaxX();
        float x2 = x3 - (float) Math.abs(this.xOffset);

        float y0 = (float) dataArea.getMaxY();
        float y1 = y0 - (float) Math.abs(this.yOffset);
        float y3 = (float) dataArea.getMinY();
        float y2 = y3 + (float) Math.abs(this.yOffset);

        GeneralPath clip = new GeneralPath();
        clip.moveTo(x0, y0);
        clip.lineTo(x0, y2);
        clip.lineTo(x1, y3);
        clip.lineTo(x3, y3);
        clip.lineTo(x3, y1);
        clip.lineTo(x2, y0);
        clip.closePath();

        Composite originalComposite = g2.getComposite();
        g2.setComposite(AlphaComposite.getInstance(AlphaComposite.SRC_OVER,
                plot.getBackgroundAlpha()));

        // fill background...
        Paint backgroundPaint = plot.getBackgroundPaint();
        if (backgroundPaint != null) {
            g2.setPaint(backgroundPaint);
            g2.fill(clip);
        }

        GeneralPath leftWall = new GeneralPath();
        leftWall.moveTo(x0, y0);
        leftWall.lineTo(x0, y2);
        leftWall.lineTo(x1, y3);
        leftWall.lineTo(x1, y1);
        leftWall.closePath();
        g2.setPaint(getWallPaint());
        g2.fill(leftWall);

        GeneralPath bottomWall = new GeneralPath();
        bottomWall.moveTo(x0, y0);
        bottomWall.lineTo(x1, y1);
        bottomWall.lineTo(x3, y1);
        bottomWall.lineTo(x2, y0);
        bottomWall.closePath();
        g2.setPaint(getWallPaint());
        g2.fill(bottomWall);

        // higlight the background corners...
        g2.setPaint(Color.lightGray);
        Line2D corner = new Line2D.Double(x0, y0, x1, y1);
        g2.draw(corner);
        corner.setLine(x1, y1, x1, y3);
        g2.draw(corner);
        corner.setLine(x1, y1, x3, y1);
        g2.draw(corner);

        // draw background image, if there is one...
        Image backgroundImage = plot.getBackgroundImage();
        if (backgroundImage != null) {
            Rectangle2D adjusted = new Rectangle2D.Double(dataArea.getX()
                    + getXOffset(), dataArea.getY(),
                    dataArea.getWidth() - getXOffset(),
                    dataArea.getHeight() - getYOffset());
            plot.drawBackgroundImage(g2, adjusted);
        }

        g2.setComposite(originalComposite);

    }",Type-1,"protected void drawBackgroundExtracted(Rectangle2D dataArea, Graphics2D g2, CategoryPlot plot, double thisXOffset,
			double thisYOffset) {
		float x0 = (float) dataArea.getX();
		float x1 = x0 + (float) Math.abs(thisXOffset);
		float x3 = (float) dataArea.getMaxX();
		float x2 = x3 - (float) Math.abs(thisXOffset);
		float y0 = (float) dataArea.getMaxY();
		float y1 = y0 - (float) Math.abs(thisYOffset);
		float y3 = (float) dataArea.getMinY();
		float y2 = y3 + (float) Math.abs(thisYOffset);
		GeneralPath clip = new GeneralPath();
		clip.moveTo(x0, y0);
		clip.lineTo(x0, y2);
		clip.lineTo(x1, y3);
		clip.lineTo(x3, y3);
		clip.lineTo(x3, y1);
		clip.lineTo(x2, y0);
		clip.closePath();
		Composite originalComposite = g2.getComposite();
		g2.setComposite(AlphaComposite.getInstance(AlphaComposite.SRC_OVER, plot.getBackgroundAlpha()));
		Paint backgroundPaint = plot.getBackgroundPaint();
		if (backgroundPaint != null) {
			g2.setPaint(backgroundPaint);
			g2.fill(clip);
		}
		GeneralPath leftWall = new GeneralPath();
		leftWall.moveTo(x0, y0);
		leftWall.lineTo(x0, y2);
		leftWall.lineTo(x1, y3);
		leftWall.lineTo(x1, y1);
		leftWall.closePath();
		g2.setPaint(getWallPaint());
		g2.fill(leftWall);
		GeneralPath bottomWall = new GeneralPath();
		bottomWall.moveTo(x0, y0);
		bottomWall.lineTo(x1, y1);
		bottomWall.lineTo(x3, y1);
		bottomWall.lineTo(x2, y0);
		bottomWall.closePath();
		g2.setPaint(getWallPaint());
		g2.fill(bottomWall);
		g2.setPaint(Color.lightGray);
		Line2D corner = new Line2D.Double(x0, y0, x1, y1);
		g2.draw(corner);
		corner.setLine(x1, y1, x1, y3);
		g2.draw(corner);
		corner.setLine(x1, y1, x3, y1);
		g2.draw(corner);
		Image backgroundImage = plot.getBackgroundImage();
		if (backgroundImage != null) {
			Rectangle2D adjusted = new Rectangle2D.Double(dataArea.getX() + getXOffset(), dataArea.getY(),
					dataArea.getWidth() - getXOffset(), dataArea.getHeight() - getYOffset());
			plot.drawBackgroundImage(g2, adjusted);
		}
		g2.setComposite(originalComposite);
		return;
	}

  public void drawBackground(Graphics2D g2, CategoryPlot plot,
                                 Rectangle2D dataArea) {

          drawBackgroundExtracted(dataArea, g2, plot, this.xOffset, this.yOffset);

      }

      public void drawBackground_2(Graphics2D g2, CategoryPlot plot,
                                     Rectangle2D dataArea) {

              drawBackgroundExtracted(dataArea, g2, plot, this.xOffset, this.yOffset);

          }"
"    public LegendItem getLegendItem(int datasetIndex, int series) {

        // if there is no plot, there is no dataset to access...
        CategoryPlot cp = getPlot();
        if (cp == null) {
            return null;
        }

        // check that a legend item needs to be displayed...
        if (!isSeriesVisible(series) || !isSeriesVisibleInLegend(series)) {
            return null;
        }

        CategoryDataset dataset = cp.getDataset(datasetIndex);
        String label = getLegendItemLabelGenerator().generateLabel(dataset,
                series);
        String description = label;
        String toolTipText = null;
        if (getLegendItemToolTipGenerator() != null) {
            toolTipText = getLegendItemToolTipGenerator().generateLabel(
                    dataset, series);
        }
        String urlText = null;
        if (getLegendItemURLGenerator() != null) {
            urlText = getLegendItemURLGenerator().generateLabel(dataset,
                    series);
        }
        Shape shape = new Rectangle2D.Double(-4.0, -4.0, 8.0, 8.0);
        Paint paint = lookupSeriesPaint(series);
        Paint outlinePaint = lookupSeriesOutlinePaint(series);
        Stroke outlineStroke = lookupSeriesOutlineStroke(series);

        LegendItem result = new LegendItem(label, description, toolTipText,
                urlText, shape, paint, outlineStroke, outlinePaint);
        result.setDataset(dataset);
        result.setDatasetIndex(datasetIndex);
        result.setSeriesKey(dataset.getRowKey(series));
        result.setSeriesIndex(series);
        return result;

    }","public LegendItem getLegendItem_2(int datasetIndex, int series) {

    CategoryPlot cp = getPlot();
    if (cp == null) {
        return null;
    }

    // check that a legend item needs to be displayed...
    if (!isSeriesVisible(series) || !isSeriesVisibleInLegend(series)) {
        return null;
    }

    CategoryDataset dataset = cp.getDataset(datasetIndex);
    String label = getLegendItemLabelGenerator().generateLabel(dataset,
            series);
    String description = label;
    String toolTipText = null;
    if (getLegendItemToolTipGenerator() != null) {
        toolTipText = getLegendItemToolTipGenerator().generateLabel(
                dataset, series);
    }
    String urlText = null;
    if (getLegendItemURLGenerator() != null) {
        urlText = getLegendItemURLGenerator().generateLabel(dataset,
                series);
    }
    Shape shape = new Rectangle2D.Double(-4.0, -4.0, 8.0, 8.0);
    Paint paint = lookupSeriesPaint(series);
    Paint outlinePaint = lookupSeriesOutlinePaint(series);
    Stroke outlineStroke = lookupSeriesOutlineStroke(series);
    LegendItem result = new LegendItem(label, description, toolTipText,
            urlText, shape, paint, outlineStroke, outlinePaint);
    result.setDataset(dataset);
    result.setDatasetIndex(datasetIndex);
    result.setSeriesKey(dataset.getRowKey(series));
    result.setSeriesIndex(series);
    return result;

}",Type-1,"protected LegendItem getLegendItemExtracted(int series, int datasetIndex) {
		CategoryPlot cp = getPlot();
		if (cp == null) {
			return null;
		}
		if (!isSeriesVisible(series) || !isSeriesVisibleInLegend(series)) {
			return null;
		}
		CategoryDataset dataset = cp.getDataset(datasetIndex);
		String label = getLegendItemLabelGenerator().generateLabel(dataset, series);
		String description = label;
		String toolTipText = null;
		if (getLegendItemToolTipGenerator() != null) {
			toolTipText = getLegendItemToolTipGenerator().generateLabel(dataset, series);
		}
		String urlText = null;
		if (getLegendItemURLGenerator() != null) {
			urlText = getLegendItemURLGenerator().generateLabel(dataset, series);
		}
		Shape shape = new Rectangle2D.Double(-4.0, -4.0, 8.0, 8.0);
		Paint paint = lookupSeriesPaint(series);
		Paint outlinePaint = lookupSeriesOutlinePaint(series);
		Stroke outlineStroke = lookupSeriesOutlineStroke(series);
		LegendItem result = new LegendItem(label, description, toolTipText, urlText, shape, paint, outlineStroke,
				outlinePaint);
		result.setDataset(dataset);
		result.setDatasetIndex(datasetIndex);
		result.setSeriesKey(dataset.getRowKey(series));
		result.setSeriesIndex(series);
		return result;
	}

  public LegendItem getLegendItem(int datasetIndex, int series) {

          return getLegendItemExtracted(series, datasetIndex);

      }

      public LegendItem getLegendItem_2(int datasetIndex, int series) {

            return getLegendItemExtracted(series, datasetIndex);

        }"
"public boolean equals(Object obj) {
        if (obj == this) {
            return true;
        }
        if (!(obj instanceof PieDataset)) {
            return false;
        }
        PieDataset that = (PieDataset) obj;
        int count = getItemCount();
        if (that.getItemCount() != count) {
            return false;
        }
        for (int i = 0; i < count; i++) {
            Comparable k1 = getKey(i);
            Comparable k2 = that.getKey(i);
            if (!k1.equals(k2)) {
                return false;
            }

            Number v1 = getValue(i);
            Number v2 = that.getValue(i);
            if (v1 == null) {
                if (v2 != null) {
                    return false;
                }
            }
            else {
                if (!v1.equals(v2)) {
                    return false;
                }
            }
        }
        return true;
    }","public boolean equals_2(Object obj) {
        if (obj == this) {
            return true;
        }

        if (!(obj instanceof PieDataset)) {
            return false;
        }
        PieDataset that = (PieDataset) obj;
        int count = getItemCount();
        if (that.getItemCount() != count) {
            return false;
        }

        for (int i = 0; i < count; i++) {
            Comparable k1 = getKey(i);
            Comparable k2 = that.getKey(i);
            if (!k1.equals(k2)) {
                return false;
            }

            Number v1 = getValue(i);
            Number v2 = that.getValue(i);
            if (v1 == null) {
                if (v2 != null) {
                    return false;
                }
            }
            else {
                if (!v1.equals(v2)) {
                    return false;
                }
            }
        }
        return true;

    }",Type-1,"protected boolean equalsExtracted(Object obj) {
		if (obj == this) {
			return true;
		}
		if (!(obj instanceof PieDataset)) {
			return false;
		}
		PieDataset that = (PieDataset) obj;
		int count = getItemCount();
		if (that.getItemCount() != count) {
			return false;
		}
		for (int i = 0; i < count; i++) {
			Comparable k1 = getKey(i);
			Comparable k2 = that.getKey(i);
			if (!k1.equals(k2)) {
				return false;
			}
			Number v1 = getValue(i);
			Number v2 = that.getValue(i);
			if (v1 == null) {
				if (v2 != null) {
					return false;
				}
			} else {
				if (!v1.equals(v2)) {
					return false;
				}
			}
		}
		return true;
	}

  public boolean equals(Object obj) {
          return equalsExtracted(obj);

      }

      public boolean equals_2(Object obj) {
            return equalsExtracted(obj);
        }"
"protected Object[] createItemArray(XYZDataset dataset,
                                       int series, int item) {

        Object[] result = new Object[4];
        result[0] = dataset.getSeriesKey(series).toString();

        Number x = dataset.getX(series, item);
        DateFormat xf = getXDateFormat();
        if (xf != null) {
            result[1] = xf.format(x);
        }
        else {
            result[1] = getXFormat().format(x);
        }

        Number y = dataset.getY(series, item);
        DateFormat yf = getYDateFormat();
        if (yf != null) {
            result[2] = yf.format(y);
        }
        else {
            result[2] = getYFormat().format(y);
        }

        Number z = dataset.getZ(series, item);
        if (this.zDateFormat != null) {
            result[3] = this.zDateFormat.format(z);
        }
        else {
            result[3] = this.zFormat.format(z);
        }

        return result;

    }","protected Object[] createItemArray_2(XYZDataset dataset, 
                                       int series, int item) {

        Object[] result = new Object[4];
        result[0] = dataset.getSeriesKey(series).toString();
        
        Number x = dataset.getX(series, item);
        DateFormat xf = getXDateFormat();
        if (xf != null) {
            result[1] = xf.format(x);   
        }
        else {
            result[1] = getXFormat().format(x);
        }
        
        Number y = dataset.getY(series, item);
        DateFormat yf = getYDateFormat();
        if (yf != null) {
            result[2] = yf.format(y);
        }
        else {
            result[2] = getYFormat().format(y);
        }
        
        Number z = dataset.getZ(series, item);
        if (this.zDateFormat != null) {
            result[3] = this.zDateFormat.format(z);   
        }
        else {
            result[3] = this.zFormat.format(z);   
        }
        
        return result;
        
    }",Type-1,"protected Object[] createItemArrayExtracted(XYZDataset dataset, int series, int item, DateFormat thisZDateFormat,
			NumberFormat thisZFormat) {
		Object[] result = new Object[4];
		result[0] = dataset.getSeriesKey(series).toString();
		Number x = dataset.getX(series, item);
		DateFormat xf = getXDateFormat();
		if (xf != null) {
			result[1] = xf.format(x);
		} else {
			result[1] = getXFormat().format(x);
		}
		Number y = dataset.getY(series, item);
		DateFormat yf = getYDateFormat();
		if (yf != null) {
			result[2] = yf.format(y);
		} else {
			result[2] = getYFormat().format(y);
		}
		Number z = dataset.getZ(series, item);
		if (thisZDateFormat != null) {
			result[3] = thisZDateFormat.format(z);
		} else {
			result[3] = thisZFormat.format(z);
		}
		return result;
	}

  protected Object[] createItemArray(XYZDataset dataset, 
                                         int series, int item) {

          return createItemArrayExtracted(dataset, series, item, this.zDateFormat,
  												this.zFormat);
          
      }

      protected Object[] createItemArray_2(XYZDataset dataset, 
                                             int series, int item) {

              return createItemArrayExtracted(dataset, series, item, this.zDateFormat,
      												this.zFormat);
              
          }"
"protected double calculateBarW0(CategoryPlot plot,
                                    PlotOrientation orientation,
                                    Rectangle2D dataArea,
                                    CategoryAxis domainAxis,
                                    CategoryItemRendererState state,
                                    int row,
                                    int column) {
        // calculate bar width...
        double space = 0.0;
        if (orientation == PlotOrientation.HORIZONTAL) {
            space = dataArea.getHeight();
        }
        else {
            space = dataArea.getWidth();
        }
        double barW0 = domainAxis.getCategoryStart(column, getColumnCount(),
                dataArea, plot.getDomainAxisEdge());
        int seriesCount = getRowCount();
        int categoryCount = getColumnCount();
        if (seriesCount > 1) {
            double seriesGap = space * getItemMargin()
                               / (categoryCount * (seriesCount - 1));
            double seriesW = calculateSeriesWidth(space, domainAxis,
                    categoryCount, seriesCount);
            barW0 = barW0 + row * (seriesW + seriesGap)
                          + (seriesW / 2.0) - (state.getBarWidth() / 2.0);
        }
        else {
            barW0 = domainAxis.getCategoryMiddle(column, getColumnCount(),
                    dataArea, plot.getDomainAxisEdge()) - state.getBarWidth()
                    / 2.0;
        }
        return barW0;
    }","protected double calculateBarW0_2(CategoryPlot plot,
                                    PlotOrientation orientation,
                                    Rectangle2D dataArea,
                                    CategoryAxis domainAxis,
                                    CategoryItemRendererState state,
                                    int row,
                                    int column) {
        // calculate bar width...
        double space = 0.0;
        if (orientation == PlotOrientation.HORIZONTAL) {
            space = dataArea.getHeight();
        }
        else {
            space = dataArea.getWidth();
        }
        double barW0 = domainAxis.getCategoryStart(column, getColumnCount(),
                dataArea, plot.getDomainAxisEdge());
        int seriesCount = getRowCount();
        int categoryCount = getColumnCount();
        if (seriesCount > 1) {
            double seriesGap = space * getItemMargin()
                    / (categoryCount * (seriesCount - 1));
            double seriesW = calculateSeriesWidth(space, domainAxis,
                    categoryCount, seriesCount);
            barW0 = barW0 + row * (seriesW + seriesGap)
                          + (seriesW / 2.0) - (state.getBarWidth() / 2.0);
        }
        else {
            barW0 = domainAxis.getCategoryMiddle(column, getColumnCount(),
                    dataArea, plot.getDomainAxisEdge()) - state.getBarWidth()
                    / 2.0;
        }
        return barW0;
    }",Type-1,"protected double calculateBarW0Extracted(PlotOrientation orientation, Rectangle2D dataArea, CategoryPlot plot,
			CategoryAxis domainAxis, int column, CategoryItemRendererState state, int row) {
		double space = 0.0;
		if (orientation == PlotOrientation.HORIZONTAL) {
			space = dataArea.getHeight();
		} else {
			space = dataArea.getWidth();
		}
		double barW0 = domainAxis.getCategoryStart(column, getColumnCount(), dataArea, plot.getDomainAxisEdge());
		int seriesCount = getRowCount();
		int categoryCount = getColumnCount();
		if (seriesCount > 1) {
			double seriesGap = space * getItemMargin() / (categoryCount * (seriesCount - 1));
			double seriesW = calculateSeriesWidth(space, domainAxis, categoryCount, seriesCount);
			barW0 = barW0 + row * (seriesW + seriesGap) + (seriesW / 2.0) - (state.getBarWidth() / 2.0);
		} else {
			barW0 = domainAxis.getCategoryMiddle(column, getColumnCount(), dataArea, plot.getDomainAxisEdge())
					- state.getBarWidth() / 2.0;
		}
		return barW0;
	}


  protected double calculateBarW0(CategoryPlot plot,
                                      PlotOrientation orientation,
                                      Rectangle2D dataArea,
                                      CategoryAxis domainAxis,
                                      CategoryItemRendererState state,
                                      int row,
                                      int column) {
          return calculateBarW0Extracted(orientation, dataArea, plot, domainAxis, column,
  												state, row);
      }

      protected double calculateBarW0_2(CategoryPlot plot,
                                          PlotOrientation orientation,
                                          Rectangle2D dataArea,
                                          CategoryAxis domainAxis,
                                          CategoryItemRendererState state,
                                          int row,
                                          int column) {
              return calculateBarW0Extracted(orientation, dataArea, plot, domainAxis, column,
      												state, row);
          }"
"public LegendItem getLegendItem(int datasetIndex, int series) {
        LegendItem result = null;
        XYPlot xyplot = getPlot();
        if (xyplot != null) {
            XYDataset dataset = xyplot.getDataset(datasetIndex);
            if (dataset != null) {
                XYSeriesLabelGenerator lg = getLegendItemLabelGenerator();
                String label = lg.generateLabel(dataset, series);
                String description = label;
                String toolTipText = null;
                if (getLegendItemToolTipGenerator() != null) {
                    toolTipText = getLegendItemToolTipGenerator().generateLabel(
                            dataset, series);
                }
                String urlText = null;
                if (getLegendItemURLGenerator() != null) {
                    urlText = getLegendItemURLGenerator().generateLabel(
                            dataset, series);
                }
                Paint paint = lookupSeriesPaint(series);
                result = new LegendItem(label, description, toolTipText, 
                        urlText, this.legendArea, paint);
                result.setDataset(dataset);
                result.setDatasetIndex(datasetIndex);
                result.setSeriesKey(dataset.getSeriesKey(series));
                result.setSeriesIndex(series);
            }
        }
        return result;
    }","public LegendItem getLegendItem_2(int datasetIndex, int series) {
        LegendItem result = null;
        XYPlot xyplot = getPlot();
        if (xyplot != null) {
            XYDataset dataset = xyplot.getDataset(datasetIndex);
            if (dataset != null) {
                XYSeriesLabelGenerator lg = getLegendItemLabelGenerator();
                String label = lg.generateLabel(dataset, series);
                String description = label;
                String toolTipText = null;
                if (getLegendItemToolTipGenerator() != null) {
                    toolTipText = getLegendItemToolTipGenerator().generateLabel(
                            dataset, series);
                }
                String urlText = null;
                if (getLegendItemURLGenerator() != null) {
                    urlText = getLegendItemURLGenerator().generateLabel(
                            dataset, series);
                }
                Paint paint = lookupSeriesPaint(series);
                result = new LegendItem(label, description, toolTipText, 
                        urlText, this.legendArea, paint);
                result.setDataset(dataset);
                result.setDatasetIndex(datasetIndex);
                result.setSeriesKey(dataset.getSeriesKey(series));
                result.setSeriesIndex(series);
            }
        }
        return result;
    }",Type-1,"protected LegendItem getLegendItemExtracted(int datasetIndex, int series) {
		LegendItem result = null;
		XYPlot xyplot = getPlot();
		if (xyplot != null) {
			XYDataset dataset = xyplot.getDataset(datasetIndex);
			if (dataset != null) {
				XYSeriesLabelGenerator lg = getLegendItemLabelGenerator();
				String label = lg.generateLabel(dataset, series);
				String description = label;
				String toolTipText = null;
				if (getLegendItemToolTipGenerator() != null) {
					toolTipText = getLegendItemToolTipGenerator().generateLabel(dataset, series);
				}
				String urlText = null;
				if (getLegendItemURLGenerator() != null) {
					urlText = getLegendItemURLGenerator().generateLabel(dataset, series);
				}
				Paint paint = lookupSeriesPaint(series);
				result = new LegendItem(label, description, toolTipText, urlText, this.legendArea, paint);
				result.setDataset(dataset);
				result.setDatasetIndex(datasetIndex);
				result.setSeriesKey(dataset.getSeriesKey(series));
				result.setSeriesIndex(series);
			}
		}
		return result;
	}

  public LegendItem getLegendItem(int datasetIndex, int series) {
          return getLegendItemExtracted(datasetIndex, series);
      }


      public LegendItem getLegendItem_2(int datasetIndex, int series) {
              return getLegendItemExtracted(datasetIndex, series);
          }"
"public void drawOutline(Graphics2D g2, CategoryPlot plot,
                            Rectangle2D dataArea) {

        float x0 = (float) dataArea.getX();
        float x1 = x0 + (float) Math.abs(this.xOffset);
        float x3 = (float) dataArea.getMaxX();
        float x2 = x3 - (float) Math.abs(this.xOffset);

        float y0 = (float) dataArea.getMaxY();
        float y1 = y0 - (float) Math.abs(this.yOffset);
        float y3 = (float) dataArea.getMinY();
        float y2 = y3 + (float) Math.abs(this.yOffset);

        GeneralPath clip = new GeneralPath();
        clip.moveTo(x0, y0);
        clip.lineTo(x0, y2);
        clip.lineTo(x1, y3);
        clip.lineTo(x3, y3);
        clip.lineTo(x3, y1);
        clip.lineTo(x2, y0);
        clip.closePath();

        // put an outline around the data area...
        Stroke outlineStroke = plot.getOutlineStroke();
        Paint outlinePaint = plot.getOutlinePaint();
        if ((outlineStroke != null) && (outlinePaint != null)) {
            g2.setStroke(outlineStroke);
            g2.setPaint(outlinePaint);
            g2.draw(clip);
        }

    }","public void drawOutline_2(Graphics2D g2, CategoryPlot plot,
                            Rectangle2D dataArea) {

        float x0 = (float) dataArea.getX();
        float x1 = x0 + (float) Math.abs(this.xOffset);
        float x3 = (float) dataArea.getMaxX();
        float x2 = x3 - (float) Math.abs(this.xOffset);

        float y0 = (float) dataArea.getMaxY();
        float y1 = y0 - (float) Math.abs(this.yOffset);
        float y3 = (float) dataArea.getMinY();
        float y2 = y3 + (float) Math.abs(this.yOffset);

        GeneralPath clip = new GeneralPath();
        clip.moveTo(x0, y0);
        clip.lineTo(x0, y2);
        clip.lineTo(x1, y3);
        clip.lineTo(x3, y3);
        clip.lineTo(x3, y1);
        clip.lineTo(x2, y0);
        clip.closePath();

        // put an outline around the data area...
        Stroke outlineStroke = plot.getOutlineStroke();
        Paint outlinePaint = plot.getOutlinePaint();
        if ((outlineStroke != null) && (outlinePaint != null)) {
            g2.setStroke(outlineStroke);
            g2.setPaint(outlinePaint);
            g2.draw(clip);
        }

    }",Type-1,"protected void drawOutlineExtracted(Rectangle2D dataArea, CategoryPlot plot, Graphics2D g2, double thisXOffset,
			double thisYOffset) {
		float x0 = (float) dataArea.getX();
		float x1 = x0 + (float) Math.abs(thisXOffset);
		float x3 = (float) dataArea.getMaxX();
		float x2 = x3 - (float) Math.abs(thisXOffset);
		float y0 = (float) dataArea.getMaxY();
		float y1 = y0 - (float) Math.abs(thisYOffset);
		float y3 = (float) dataArea.getMinY();
		float y2 = y3 + (float) Math.abs(thisYOffset);
		GeneralPath clip = new GeneralPath();
		clip.moveTo(x0, y0);
		clip.lineTo(x0, y2);
		clip.lineTo(x1, y3);
		clip.lineTo(x3, y3);
		clip.lineTo(x3, y1);
		clip.lineTo(x2, y0);
		clip.closePath();
		Stroke outlineStroke = plot.getOutlineStroke();
		Paint outlinePaint = plot.getOutlinePaint();
		if ((outlineStroke != null) && (outlinePaint != null)) {
			g2.setStroke(outlineStroke);
			g2.setPaint(outlinePaint);
			g2.draw(clip);
		}
		return;
	}

  public void drawOutline(Graphics2D g2, CategoryPlot plot,
                              Rectangle2D dataArea) {

          drawOutlineExtracted(dataArea, plot, g2, this.xOffset, this.yOffset);

      }


      public void drawOutline_2(Graphics2D g2, CategoryPlot plot,
                                  Rectangle2D dataArea) {

              drawOutlineExtracted(dataArea, plot, g2, this.xOffset, this.yOffset);

          }"
"protected Object[] createItemArray(CategoryDataset dataset, 
                                       int row, int column) {
        Object[] result = new Object[5];
        result[0] = dataset.getRowKey(row).toString();
        result[1] = dataset.getColumnKey(column).toString();
        Number value = dataset.getValue(row, column);
        if (getNumberFormat() != null) {
            result[2] = getNumberFormat().format(value);  
        }
        else if (getDateFormat() != null) {
            result[2] = getDateFormat().format(value);
        }
        
        if (dataset instanceof IntervalCategoryDataset) {
            IntervalCategoryDataset icd = (IntervalCategoryDataset) dataset;
            Number start = icd.getStartValue(row, column);
            Number end = icd.getEndValue(row, column);
            if (getNumberFormat() != null) {
                result[3] = getNumberFormat().format(start);  
                result[4] = getNumberFormat().format(end);  
            }
            else if (getDateFormat() != null) {
                result[3] = getDateFormat().format(start);
                result[4] = getDateFormat().format(end);
            }
        }
        return result;
    }","protected Object[] createItemArray_2(CategoryDataset dataset, 
                                       int row, int column) {
        Object[] result = new Object[5];
        result[0] = dataset.getRowKey(row).toString();
        result[1] = dataset.getColumnKey(column).toString();
        Number value = dataset.getValue(row, column);
        if (getNumberFormat() != null) {
            result[2] = getNumberFormat().format(value);  
        }
        else if (getDateFormat() != null) {
            result[2] = getDateFormat().format(value);
        }
        
        if (dataset instanceof IntervalCategoryDataset) {
            IntervalCategoryDataset icd = (IntervalCategoryDataset) dataset;
            Number start = icd.getStartValue(row, column);
            Number end = icd.getEndValue(row, column);
            if (getNumberFormat() != null) {
                result[3] = getNumberFormat().format(start);  
                result[4] = getNumberFormat().format(end);  
            }
            else if (getDateFormat() != null) {
                result[3] = getDateFormat().format(start);
                result[4] = getDateFormat().format(end);
            }
        }
        return result;
    }",Type-1,"protected Object[] createItemArrayExtracted(CategoryDataset dataset, int row, int column) {
		Object[] result = new Object[5];
		result[0] = dataset.getRowKey(row).toString();
		result[1] = dataset.getColumnKey(column).toString();
		Number value = dataset.getValue(row, column);
		if (getNumberFormat() != null) {
			result[2] = getNumberFormat().format(value);
		} else if (getDateFormat() != null) {
			result[2] = getDateFormat().format(value);
		}
		if (dataset instanceof IntervalCategoryDataset) {
			IntervalCategoryDataset icd = (IntervalCategoryDataset) dataset;
			Number start = icd.getStartValue(row, column);
			Number end = icd.getEndValue(row, column);
			if (getNumberFormat() != null) {
				result[3] = getNumberFormat().format(start);
				result[4] = getNumberFormat().format(end);
			} else if (getDateFormat() != null) {
				result[3] = getDateFormat().format(start);
				result[4] = getDateFormat().format(end);
			}
		}
		return result;
	}

  protected Object[] createItemArray(CategoryDataset dataset, 
                                        int row, int column) {
         return createItemArrayExtracted(dataset, row, column);
     }

  protected Object[] createItemArray_2(CategoryDataset dataset, 
                                        int row, int column) {
         return createItemArrayExtracted(dataset, row, column);
     }"
"public void addRangeMarker(int index, Marker marker, Layer layer,
            boolean notify) {
        Collection markers;
        if (layer == Layer.FOREGROUND) {
            markers = (Collection) this.foregroundRangeMarkers.get(
                    new Integer(index));
            if (markers == null) {
                markers = new java.util.ArrayList();
                this.foregroundRangeMarkers.put(new Integer(index), markers);
            }
            markers.add(marker);
        }
        else if (layer == Layer.BACKGROUND) {
            markers = (Collection) this.backgroundRangeMarkers.get(
                    new Integer(index));
            if (markers == null) {
                markers = new java.util.ArrayList();
                this.backgroundRangeMarkers.put(new Integer(index), markers);
            }
            markers.add(marker);
        }
        marker.addChangeListener(this);
        if (notify) {
            fireChangeEvent();
        }
    }","public void addRangeMarker_2(int index, Marker marker, Layer layer,
            boolean notify) {
        Collection markers;
        if (layer == Layer.FOREGROUND) {
            markers = (Collection) this.foregroundRangeMarkers.get(
                    new Integer(index));
            if (markers == null) {
                markers = new java.util.ArrayList();
                this.foregroundRangeMarkers.put(new Integer(index), markers);
            }
            markers.add(marker);
        }
        else if (layer == Layer.BACKGROUND) {
            markers = (Collection) this.backgroundRangeMarkers.get(
                    new Integer(index));
            if (markers == null) {
                markers = new java.util.ArrayList();
                this.backgroundRangeMarkers.put(new Integer(index), markers);
            }
            markers.add(marker);
        }
        marker.addChangeListener(this);
        if (notify) {
            fireChangeEvent();
        }
    }",Type-1,"protected void addRangeMarkerExtracted(Layer layer, int index, Marker marker, boolean notify,
			Map thisForegroundRangeMarkers, Map thisBackgroundRangeMarkers) {
		Collection markers;
		if (layer == Layer.FOREGROUND) {
			markers = (Collection) thisForegroundRangeMarkers.get(new Integer(index));
			if (markers == null) {
				markers = new java.util.ArrayList();
				thisForegroundRangeMarkers.put(new Integer(index), markers);
			}
			markers.add(marker);
		} else if (layer == Layer.BACKGROUND) {
			markers = (Collection) thisBackgroundRangeMarkers.get(new Integer(index));
			if (markers == null) {
				markers = new java.util.ArrayList();
				thisBackgroundRangeMarkers.put(new Integer(index), markers);
			}
			markers.add(marker);
		}
		marker.addChangeListener(this);
		if (notify) {
			fireChangeEvent();
		}
		return;
	}

  public void addRangeMarker(int index, Marker marker, Layer layer,
            boolean notify) {
        addRangeMarkerExtracted(layer, index, marker, notify, this.foregroundRangeMarkers,
						this.backgroundRangeMarkers);
    }

  public void addRangeMarker_2(int index, Marker marker, Layer layer,
              boolean notify) {
          addRangeMarkerExtracted(layer, index, marker, notify, this.foregroundRangeMarkers,
  						this.backgroundRangeMarkers);
      }"
"public boolean removeRangeMarker(int index, Marker marker, Layer layer,
            boolean notify) {
        if (marker == null) {
            throw new IllegalArgumentException(""Null 'marker' argument."");
        }
        ArrayList markers;
        if (layer == Layer.FOREGROUND) {
            markers = (ArrayList) this.foregroundRangeMarkers.get(new Integer(
                    index));
        }
        else {
            markers = (ArrayList) this.backgroundRangeMarkers.get(new Integer(
                    index));
        }
        if (markers == null) {
            return false;
        }
        boolean removed = markers.remove(marker);
        if (removed && notify) {
            fireChangeEvent();
        }
        return removed;
    }","public boolean removeRangeMarker_2(int index, Marker marker, Layer layer,
            boolean notify) {
        if (marker == null) {
            throw new IllegalArgumentException(""Null 'marker' argument."");
        }
        ArrayList markers;
        if (layer == Layer.FOREGROUND) {
            markers = (ArrayList) this.foregroundRangeMarkers.get(new Integer(
                    index));
        }
        else {
            markers = (ArrayList) this.backgroundRangeMarkers.get(new Integer(
                    index));
        }
        if (markers == null) {
            return false;
        }
        boolean removed = markers.remove(marker);
        if (removed && notify) {
            fireChangeEvent();
        }
        return removed;
    }",Type-1,"protected boolean removeRangeMarkerExtracted(Marker marker, Layer layer, int index, boolean notify,
			Map thisForegroundRangeMarkers, Map thisBackgroundRangeMarkers) {
		if (marker == null) {
			throw new IllegalArgumentException(""Null 'marker' argument."");
		}
		ArrayList markers;
		if (layer == Layer.FOREGROUND) {
			markers = (ArrayList) thisForegroundRangeMarkers.get(new Integer(index));
		} else {
			markers = (ArrayList) thisBackgroundRangeMarkers.get(new Integer(index));
		}
		if (markers == null) {
			return false;
		}
		boolean removed = markers.remove(marker);
		if (removed && notify) {
			fireChangeEvent();
		}
		return removed;
	}

  public boolean removeRangeMarker(int index, Marker marker, Layer layer,
            boolean notify) {
        return removeRangeMarkerExtracted(marker, layer, index, notify, this.foregroundRangeMarkers,
						this.backgroundRangeMarkers);
    }


  public boolean removeRangeMarker_2(int index, Marker marker, Layer layer,
              boolean notify) {
          return removeRangeMarkerExtracted(marker, layer, index, notify, this.foregroundRangeMarkers,
  						this.backgroundRangeMarkers);
      }"
"public void zoomRangeAxes(double factor, PlotRenderingInfo info,
                              Point2D source, boolean useAnchor) {

        // perform the zoom on each range axis
        for (int i = 0; i < this.rangeAxes.size(); i++) {
            ValueAxis rangeAxis = (ValueAxis) this.rangeAxes.get(i);
            if (rangeAxis != null) {
                if (useAnchor) {
                    // get the relevant source coordinate given the plot
                    // orientation
                    double sourceY = source.getY();
                    if (this.orientation == PlotOrientation.HORIZONTAL) {
                        sourceY = source.getX();
                    }
                    double anchorY = rangeAxis.java2DToValue(sourceY,
                            info.getDataArea(), getRangeAxisEdge());
                    rangeAxis.resizeRange(factor, anchorY);
                }
                else {
                    rangeAxis.resizeRange(factor);
                }
            }
        }
    }","public void zoomRangeAxes_2(double factor, PlotRenderingInfo info,
                              Point2D source, boolean useAnchor) {

        // perform the zoom on each range axis
        for (int i = 0; i < this.rangeAxes.size(); i++) {
            ValueAxis rangeAxis = (ValueAxis) this.rangeAxes.get(i);
            if (rangeAxis != null) {
                if (useAnchor) {
                    // get the relevant source coordinate given the plot
                    // orientation
                    double sourceY = source.getY();
                    if (this.orientation == PlotOrientation.HORIZONTAL) {
                        sourceY = source.getX();
                    }
                    double anchorY = rangeAxis.java2DToValue(sourceY,
                            info.getDataArea(), getRangeAxisEdge());
                    rangeAxis.resizeRange(factor, anchorY);
                }
                else {
                    rangeAxis.resizeRange(factor);
                }
            }
        }
    }",Type-1,"protected void zoomRangeAxesExtracted(boolean useAnchor, Point2D source, PlotRenderingInfo info, double factor,
			ObjectList thisRangeAxes, PlotOrientation thisOrientation) {
		for (int i = 0; i < thisRangeAxes.size(); i++) {
			ValueAxis rangeAxis = (ValueAxis) thisRangeAxes.get(i);
			if (rangeAxis != null) {
				if (useAnchor) {
					double sourceY = source.getY();
					if (thisOrientation == PlotOrientation.HORIZONTAL) {
						sourceY = source.getX();
					}
					double anchorY = rangeAxis.java2DToValue(sourceY, info.getDataArea(), getRangeAxisEdge());
					rangeAxis.resizeRange(factor, anchorY);
				} else {
					rangeAxis.resizeRange(factor);
				}
			}
		}
		return;
	}

  public void zoomRangeAxes(double factor, PlotRenderingInfo info,
                              Point2D source, boolean useAnchor) {

        zoomRangeAxesExtracted(useAnchor, source, info, factor, this.rangeAxes,
										this.orientation);
    }

  public void zoomRangeAxes_2(double factor, PlotRenderingInfo info,
                                Point2D source, boolean useAnchor) {

          zoomRangeAxesExtracted(useAnchor, source, info, factor, this.rangeAxes,
  										this.orientation);
      }"
"public boolean removeDomainMarker(int index, Marker marker, Layer layer,
            boolean notify) {
        ArrayList markers;
        if (layer == Layer.FOREGROUND) {
            markers = (ArrayList) this.foregroundDomainMarkers.get(new Integer(
                    index));
        }
        else {
            markers = (ArrayList) this.backgroundDomainMarkers.get(new Integer(
                    index));
        }
        if (markers == null) {
            return false;
        }
        boolean removed = markers.remove(marker);
        if (removed && notify) {
            fireChangeEvent();
        }
        return removed;
    }","public boolean removeDomainMarker_2(int index, Marker marker, Layer layer,
            boolean notify) {
        ArrayList markers;
        if (layer == Layer.FOREGROUND) {
            markers = (ArrayList) this.foregroundDomainMarkers.get(new Integer(
                    index));
        }
        else {
            markers = (ArrayList) this.backgroundDomainMarkers.get(new Integer(
                    index));
        }
        if (markers == null) {
            return false;
        }
        boolean removed = markers.remove(marker);
        if (removed && notify) {
            fireChangeEvent();
        }
        return removed;
    }",Type-1,"protected boolean removeDomainMarkerExtracted(Layer layer, int index, Marker marker, boolean notify,
			Map thisForegroundDomainMarkers, Map thisBackgroundDomainMarkers) {
		ArrayList markers;
		if (layer == Layer.FOREGROUND) {
			markers = (ArrayList) thisForegroundDomainMarkers.get(new Integer(index));
		} else {
			markers = (ArrayList) thisBackgroundDomainMarkers.get(new Integer(index));
		}
		if (markers == null) {
			return false;
		}
		boolean removed = markers.remove(marker);
		if (removed && notify) {
			fireChangeEvent();
		}
		return removed;
	}

  public boolean removeDomainMarker(int index, Marker marker, Layer layer,
            boolean notify) {
        return removeDomainMarkerExtracted(layer, index, marker, notify, this.foregroundDomainMarkers,
						this.backgroundDomainMarkers);
    }

  public boolean removeDomainMarker_2(int index, Marker marker, Layer layer,
              boolean notify) {
          return removeDomainMarkerExtracted(layer, index, marker, notify, this.foregroundDomainMarkers,
  						this.backgroundDomainMarkers);
      }"
"public void setDataset(ValueDataset dataset) {

        // if there is an existing dataset, remove the plot from the list 
        // of change listeners...
        ValueDataset existing = this.dataset;
        if (existing != null) {
            existing.removeChangeListener(this);
        }

        // set the new dataset, and register the chart as a change listener...
        this.dataset = dataset;
        if (dataset != null) {
            setDatasetGroup(dataset.getGroup());
            dataset.addChangeListener(this);
        }

        // send a dataset change event to self...
        DatasetChangeEvent event = new DatasetChangeEvent(this, dataset);
        datasetChanged(event);

    }","public void setDataset_2(ValueDataset dataset) {

        // if there is an existing dataset, remove the plot from the list 
        // of change listeners...
        ValueDataset existing = this.dataset;
        if (existing != null) {
            existing.removeChangeListener(this);
        }

        // set the new dataset, and register the chart as a change listener...
        this.dataset = dataset;
        if (dataset != null) {
            setDatasetGroup(dataset.getGroup());
            dataset.addChangeListener(this);
        }

        // send a dataset change event to self...
        DatasetChangeEvent event = new DatasetChangeEvent(this, dataset);
        datasetChanged(event);

    }",Type-1,"protected void setDatasetExtracted(ValueDataset dataset) {
		ValueDataset existing = getDataset();
		if (existing != null) {
			existing.removeChangeListener(this);
		}
		setDataset2(dataset);
		if (dataset != null) {
			setDatasetGroup(dataset.getGroup());
			dataset.addChangeListener(this);
		}
		DatasetChangeEvent event = new DatasetChangeEvent(this, dataset);
		datasetChanged(event);
		return;
	}

  public void setDataset(ValueDataset dataset) {

        setDatasetExtracted(dataset);

    }

  public void setDataset_2(ValueDataset dataset) {

          setDatasetExtracted(dataset);

      }"
"public static void writeImageMap(PrintWriter writer,
                                     String name,
                                     ChartRenderingInfo info,
                                     boolean useOverLibForToolTips) 
        throws IOException {

        ToolTipTagFragmentGenerator toolTipTagFragmentGenerator = null;
        if (useOverLibForToolTips) {
            toolTipTagFragmentGenerator 
                    = new OverLIBToolTipTagFragmentGenerator();
        }
        else {
            toolTipTagFragmentGenerator 
                    = new StandardToolTipTagFragmentGenerator();
        }
        ImageMapUtilities.writeImageMap(writer, name, info, 
                toolTipTagFragmentGenerator, 
                new StandardURLTagFragmentGenerator());

    }","public static void writeImageMap_2(PrintWriter writer,
                                     String name,
                                     ChartRenderingInfo info,
                                     boolean useOverLibForToolTips) 
        throws IOException {

        ToolTipTagFragmentGenerator toolTipTagFragmentGenerator = null;
        if (useOverLibForToolTips) {
            toolTipTagFragmentGenerator 
                    = new OverLIBToolTipTagFragmentGenerator();
        }
        else {
            toolTipTagFragmentGenerator 
                    = new StandardToolTipTagFragmentGenerator();
        }
        ImageMapUtilities.writeImageMap(writer, name, info, 
                toolTipTagFragmentGenerator, 
                new StandardURLTagFragmentGenerator());

    }",Type-1,"public static void writeImageMapExtracted(boolean useOverLibForToolTips, PrintWriter writer, String name,
			ChartRenderingInfo info) throws IOException {
		ToolTipTagFragmentGenerator toolTipTagFragmentGenerator = null;
		if (useOverLibForToolTips) {
			toolTipTagFragmentGenerator = new OverLIBToolTipTagFragmentGenerator();
		} else {
			toolTipTagFragmentGenerator = new StandardToolTipTagFragmentGenerator();
		}
		ImageMapUtilities.writeImageMap(writer, name, info, toolTipTagFragmentGenerator,
				new StandardURLTagFragmentGenerator());
		return;
	}

  public static void writeImageMap(PrintWriter writer,
                                     String name,
                                     ChartRenderingInfo info,
                                     boolean useOverLibForToolTips) 
        throws IOException {

        Utility.writeImageMapExtracted(useOverLibForToolTips, writer, name, info);

    }

  public static void writeImageMap_2(PrintWriter writer,
                                       String name,
                                       ChartRenderingInfo info,
                                       boolean useOverLibForToolTips) 
          throws IOException {

          Utility.writeImageMapExtracted(useOverLibForToolTips, writer, name, info);

      }"
"protected Point2D calculateDomainMarkerTextAnchorPoint(Graphics2D g2,
            PlotOrientation orientation,
            Rectangle2D dataArea,
            Rectangle2D markerArea,
            RectangleInsets markerOffset,
            LengthAdjustmentType labelOffsetType,
            RectangleAnchor anchor) {

        Rectangle2D anchorRect = null;
        if (orientation == PlotOrientation.HORIZONTAL) {
            anchorRect = markerOffset.createAdjustedRectangle(markerArea,
                    LengthAdjustmentType.CONTRACT, labelOffsetType);
        }
        else if (orientation == PlotOrientation.VERTICAL) {
            anchorRect = markerOffset.createAdjustedRectangle(markerArea,
                    labelOffsetType, LengthAdjustmentType.CONTRACT);
        }
        return RectangleAnchor.coordinates(anchorRect, anchor);

    }","protected Point2D calculateDomainMarkerTextAnchorPoint_2(Graphics2D g2,
            PlotOrientation orientation,
            Rectangle2D dataArea,
            Rectangle2D markerArea,
            RectangleInsets markerOffset,
            LengthAdjustmentType labelOffsetType,
            RectangleAnchor anchor) {

        Rectangle2D anchorRect = null;
        if (orientation == PlotOrientation.HORIZONTAL) {
            anchorRect = markerOffset.createAdjustedRectangle(markerArea,
                    LengthAdjustmentType.CONTRACT, labelOffsetType);
        }
        else if (orientation == PlotOrientation.VERTICAL) {
            anchorRect = markerOffset.createAdjustedRectangle(markerArea,
                    labelOffsetType, LengthAdjustmentType.CONTRACT);
        }
        return RectangleAnchor.coordinates(anchorRect, anchor);

    }",Type-1,"protected Point2D calculateDomainMarkerTextAnchorPointExtracted(PlotOrientation orientation, Rectangle2D markerArea,
			RectangleInsets markerOffset, LengthAdjustmentType labelOffsetType, RectangleAnchor anchor) {
		Rectangle2D anchorRect = null;
		if (orientation == PlotOrientation.HORIZONTAL) {
			anchorRect = markerOffset.createAdjustedRectangle(markerArea, LengthAdjustmentType.CONTRACT,
					labelOffsetType);
		} else if (orientation == PlotOrientation.VERTICAL) {
			anchorRect = markerOffset.createAdjustedRectangle(markerArea, labelOffsetType,
					LengthAdjustmentType.CONTRACT);
		}
		return RectangleAnchor.coordinates(anchorRect, anchor);
	}

  protected Point2D calculateDomainMarkerTextAnchorPoint(Graphics2D g2,
                                      PlotOrientation orientation,
                                      Rectangle2D dataArea,
                                      Rectangle2D markerArea,
                                      RectangleInsets markerOffset,
                                      LengthAdjustmentType labelOffsetType,
                                      RectangleAnchor anchor) {

        return calculateDomainMarkerTextAnchorPointExtracted(orientation, markerArea,
												markerOffset, labelOffsetType, anchor);

    }

  protected Point2D calculateDomainMarkerTextAnchorPoint_2(Graphics2D g2,
                                        PlotOrientation orientation,
                                        Rectangle2D dataArea,
                                        Rectangle2D markerArea,
                                        RectangleInsets markerOffset,
                                        LengthAdjustmentType labelOffsetType,
                                        RectangleAnchor anchor) {

          return calculateDomainMarkerTextAnchorPointExtracted(orientation, markerArea,
  												markerOffset, labelOffsetType, anchor);

      }"
"public void zoomRangeAxes(double factor, PlotRenderingInfo info,
                              Point2D source, boolean useAnchor) {

        // perform the zoom on each range axis
        for (int i = 0; i < this.rangeAxes.size(); i++) {
            ValueAxis rangeAxis = (ValueAxis) this.rangeAxes.get(i);
            if (rangeAxis != null) {
                if (useAnchor) {
                    // get the relevant source coordinate given the plot
                    // orientation
                    double sourceY = source.getY();
                    if (this.orientation == PlotOrientation.HORIZONTAL) {
                        sourceY = source.getX();
                    }
                    double anchorY = rangeAxis.java2DToValue(sourceY,
                            info.getDataArea(), getRangeAxisEdge());
                    rangeAxis.resizeRange(factor, anchorY);
                }
                else {
                    rangeAxis.resizeRange(factor);
                }
            }
        }
    }","public void zoomRangeAxes_2(double factor, PlotRenderingInfo info,
                              Point2D source, boolean useAnchor) {

        // perform the zoom on each range axis
        for (int i = 0; i < this.rangeAxes.size(); i++) {
            ValueAxis rangeAxis = (ValueAxis) this.rangeAxes.get(i);
            if (rangeAxis != null) {
                if (useAnchor) {
                    // get the relevant source coordinate given the plot
                    // orientation
                    double sourceY = source.getY();
                    if (this.orientation == PlotOrientation.HORIZONTAL) {
                        sourceY = source.getX();
                    }
                    double anchorY = rangeAxis.java2DToValue(sourceY,
                            info.getDataArea(), getRangeAxisEdge());
                    rangeAxis.resizeRange(factor, anchorY);
                }
                else {
                    rangeAxis.resizeRange(factor);
                }
            }
        }
    }",Type-1,"protected void zoomRangeAxesExtracted(boolean useAnchor, Point2D source, PlotRenderingInfo info, double factor,
			ObjectList thisRangeAxes, PlotOrientation thisOrientation) {
		for (int i = 0; i < thisRangeAxes.size(); i++) {
			ValueAxis rangeAxis = (ValueAxis) thisRangeAxes.get(i);
			if (rangeAxis != null) {
				if (useAnchor) {
					double sourceY = source.getY();
					if (thisOrientation == PlotOrientation.HORIZONTAL) {
						sourceY = source.getX();
					}
					double anchorY = rangeAxis.java2DToValue(sourceY, info.getDataArea(), getRangeAxisEdge());
					rangeAxis.resizeRange(factor, anchorY);
				} else {
					rangeAxis.resizeRange(factor);
				}
			}
		}
		return;
	}

  public void zoomRangeAxes(double factor, PlotRenderingInfo info,
                              Point2D source, boolean useAnchor) {

        zoomRangeAxesExtracted(useAnchor, source, info, factor, this.rangeAxes,
										this.orientation);
    }

  public void zoomRangeAxes_2(double factor, PlotRenderingInfo info,
                                Point2D source, boolean useAnchor) {

          zoomRangeAxesExtracted(useAnchor, source, info, factor, this.rangeAxes,
  										this.orientation);
      }"
"public void setDataset(CategoryDataset dataset) {
        // if there is an existing dataset, remove the plot from the list of
        // change listeners...
        if (this.dataset != null) {
            this.dataset.removeChangeListener(this);
        }

        // set the new dataset, and register the chart as a change listener...
        this.dataset = dataset;
        if (dataset != null) {
            setDatasetGroup(dataset.getGroup());
            dataset.addChangeListener(this);
        }

        // send a dataset change event to self to trigger plot change event
        datasetChanged(new DatasetChangeEvent(this, dataset));
    }","public void setDataset_2(CategoryDataset dataset) {
        // if there is an existing dataset, remove the plot from the list of
        // change listeners...
        if (this.dataset != null) {
            this.dataset.removeChangeListener(this);
        }

        // set the new dataset, and register the chart as a change listener...
        this.dataset = dataset;
        if (dataset != null) {
            setDatasetGroup(dataset.getGroup());
            dataset.addChangeListener(this);
        }

        // send a dataset change event to self to trigger plot change event
        datasetChanged(new DatasetChangeEvent(this, dataset));
    }",Type-1,"protected void setDatasetExtracted(CategoryDataset dataset) {
		if (getDataset() != null) {
			getDataset().removeChangeListener(this);
		}
		setDataset2(dataset);
		if (dataset != null) {
			setDatasetGroup(dataset.getGroup());
			dataset.addChangeListener(this);
		}
		datasetChanged(new DatasetChangeEvent(this, dataset));
		return;
	}

  public void setDataset(CategoryDataset dataset) {
        setDatasetExtracted(dataset);
    }

  public void setDataset_2(CategoryDataset dataset) {
          setDatasetExtracted(dataset);
      }"
"private double[] adjustedStackValues(double[] stack1, double[] stack2) {
        double[] result = new double[2];
        if (stack1[0] == 0.0 || stack2[0] == 0.0) {
            result[0] = 0.0;
        }
        else {
            result[0] = (stack1[0] + stack2[0]) / 2.0;
        }
        if (stack1[1] == 0.0 || stack2[1] == 0.0) {
            result[1] = 0.0;
        }
        else {
            result[1] = (stack1[1] + stack2[1]) / 2.0;
        }
        return result;
    }","private double[] adjustedStackValues_2(double[] stack1, double[] stack2) {
        double[] result = new double[2];
        if (stack1[0] == 0.0 || stack2[0] == 0.0) {
            result[0] = 0.0;
        }
        else {
            result[0] = (stack1[0] + stack2[0]) / 2.0;
        }
        if (stack1[1] == 0.0 || stack2[1] == 0.0) {
            result[1] = 0.0;
        }
        else {
            result[1] = (stack1[1] + stack2[1]) / 2.0;
        }
        return result;
    }",Type-1,"protected double[] adjustedStackValuesExtracted(double[] stack1, double[] stack2) {
		double[] result = new double[2];
		if (stack1[0] == 0.0 || stack2[0] == 0.0) {
			result[0] = 0.0;
		} else {
			result[0] = (stack1[0] + stack2[0]) / 2.0;
		}
		if (stack1[1] == 0.0 || stack2[1] == 0.0) {
			result[1] = 0.0;
		} else {
			result[1] = (stack1[1] + stack2[1]) / 2.0;
		}
		return result;
	}

  private double[] adjustedStackValues(double[] stack1, double[] stack2) {
        return adjustedStackValuesExtracted(stack1, stack2);
    }

  private double[] adjustedStackValues_2(double[] stack1, double[] stack2) {
          return adjustedStackValuesExtracted(stack1, stack2);
      }"
"protected Size2D arrangeRR(BlockContainer container, Graphics2D g2,
                               RectangleConstraint constraint) {

        // first arrange without constraints, and see if this fits within
        // the required ranges...
        Size2D s1 = arrangeNN(container, g2);
        if (constraint.getWidthRange().contains(s1.width)) {
            return s1;  // TODO: we didn't check the height yet
        }
        else {
            RectangleConstraint c = constraint.toFixedWidth(
                constraint.getWidthRange().getUpperBound()
            );
            return arrangeFR(container, g2, c);
        }
    }","protected Size2D arrangeRR_2(BlockContainer container, Graphics2D g2,
                               RectangleConstraint constraint) {

        // first arrange without constraints, and see if this fits within
        // the required ranges...
        Size2D s1 = arrangeNN(container, g2);
        if (constraint.getWidthRange().contains(s1.width)) {
            return s1;  // TODO: we didn't check the height yet
        }
        else {
            RectangleConstraint c = constraint.toFixedWidth(
                constraint.getWidthRange().getUpperBound()
            );
            return arrangeFR(container, g2, c);
        }
    }",Type-1,"protected Size2D arrangeRRExtracted(BlockContainer container, Graphics2D g2, RectangleConstraint constraint) {
		Size2D s1 = arrangeNN(container, g2);
		if (constraint.getWidthRange().contains(s1.width)) {
			return s1;
		} else {
			RectangleConstraint c = constraint.toFixedWidth(constraint.getWidthRange().getUpperBound());
			return arrangeFR(container, g2, c);
		}
	}

  protected Size2D arrangeRR(BlockContainer container, Graphics2D g2,
                               RectangleConstraint constraint) {

        return arrangeRRExtracted(container, g2, constraint);
    }

  protected Size2D arrangeRR_2(BlockContainer container, Graphics2D g2,
                                 RectangleConstraint constraint) {

          return arrangeRRExtracted(container, g2, constraint);
      }"
"protected Size2D arrangeRN(BlockContainer container, Graphics2D g2,
                               RectangleConstraint constraint) {
        // first arrange without constraints, then see if the width fits
        // within the required range...if not, call arrangeFN() at max width
        Size2D s1 = arrangeNN(container, g2);
        if (constraint.getWidthRange().contains(s1.width)) {
            return s1;   
        }
        else {
            RectangleConstraint c = constraint.toFixedWidth(
                    constraint.getWidthRange().getUpperBound());
            return arrangeFN(container, g2, c);
        }
    }","protected Size2D arrangeRN(BlockContainer container, Graphics2D g2,
                               RectangleConstraint constraint) {
        // first arrange without constraints, then see if the width fits
        // within the required range...if not, call arrangeFN() at max width
        Size2D s1 = arrangeNN(container, g2);
        if (constraint.getWidthRange().contains(s1.width)) {
            return s1;   
        }
        else {
            RectangleConstraint c = constraint.toFixedWidth(
                constraint.getWidthRange().getUpperBound()
            );
            return arrangeFN(container, g2, c);
        }
    }",Type-1,"protected Size2D arrangeRNExtracted(BlockContainer container, Graphics2D g2, RectangleConstraint constraint) {
		Size2D s1 = arrangeNN(container, g2);
		if (constraint.getWidthRange().contains(s1.width)) {
			return s1;
		} else {
			RectangleConstraint c = constraint.toFixedWidth(constraint.getWidthRange().getUpperBound());
			return arrangeFN(container, g2, c);
		}
	}

  protected Size2D arrangeRN(BlockContainer container, Graphics2D g2,
                               RectangleConstraint constraint) {
        return arrangeRNExtracted(container, g2, constraint);
    }
    

  protected Size2D arrangeRN_2(BlockContainer container, Graphics2D g2,
                                 RectangleConstraint constraint) {
          return arrangeRNExtracted(container, g2, constraint);
      }
      "
"private boolean isInternalAnchor(ItemLabelAnchor anchor) {
        return anchor == ItemLabelAnchor.CENTER
               || anchor == ItemLabelAnchor.INSIDE1
               || anchor == ItemLabelAnchor.INSIDE2
               || anchor == ItemLabelAnchor.INSIDE3
               || anchor == ItemLabelAnchor.INSIDE4
               || anchor == ItemLabelAnchor.INSIDE5
               || anchor == ItemLabelAnchor.INSIDE6
               || anchor == ItemLabelAnchor.INSIDE7
               || anchor == ItemLabelAnchor.INSIDE8
               || anchor == ItemLabelAnchor.INSIDE9
               || anchor == ItemLabelAnchor.INSIDE10
               || anchor == ItemLabelAnchor.INSIDE11
               || anchor == ItemLabelAnchor.INSIDE12;
    }","private boolean isInternalAnchor(ItemLabelAnchor anchor) {
        return anchor == ItemLabelAnchor.CENTER
               || anchor == ItemLabelAnchor.INSIDE1
               || anchor == ItemLabelAnchor.INSIDE2
               || anchor == ItemLabelAnchor.INSIDE3
               || anchor == ItemLabelAnchor.INSIDE4
               || anchor == ItemLabelAnchor.INSIDE5
               || anchor == ItemLabelAnchor.INSIDE6
               || anchor == ItemLabelAnchor.INSIDE7
               || anchor == ItemLabelAnchor.INSIDE8
               || anchor == ItemLabelAnchor.INSIDE9
               || anchor == ItemLabelAnchor.INSIDE10
               || anchor == ItemLabelAnchor.INSIDE11
               || anchor == ItemLabelAnchor.INSIDE12;
    }",Type-1,"protected boolean isInternalAnchorExtracted(ItemLabelAnchor anchor) {
		return anchor == ItemLabelAnchor.CENTER || anchor == ItemLabelAnchor.INSIDE1
				|| anchor == ItemLabelAnchor.INSIDE2 || anchor == ItemLabelAnchor.INSIDE3
				|| anchor == ItemLabelAnchor.INSIDE4 || anchor == ItemLabelAnchor.INSIDE5
				|| anchor == ItemLabelAnchor.INSIDE6 || anchor == ItemLabelAnchor.INSIDE7
				|| anchor == ItemLabelAnchor.INSIDE8 || anchor == ItemLabelAnchor.INSIDE9
				|| anchor == ItemLabelAnchor.INSIDE10 || anchor == ItemLabelAnchor.INSIDE11
				|| anchor == ItemLabelAnchor.INSIDE12;
	}

  private boolean isInternalAnchor(ItemLabelAnchor anchor) {
        return isInternalAnchorExtracted(anchor);  
    }

  private boolean isInternalAnchor_2(ItemLabelAnchor anchor) {
        return isInternalAnchorExtracted(anchor);  
    }"
"public boolean getSeriesShapesFilled(int series) {

        // return the overall setting, if there is one...
        if (this.shapesFilled != null) {
            return this.shapesFilled.booleanValue();
        }

        // otherwise look up the paint table
        Boolean flag = this.seriesShapesFilled.getBoolean(series);
        if (flag != null) {
            return flag.booleanValue();
        }
        else {
            return this.baseShapesFilled;
        }

    }","public boolean getItemShapeFilled(int series, int item) {
        // return the overall setting, if there is one...
        if (this.shapesFilled != null) {
            return this.shapesFilled.booleanValue();
        }

        // otherwise look up the paint table
        Boolean flag = this.seriesShapesFilled.getBoolean(series);
        if (flag != null) {
            return flag.booleanValue();
        }
        else {
            return this.baseShapesFilled;
        }
    }",Type-1,"protected boolean getSeriesShapesFilledExtracted(int series, Boolean thisShapesFilled,
			BooleanList thisSeriesShapesFilled, boolean thisBaseShapesFilled) {
		if (thisShapesFilled != null) {
			return thisShapesFilled.booleanValue();
		}
		Boolean flag = thisSeriesShapesFilled.getBoolean(series);
		if (flag != null) {
			return flag.booleanValue();
		} else {
			return thisBaseShapesFilled;
		}
	}


  public boolean getSeriesShapesFilled(int series) {

        return getSeriesShapesFilledExtracted(series, this.shapesFilled, this.seriesShapesFilled,
				this.baseShapesFilled);

    }

    public boolean getItemShapeFilled(int series, int item) {
          return getSeriesShapesFilledExtracted(series, this.shapesFilled, this.seriesShapesFilled,
  				this.baseShapesFilled);
      }"
"public String getURL(int series, int item) {
        String result = null;
        if (series < getListCount()) {
            List urls = (List) this.urlSeries.get(series);
            if (urls != null) {
                if (item < urls.size()) {
                    result = (String) urls.get(item);
                }
            }
        }
        return result;
    }","public String getURL(int series, int item) {
        String result = null;
        if (series < getListCount()) {
            List urls = (List) this.urlSeries.get(series);
            if (urls != null) {
                if (item < urls.size()) {
                    result = (String) urls.get(item);
                }
            }
        }
        return result;
    }",Type-1,"protected String getURLExtracted(int series, int item, ArrayList thisUrlSeries) {
		String result = null;
		if (series < getListCount()) {
			List urls = (List) thisUrlSeries.get(series);
			if (urls != null) {
				if (item < urls.size()) {
					result = (String) urls.get(item);
				}
			}
		}
		return result;
	}

  public String getURL(int series, int item) {
        return getURLExtracted(series, item, this.urlSeries);
    }

  public String getURL_2(int series, int item) {
        return getURLExtracted(series, item, this.urlSeries);
    }"
"public XYPlot findSubplot(PlotRenderingInfo info, Point2D source) {
        if (info == null) {
            throw new IllegalArgumentException(""Null 'info' argument."");
        }
        if (source == null) {
            throw new IllegalArgumentException(""Null 'source' argument."");
        }
        XYPlot result = null;
        int subplotIndex = info.getSubplotIndex(source);
        if (subplotIndex >= 0) {
            result =  (XYPlot) this.subplots.get(subplotIndex);
        }
        return result;
    }","public XYPlot findSubplot(PlotRenderingInfo info, Point2D source) {
        if (info == null) {
            throw new IllegalArgumentException(""Null 'info' argument."");
        }
        if (source == null) {
            throw new IllegalArgumentException(""Null 'source' argument."");
        }
        XYPlot result = null;
        int subplotIndex = info.getSubplotIndex(source);
        if (subplotIndex >= 0) {
            result =  (XYPlot) this.subplots.get(subplotIndex);
        }
        return result;
    }",Type-1,"protected XYPlot findSubplotExtracted(PlotRenderingInfo info, Point2D source, List thisSubplots) {
		if (info == null) {
			throw new IllegalArgumentException(""Null 'info' argument."");
		}
		if (source == null) {
			throw new IllegalArgumentException(""Null 'source' argument."");
		}
		XYPlot result = null;
		int subplotIndex = info.getSubplotIndex(source);
		if (subplotIndex >= 0) {
			result = (XYPlot) thisSubplots.get(subplotIndex);
		}
		return result;
	}

  public XYPlot findSubplot(PlotRenderingInfo info, Point2D source) {
        return findSubplotExtracted(info, source, this.subplots);
    }

  public XYPlot findSubplot_2(PlotRenderingInfo info, Point2D source) {
        return findSubplotExtracted(info, source, this.subplots);
    }"
"public Collection getRangeMarkers(int index, Layer layer) {
        Collection result = null;
        Integer key = new Integer(index);
        if (layer == Layer.FOREGROUND) {
            result = (Collection) this.foregroundRangeMarkers.get(key);
        }
        else if (layer == Layer.BACKGROUND) {
            result = (Collection) this.backgroundRangeMarkers.get(key);
        }
        if (result != null) {
            result = Collections.unmodifiableCollection(result);
        }
        return result;
    }","public Collection getRangeMarkers(int index, Layer layer) {
        Collection result = null;
        Integer key = new Integer(index);
        if (layer == Layer.FOREGROUND) {
            result = (Collection) this.foregroundRangeMarkers.get(key);
        }
        else if (layer == Layer.BACKGROUND) {
            result = (Collection) this.backgroundRangeMarkers.get(key);
        }
        if (result != null) {
            result = Collections.unmodifiableCollection(result);
        }
        return result;
    }",Type-1,"protected Collection getRangeMarkersExtracted(int index, Layer layer, Map thisForegroundRangeMarkers,
			Map thisBackgroundRangeMarkers) {
		Collection result = null;
		Integer key = new Integer(index);
		if (layer == Layer.FOREGROUND) {
			result = (Collection) thisForegroundRangeMarkers.get(key);
		} else if (layer == Layer.BACKGROUND) {
			result = (Collection) thisBackgroundRangeMarkers.get(key);
		}
		if (result != null) {
			result = Collections.unmodifiableCollection(result);
		}
		return result;
	}

  public Collection getRangeMarkers(int index, Layer layer) {
        return getRangeMarkersExtracted(index, layer, this.foregroundRangeMarkers, this.backgroundRangeMarkers);
    }

  public Collection getRangeMarkers_2(int index, Layer layer) {
        return getRangeMarkersExtracted(index, layer, this.foregroundRangeMarkers, this.backgroundRangeMarkers);
    }"
"private static int findSeparator(String s) {

        int result = s.indexOf('-');
        if (result == -1) {
            result = s.indexOf(',');
        }
        if (result == -1) {
            result = s.indexOf(' ');
        }
        if (result == -1) {
            result = s.indexOf('.');
        }
        return result;
    }","private static int findSeparator(String s) {

        int result = s.indexOf('-');
        if (result == -1) {
            result = s.indexOf(',');
        }
        if (result == -1) {
            result = s.indexOf(' ');
        }
        if (result == -1) {
            result = s.indexOf('.');
        }
        return result;
    }",Type-1,"protected static int findSeparatorExtracted(String s) {
		int result = s.indexOf('-');
		if (result == -1) {
			result = s.indexOf(',');
		}
		if (result == -1) {
			result = s.indexOf(' ');
		}
		if (result == -1) {
			result = s.indexOf('.');
		}
		return result;
	}

  private static int findSeparator(String s) {

        return findSeparatorExtracted(s);
    }

  private static int findSeparator_2(String s) {

        return findSeparatorExtracted(s);
    }"
"protected Size2D arrangeFR(BlockContainer container, Graphics2D g2,
                               RectangleConstraint constraint) {

        Size2D s = arrangeFN(container, g2, constraint);
        if (constraint.getHeightRange().contains(s.height)) {
            return s;   
        }
        else {
            RectangleConstraint c = constraint.toFixedHeight(
                    constraint.getHeightRange().constrain(s.getHeight()));
            return arrangeFF(container, g2, c);
        }
    }","protected Size2D arrangeFR(BlockContainer container, Graphics2D g2,
                               RectangleConstraint constraint) {

        Size2D s = arrangeFN(container, g2, constraint);
        if (constraint.getHeightRange().contains(s.height)) {
            return s;   
        }
        else {
            RectangleConstraint c = constraint.toFixedHeight(
                    constraint.getHeightRange().constrain(s.getHeight()));
            return arrangeFF(container, g2, c);
        }
    }",Type-1,"protected Size2D arrangeFRExtracted(BlockContainer container, Graphics2D g2, RectangleConstraint constraint) {
		Size2D s = arrangeFN(container, g2, constraint);
		if (constraint.getHeightRange().contains(s.height)) {
			return s;
		} else {
			RectangleConstraint c = constraint.toFixedHeight(constraint.getHeightRange().constrain(s.getHeight()));
			return arrangeFF(container, g2, c);
		}
	}

  protected Size2D arrangeFR(BlockContainer container, Graphics2D g2,
                               RectangleConstraint constraint) {

        return arrangeFRExtracted(container, g2, constraint);
    }

  protected Size2D arrangeFR_2(BlockContainer container, Graphics2D g2,
                               RectangleConstraint constraint) {

        return arrangeFRExtracted(container, g2, constraint);
    }

  "
"protected Size2D arrangeRF(BlockContainer container, Graphics2D g2,
                               RectangleConstraint constraint) {

        Size2D s = arrangeNF(container, g2, constraint);
        if (constraint.getWidthRange().contains(s.width)) {
            return s;   
        }
        else {
            RectangleConstraint c = constraint.toFixedWidth(
                    constraint.getWidthRange().constrain(s.getWidth()));
            return arrangeFF(container, g2, c);
        }
    }","protected Size2D arrangeRF(BlockContainer container, Graphics2D g2,
                               RectangleConstraint constraint) {

        Size2D s = arrangeNF(container, g2, constraint);
        if (constraint.getWidthRange().contains(s.width)) {
            return s;   
        }
        else {
            RectangleConstraint c = constraint.toFixedWidth(
                    constraint.getWidthRange().constrain(s.getWidth()));
            return arrangeFF(container, g2, c);
        }
    }",Type-1,"protected Size2D arrangeRFExtracted(BlockContainer container, Graphics2D g2, RectangleConstraint constraint) {
		Size2D s = arrangeNF(container, g2, constraint);
		if (constraint.getWidthRange().contains(s.width)) {
			return s;
		} else {
			RectangleConstraint c = constraint.toFixedWidth(constraint.getWidthRange().constrain(s.getWidth()));
			return arrangeFF(container, g2, c);
		}
	}

  protected Size2D arrangeRF(BlockContainer container, Graphics2D g2,
                               RectangleConstraint constraint) {

        return arrangeRFExtracted(container, g2, constraint);
    }

  protected Size2D arrangeRF_2(BlockContainer container, Graphics2D g2,
                               RectangleConstraint constraint) {

        return arrangeRFExtracted(container, g2, constraint);
    }"
"public boolean getItemLineVisible(int series, int item) {
        Boolean flag = this.linesVisible;
        if (flag == null) {
            flag = getSeriesLinesVisible(series);
        }
        if (flag != null) {
            return flag.booleanValue();
        }
        else {
            return this.baseLinesVisible;
        }
    }","public boolean getItemLineVisible(int series, int item) {
        Boolean flag = this.linesVisible;
        if (flag == null) {
            flag = getSeriesLinesVisible(series);
        }
        if (flag != null) {
            return flag.booleanValue();
        }
        else {
            return this.baseLinesVisible;
        }
    }",Type-1,"protected boolean getItemLineVisibleExtracted(int series, Boolean thisLinesVisible, boolean thisBaseLinesVisible) {
		Boolean flag = thisLinesVisible;
		if (flag == null) {
			flag = getSeriesLinesVisible(series);
		}
		if (flag != null) {
			return flag.booleanValue();
		} else {
			return thisBaseLinesVisible;
		}
	}

  public boolean getItemLineVisible(int series, int item) {
        return getItemLineVisibleExtracted(series, this.linesVisible, this.baseLinesVisible);
    }

  public boolean getItemLineVisible_2(int series, int item) {
        return getItemLineVisibleExtracted(series, this.linesVisible, this.baseLinesVisible);
    }"
"public boolean getItemShapeVisible(int series, int item) {
        Boolean flag = this.shapesVisible;
        if (flag == null) {
            flag = getSeriesShapesVisible(series);
        }
        if (flag != null) {
            return flag.booleanValue();
        }
        else {
            return this.baseShapesVisible;
        }
    }","public boolean getItemShapeVisible(int series, int item) {
        Boolean flag = this.shapesVisible;
        if (flag == null) {
            flag = getSeriesShapesVisible(series);
        }
        if (flag != null) {
            return flag.booleanValue();
        }
        else {
            return this.baseShapesVisible;
        }
    }",Type-1,"protected boolean getItemShapeVisibleExtracted(int series, Boolean thisShapesVisible,
			boolean thisBaseShapesVisible) {
		Boolean flag = thisShapesVisible;
		if (flag == null) {
			flag = getSeriesShapesVisible(series);
		}
		if (flag != null) {
			return flag.booleanValue();
		} else {
			return thisBaseShapesVisible;
		}
	}

  public boolean getItemShapeVisible(int series, int item) {
        return getItemShapeVisibleExtracted(series, this.shapesVisible, this.baseShapesVisible);
    }

  public boolean getItemShapeVisible_2(int series, int item) {
        return getItemShapeVisibleExtracted(series, this.shapesVisible, this.baseShapesVisible);
    }"
"public void setDomainAxisLocation(int index, AxisLocation location,
            boolean notify) {
        if (index == 0 && location == null) {
            throw new IllegalArgumentException(
                    ""Null 'location' for index 0 not permitted."");
        }
        this.domainAxisLocations.set(index, location);
        if (notify) {
            fireChangeEvent();
        }
    }","public void setDomainAxisLocation(int index, AxisLocation location,
            boolean notify) {
        if (index == 0 && location == null) {
            throw new IllegalArgumentException(
                    ""Null 'location' for index 0 not permitted."");
        }
        this.domainAxisLocations.set(index, location);
        if (notify) {
            fireChangeEvent();
        }
    }",Type-1,"protected void setDomainAxisLocationExtracted(int index, AxisLocation location, boolean notify,
			ObjectList thisDomainAxisLocations) {
		if (index == 0 && location == null) {
			throw new IllegalArgumentException(""Null 'location' for index 0 not permitted."");
		}
		thisDomainAxisLocations.set(index, location);
		if (notify) {
			fireChangeEvent();
		}
		return;
	}

  public void setDomainAxisLocation(int index, AxisLocation location,
            boolean notify) {
        setDomainAxisLocationExtracted(index, location, notify, this.domainAxisLocations);
    }

  public void setDomainAxisLocation_2(int index, AxisLocation location,
            boolean notify) {
        setDomainAxisLocationExtracted(index, location, notify, this.domainAxisLocations);
    }"
"public void setRangeAxisLocation(int index, AxisLocation location,
                                     boolean notify) {
        if (index == 0 && location == null) {
            throw new IllegalArgumentException(
                    ""Null 'location' for index 0 not permitted."");
        }
        this.rangeAxisLocations.set(index, location);
        if (notify) {
            fireChangeEvent();
        }
    }","public void setRangeAxisLocation(int index, AxisLocation location,
                                     boolean notify) {
        if (index == 0 && location == null) {
            throw new IllegalArgumentException(
                    ""Null 'location' for index 0 not permitted."");
        }
        this.rangeAxisLocations.set(index, location);
        if (notify) {
            fireChangeEvent();
        }
    }",Type-1,"protected void setRangeAxisLocationExtracted(int index, AxisLocation location, boolean notify,
			ObjectList thisRangeAxisLocations) {
		if (index == 0 && location == null) {
			throw new IllegalArgumentException(""Null 'location' for index 0 not permitted."");
		}
		thisRangeAxisLocations.set(index, location);
		if (notify) {
			fireChangeEvent();
		}
		return;
	}

  public void setRangeAxisLocation(int index, AxisLocation location,
            boolean notify) {

        setRangeAxisLocationExtracted(index, location, notify, this.rangeAxisLocations);
    }


  public void setRangeAxisLocation_2(int index, AxisLocation location,
                                     boolean notify) {
        setRangeAxisLocationExtracted(index, location, notify, this.rangeAxisLocations);
    }"
"protected void selectAutoTickUnit(Graphics2D g2,
                                      Rectangle2D dataArea,
                                      RectangleEdge edge) {

        if (RectangleEdge.isTopOrBottom(edge)) {
            selectHorizontalAutoTickUnit(g2, dataArea, edge);
        }
        else if (RectangleEdge.isLeftOrRight(edge)) {
            selectVerticalAutoTickUnit(g2, dataArea, edge);
        }

    }","protected void selectAutoTickUnit(Graphics2D g2,
                                      Rectangle2D dataArea,
                                      RectangleEdge edge) {

        if (RectangleEdge.isTopOrBottom(edge)) {
            selectHorizontalAutoTickUnit(g2, dataArea, edge);
        }
        else if (RectangleEdge.isLeftOrRight(edge)) {
            selectVerticalAutoTickUnit(g2, dataArea, edge);
        }

    }",Type-1,"protected void selectAutoTickUnitExtracted(RectangleEdge edge, Graphics2D g2, Rectangle2D dataArea) {
		if (RectangleEdge.isTopOrBottom(edge)) {
			selectHorizontalAutoTickUnit(g2, dataArea, edge);
		} else if (RectangleEdge.isLeftOrRight(edge)) {
			selectVerticalAutoTickUnit(g2, dataArea, edge);
		}
		return;
	}

  protected void selectAutoTickUnit(Graphics2D g2,
                                      Rectangle2D dataArea,
                                      RectangleEdge edge) {

        selectAutoTickUnitExtracted(edge, g2, dataArea);

    }

  protected void selectAutoTickUnit_2(Graphics2D g2,
                                      Rectangle2D dataArea,
                                      RectangleEdge edge) {

        selectAutoTickUnitExtracted(edge, g2, dataArea);

    }"
"public void clearRangeAxes() {
        for (int i = 0; i < this.rangeAxes.size(); i++) {
            ValueAxis axis = (ValueAxis) this.rangeAxes.get(i);
            if (axis != null) {
                axis.removeChangeListener(this);
            }
        }
        this.rangeAxes.clear();
        fireChangeEvent();
    }","public void clearRangeAxes() {
        for (int i = 0; i < this.rangeAxes.size(); i++) {
            ValueAxis axis = (ValueAxis) this.rangeAxes.get(i);
            if (axis != null) {
                axis.removeChangeListener(this);
            }
        }
        this.rangeAxes.clear();
        fireChangeEvent();
    }",Type-1,"protected void clearRangeAxesExtracted(ObjectList thisRangeAxes) {
		for (int i = 0; i < thisRangeAxes.size(); i++) {
			ValueAxis axis = (ValueAxis) thisRangeAxes.get(i);
			if (axis != null) {
				axis.removeChangeListener(this);
			}
		}
		thisRangeAxes.clear();
		fireChangeEvent();
		return;
	}

  public void clearRangeAxes() {
        clearRangeAxesExtracted(this.rangeAxes);
    }

  public void clearRangeAxes_2() {
        clearRangeAxesExtracted(this.rangeAxes);
    }"
"public void setMaximumItemCount(int maximum) {
        this.maximumItemCount = maximum;
        boolean dataRemoved = false;
        while (this.data.size() > maximum) {
            this.data.remove(0);   
            dataRemoved = true;
        }
        if (dataRemoved) {
            fireSeriesChanged();
        }
    }","public void setMaximumItemCount(int maximum) {
        this.maximumItemCount = maximum;
        boolean dataRemoved = false;
        while (this.data.size() > maximum) {
            this.data.remove(0);   
            dataRemoved = true;
        }
        if (dataRemoved) {
            fireSeriesChanged();
        }
    }",Type-1,"protected void setMaximumItemCountExtracted(int maximum, List thisData) {
		setMaximumItemCount2(maximum);
		boolean dataRemoved = false;
		while (thisData.size() > maximum) {
			thisData.remove(0);
			dataRemoved = true;
		}
		if (dataRemoved) {
			fireSeriesChanged();
		}
		return;
	}

  public void setMaximumItemCount(int maximum) {
        setMaximumItemCountExtracted(maximum, this.data);
    }

  public void setMaximumItemCount_2(int maximum) {
        setMaximumItemCountExtracted(maximum, this.data);
    }"
"protected double calculateSeriesWidth(double space, CategoryAxis axis,
                                          int categories, int series) {
        double factor = 1.0 - getItemMargin() - axis.getLowerMargin()
                            - axis.getUpperMargin();
        if (categories > 1) {
            factor = factor - axis.getCategoryMargin();
        }
        return (space * factor) / (categories * series);
    }","protected double calculateSeriesWidth(double space, CategoryAxis axis,
                                          int categories, int series) {
        double factor = 1.0 - getItemMargin() - axis.getLowerMargin()
                            - axis.getUpperMargin();
        if (categories > 1) {
            factor = factor - axis.getCategoryMargin();
        }
        return (space * factor) / (categories * series);
    }",Type-1,"protected double calculateSeriesWidthExtracted(CategoryAxis axis, int categories, double space, int series) {
		double factor = 1.0 - getItemMargin() - axis.getLowerMargin() - axis.getUpperMargin();
		if (categories > 1) {
			factor = factor - axis.getCategoryMargin();
		}
		return (space * factor) / (categories * series);
	}

  protected double calculateSeriesWidth(double space, CategoryAxis axis,
                                          int categories, int series) {
        return calculateSeriesWidthExtracted(axis, categories, space, series);
    }

  protected double calculateSeriesWidth_2(double space, CategoryAxis axis,
                                          int categories, int series) {
        return calculateSeriesWidthExtracted(axis, categories, space, series);
    }"
"public void handleClick(int x, int y, PlotRenderingInfo info) {

        Rectangle2D dataArea = info.getDataArea();
        if (dataArea.contains(x, y)) {
            for (int i = 0; i < this.subplots.size(); i++) {
                CategoryPlot subplot = (CategoryPlot) this.subplots.get(i);
                PlotRenderingInfo subplotInfo = info.getSubplotInfo(i);
                subplot.handleClick(x, y, subplotInfo);
            }
        }

    }","public void handleClick(int x, int y, PlotRenderingInfo info) {

        Rectangle2D dataArea = info.getDataArea();
        if (dataArea.contains(x, y)) {
            for (int i = 0; i < this.subplots.size(); i++) {
                CategoryPlot subplot = (CategoryPlot) this.subplots.get(i);
                PlotRenderingInfo subplotInfo = info.getSubplotInfo(i);
                subplot.handleClick(x, y, subplotInfo);
            }
        }

    }",Type-1,"protected void handleClickExtracted(PlotRenderingInfo info, int x, int y, List thisSubplots) {
		Rectangle2D dataArea = info.getDataArea();
		if (dataArea.contains(x, y)) {
			for (int i = 0; i < thisSubplots.size(); i++) {
				CategoryPlot subplot = (CategoryPlot) thisSubplots.get(i);
				PlotRenderingInfo subplotInfo = info.getSubplotInfo(i);
				subplot.handleClick(x, y, subplotInfo);
			}
		}
		return;
	}

  public void handleClick(int x, int y, PlotRenderingInfo info) {

        handleClickExtracted(info, x, y, this.subplots);

    }

  public void handleClick_2(int x, int y, PlotRenderingInfo info) {

        handleClickExtracted(info, x, y, this.subplots);

    }"
"public void handleClick(int x, int y, PlotRenderingInfo info) {
        Rectangle2D dataArea = info.getDataArea();
        if (dataArea.contains(x, y)) {
            for (int i = 0; i < this.subplots.size(); i++) {
                XYPlot subplot = (XYPlot) this.subplots.get(i);
                PlotRenderingInfo subplotInfo = info.getSubplotInfo(i);
                subplot.handleClick(x, y, subplotInfo);
            }
        }
    }","public void handleClick(int x, int y, PlotRenderingInfo info) {
        Rectangle2D dataArea = info.getDataArea();
        if (dataArea.contains(x, y)) {
            for (int i = 0; i < this.subplots.size(); i++) {
                XYPlot subplot = (XYPlot) this.subplots.get(i);
                PlotRenderingInfo subplotInfo = info.getSubplotInfo(i);
                subplot.handleClick(x, y, subplotInfo);
            }
        }
    }",Type-1,"protected void handleClickExtracted(PlotRenderingInfo info, int x, int y, List thisSubplots) {
		Rectangle2D dataArea = info.getDataArea();
		if (dataArea.contains(x, y)) {
			for (int i = 0; i < thisSubplots.size(); i++) {
				XYPlot subplot = (XYPlot) thisSubplots.get(i);
				PlotRenderingInfo subplotInfo = info.getSubplotInfo(i);
				subplot.handleClick(x, y, subplotInfo);
			}
		}
		return;
	}

  public void handleClick(int x, int y, PlotRenderingInfo info) {
        handleClickExtracted(info, x, y, this.subplots);
    }

  public void handleClick_2(int x, int y, PlotRenderingInfo info) {
        handleClickExtracted(info, x, y, this.subplots);
    }"
"public int hashCode() {
        int result = 193;
        long temp = Double.doubleToLongBits(this.x);
        result = 37 * result + (int) (temp ^ (temp >>> 32));
        temp = Double.doubleToLongBits(this.y);
        result = 37 * result + (int) (temp ^ (temp >>> 32));
        return result;
    }","public int hashCode() {
        int result = 193;
        long temp = Double.doubleToLongBits(this.x);
        result = 37 * result + (int) (temp ^ (temp >>> 32));
        temp = Double.doubleToLongBits(this.y);
        result = 37 * result + (int) (temp ^ (temp >>> 32));
        return result;
    }",Type-1,"protected int hashCodeExtracted(double thisX, double thisY) {
		int result = 193;
		long temp = Double.doubleToLongBits(thisX);
		result = 37 * result + (int) (temp ^ (temp >>> 32));
		temp = Double.doubleToLongBits(thisY);
		result = 37 * result + (int) (temp ^ (temp >>> 32));
		return result;
	}

  public int hashCode() {
        return hashCodeExtracted(this.x, this.y);
    }

  public int hashCode_2() {
        return hashCodeExtracted(this.x, this.y);
    }"
"private void readObject(ObjectInputStream stream) 
            throws IOException, ClassNotFoundException {
        stream.defaultReadObject();
        this.stroke = SerialUtilities.readStroke(stream);
        this.outlinePaint = SerialUtilities.readPaint(stream);
        this.fillPaint = SerialUtilities.readPaint(stream);
    }","private void readObject(ObjectInputStream stream) 
            throws IOException, ClassNotFoundException {
        stream.defaultReadObject();
        this.stroke = SerialUtilities.readStroke(stream);
        this.outlinePaint = SerialUtilities.readPaint(stream);
        this.fillPaint = SerialUtilities.readPaint(stream);
    }",Type-1,"protected void readObjectExtracted(ObjectInputStream stream) throws IOException, ClassNotFoundException {
		stream.defaultReadObject();
		this.stroke = SerialUtilities.readStroke(stream);
		this.outlinePaint = SerialUtilities.readPaint(stream);
		this.fillPaint = SerialUtilities.readPaint(stream);
	}

  private void readObject(ObjectInputStream stream) 
            throws IOException, ClassNotFoundException {
        readObjectExtracted(stream);
    }

  private void readObject_2(ObjectInputStream stream) 
            throws IOException, ClassNotFoundException {
        readObjectExtracted(stream);
    }"
"protected Size2D arrangeRN(Graphics2D g2, Range widthRange) {
        Size2D s = arrangeNN(g2);
        if (widthRange.contains(s.getWidth())) {
            return s;
        }
        double ww = widthRange.constrain(s.getWidth());
        return arrangeFN(g2, ww);
    }","protected Size2D arrangeRN(Graphics2D g2, Range widthRange) {
        Size2D s = arrangeNN(g2);
        if (widthRange.contains(s.getWidth())) {
            return s;
        }
        double ww = widthRange.constrain(s.getWidth());
        return arrangeFN(g2, ww);
    }",Type-1,"protected Size2D arrangeRNExtracted(Graphics2D g2, Range widthRange) {
		Size2D s = arrangeNN(g2);
		if (widthRange.contains(s.getWidth())) {
			return s;
		}
		double ww = widthRange.constrain(s.getWidth());
		return arrangeFN(g2, ww);
	}

  protected Size2D arrangeRN(Graphics2D g2, Range widthRange) {
        return arrangeRNExtracted(g2, widthRange);
    }

  protected Size2D arrangeRN_2(Graphics2D g2, Range widthRange) {
        return arrangeRNExtracted(g2, widthRange);
    }"
"public void removeSeries(Comparable seriesKey) {
        int seriesIndex = indexOf(seriesKey);
        if (seriesIndex >= 0) {
            this.seriesKeys.remove(seriesIndex);
            this.seriesList.remove(seriesIndex);
            notifyListeners(new DatasetChangeEvent(this, this));
        }
    }","public void removeSeries(Comparable seriesKey) {
        int seriesIndex = indexOf(seriesKey);
        if (seriesIndex >= 0) {
            this.seriesKeys.remove(seriesIndex);
            this.seriesList.remove(seriesIndex);
            notifyListeners(new DatasetChangeEvent(this, this));
        }
    }",Type-1,"protected void removeSeriesExtracted(Comparable seriesKey, List thisSeriesKeys, List thisSeriesList) {
		int seriesIndex = indexOf(seriesKey);
		if (seriesIndex >= 0) {
			thisSeriesKeys.remove(seriesIndex);
			thisSeriesList.remove(seriesIndex);
			notifyListeners(new DatasetChangeEvent(this, this));
		}
		return;
	}
  
  public void removeSeries(Comparable seriesKey) {
        removeSeriesExtracted(seriesKey, this.seriesKeys, this.seriesList);
    }

  public void removeSeries_2(Comparable seriesKey) {
        removeSeriesExtracted(seriesKey, this.seriesKeys, this.seriesList);
    }

    "
"public void zoomRangeAxes(double lowerPercent, double upperPercent,
                              PlotRenderingInfo info, Point2D source) {
        for (int i = 0; i < this.rangeAxes.size(); i++) {
            ValueAxis rangeAxis = (ValueAxis) this.rangeAxes.get(i);
            if (rangeAxis != null) {
                rangeAxis.zoomRange(lowerPercent, upperPercent);
            }
        }
    }","public void zoomRangeAxes(double lowerPercent, double upperPercent,
                              PlotRenderingInfo info, Point2D source) {
        for (int i = 0; i < this.rangeAxes.size(); i++) {
            ValueAxis rangeAxis = (ValueAxis) this.rangeAxes.get(i);
            if (rangeAxis != null) {
                rangeAxis.zoomRange(lowerPercent, upperPercent);
            }
        }
    }",Type-1,"protected void zoomRangeAxesExtracted(double lowerPercent, double upperPercent, ObjectList thisRangeAxes) {
		for (int i = 0; i < thisRangeAxes.size(); i++) {
			ValueAxis rangeAxis = (ValueAxis) thisRangeAxes.get(i);
			if (rangeAxis != null) {
				rangeAxis.zoomRange(lowerPercent, upperPercent);
			}
		}
		return;
	}

public void zoomRangeAxes(double lowerPercent, double upperPercent,
                              PlotRenderingInfo info, Point2D source) {
        zoomRangeAxesExtracted(lowerPercent, upperPercent, this.rangeAxes);
    }

public void zoomRangeAxes_2(double lowerPercent, double upperPercent,
                              PlotRenderingInfo info, Point2D source) {
        zoomRangeAxesExtracted(lowerPercent, upperPercent, this.rangeAxes);
    }"
"private void drawHighFarOut(double aRadius, Graphics2D g2, double xx,
                                double m) {
        double side = aRadius * 2;
        g2.draw(new Line2D.Double(xx - side, m + side, xx + side, m + side));
        g2.draw(new Line2D.Double(xx - side, m + side, xx, m));
        g2.draw(new Line2D.Double(xx + side, m + side, xx, m));
    }","private void drawHighFarOut(double aRadius, Graphics2D g2, double xx,
                                double m) {
        double side = aRadius * 2;
        g2.draw(new Line2D.Double(xx - side, m + side, xx + side, m + side));
        g2.draw(new Line2D.Double(xx - side, m + side, xx, m));
        g2.draw(new Line2D.Double(xx + side, m + side, xx, m));
    }",Type-1,"protected void drawHighFarOutExtracted(double aRadius, Graphics2D g2, double xx, double m) {
		double side = aRadius * 2;
		g2.draw(new Line2D.Double(xx - side, m + side, xx + side, m + side));
		g2.draw(new Line2D.Double(xx - side, m + side, xx, m));
		g2.draw(new Line2D.Double(xx + side, m + side, xx, m));
	}

  private void drawHighFarOut(double aRadius, Graphics2D g2, double xx,
                                double m) {
        drawHighFarOutExtracted(aRadius, g2, xx, m);
    }

  private void drawHighFarOut_2(double aRadius, Graphics2D g2, double xx,
                                double m) {
        drawHighFarOutExtracted(aRadius, g2, xx, m);
    }"
"protected void drawLowFarOut(double aRadius, Graphics2D g2, double xx, 
            double m) {
        double side = aRadius * 2;
        g2.draw(new Line2D.Double(xx - side, m - side, xx + side, m - side));
        g2.draw(new Line2D.Double(xx - side, m - side, xx, m));
        g2.draw(new Line2D.Double(xx + side, m - side, xx, m));
    }","protected void drawLowFarOut(double aRadius, Graphics2D g2, double xx, 
            double m) {
        double side = aRadius * 2;
        g2.draw(new Line2D.Double(xx - side, m - side, xx + side, m - side));
        g2.draw(new Line2D.Double(xx - side, m - side, xx, m));
        g2.draw(new Line2D.Double(xx + side, m - side, xx, m));
    }",Type-1,"protected void drawLowFarOutExtracted(double aRadius, Graphics2D g2, double xx, double m) {
		double side = aRadius * 2;
		g2.draw(new Line2D.Double(xx - side, m - side, xx + side, m - side));
		g2.draw(new Line2D.Double(xx - side, m - side, xx, m));
		g2.draw(new Line2D.Double(xx + side, m - side, xx, m));
	}

  protected void drawLowFarOut(double aRadius, Graphics2D g2, double xx, 
            double m) {
        drawLowFarOutExtracted(aRadius, g2, xx, m);
    }

  protected void drawLowFarOut_2(double aRadius, Graphics2D g2, double xx, 
            double m) {
        drawLowFarOutExtracted(aRadius, g2, xx, m);
    }"
"public int getItemCount(int series) {
        if ((series < 0) || (series >= getSeriesCount())) {
            throw new IllegalArgumentException(""Series index out of bounds"");
        }
        double[][] seriesArray = (double[][]) this.seriesList.get(series);
        return seriesArray[0].length;
    }","public int getItemCount(int series) {
        if ((series < 0) || (series >= getSeriesCount())) {
            throw new IllegalArgumentException(""Series index out of bounds"");
        }
        double[][] seriesArray = (double[][]) this.seriesList.get(series);
        return seriesArray[0].length;
    }",Type-1,"protected int getItemCountExtracted(int series, List thisSeriesList) {
		if ((series < 0) || (series >= getSeriesCount())) {
			throw new IllegalArgumentException(""Series index out of bounds"");
		}
		double[][] seriesArray = (double[][]) thisSeriesList.get(series);
		return seriesArray[0].length;
	}

  public int getItemCount(int series) {
        return getItemCountExtracted(series, this.seriesList);
    }

  public int getItemCount_2(int series) {
        return getItemCountExtracted(series, this.seriesList);
    }"
"public int hashCode() {
        int result;
        result = this.rowKeys.hashCode();
        result = 29 * result + this.columnKeys.hashCode();
        result = 29 * result + this.rows.hashCode();
        return result;
    }","public int hashCode() {
        int result;
        result = this.rowKeys.hashCode();
        result = 29 * result + this.columnKeys.hashCode();
        result = 29 * result + this.rows.hashCode();
        return result;
    }",Type-1,"protected int hashCodeExtracted(List thisRowKeys, List thisColumnKeys, List thisRows) {
		int result;
		result = thisRowKeys.hashCode();
		result = 29 * result + thisColumnKeys.hashCode();
		result = 29 * result + thisRows.hashCode();
		return result;
	}

  public int hashCode() {
        return hashCodeExtracted(this.rowKeys, this.columnKeys, this.rows);
    }

  public int hashCode_2() {
        return hashCodeExtracted(this.rowKeys, this.columnKeys, this.rows);
    }"
"private double[] averageStackValues(double[] stack1, double[] stack2) {
        double[] result = new double[2];
        result[0] = (stack1[0] + stack2[0]) / 2.0;
        result[1] = (stack1[1] + stack2[1]) / 2.0;
        return result;
    }","private double[] averageStackValues(double[] stack1, double[] stack2) {
        double[] result = new double[2];
        result[0] = (stack1[0] + stack2[0]) / 2.0;
        result[1] = (stack1[1] + stack2[1]) / 2.0;
        return result;
    }",Type-1,"protected double[] averageStackValuesExtracted(double[] stack1, double[] stack2) {
		double[] result = new double[2];
		result[0] = (stack1[0] + stack2[0]) / 2.0;
		result[1] = (stack1[1] + stack2[1]) / 2.0;
		return result;
	}

  private double[] averageStackValues(double[] stack1, double[] stack2) {
        return averageStackValuesExtracted(stack1, stack2);
    }

  private double[] averageStackValues_2(double[] stack1, double[] stack2) {
        return averageStackValuesExtracted(stack1, stack2);
    }"
"private void writeObject(ObjectOutputStream stream) throws IOException {
        stream.defaultWriteObject();
        SerialUtilities.writePaint(this.backgroundPaint, stream);
        SerialUtilities.writePaint(this.foregroundPaint, stream);
        SerialUtilities.writeStroke(this.stroke, stream);
    }","private void writeObject(ObjectOutputStream stream) throws IOException {
        stream.defaultWriteObject();
        SerialUtilities.writePaint(this.backgroundPaint, stream);
        SerialUtilities.writePaint(this.foregroundPaint, stream);
        SerialUtilities.writeStroke(this.stroke, stream);
    }",Type-1,"protected void writeObjectExtracted(ObjectOutputStream stream) throws IOException {
		stream.defaultWriteObject();
		SerialUtilities.writePaint(this.backgroundPaint, stream);
		SerialUtilities.writePaint(this.foregroundPaint, stream);
		SerialUtilities.writeStroke(this.stroke, stream);
	}

  private void writeObject(ObjectOutputStream stream) throws IOException {
        writeObjectExtracted(stream);
    }

  private void writeObject_2(ObjectOutputStream stream) throws IOException {
        writeObjectExtracted(stream);
    }"
"    public void drawDomainMarker(Graphics2D g2,
                                 XYPlot plot,
                                 ValueAxis domainAxis,
                                 Marker marker,
                                 Rectangle2D dataArea) {

        if (marker instanceof ValueMarker) {
            ValueMarker vm = (ValueMarker) marker;
            double value = vm.getValue();
            Range range = domainAxis.getRange();
            if (!range.contains(value)) {
                return;
            }

            double v = domainAxis.valueToJava2D(value, dataArea,
                    plot.getDomainAxisEdge());

            PlotOrientation orientation = plot.getOrientation();
            Line2D line = null;
            if (orientation == PlotOrientation.HORIZONTAL) {
                line = new Line2D.Double(dataArea.getMinX(), v,
                        dataArea.getMaxX(), v);
            }
            else if (orientation == PlotOrientation.VERTICAL) {
                line = new Line2D.Double(v, dataArea.getMinY(), v,
                        dataArea.getMaxY());
            }

            final Composite originalComposite = g2.getComposite();
            g2.setComposite(AlphaComposite.getInstance(
                    AlphaComposite.SRC_OVER, marker.getAlpha()));
            g2.setPaint(marker.getPaint());
            g2.setStroke(marker.getStroke());
            g2.draw(line);

            String label = marker.getLabel();
            RectangleAnchor anchor = marker.getLabelAnchor();
            if (label != null) {
                Font labelFont = marker.getLabelFont();
                g2.setFont(labelFont);
                g2.setPaint(marker.getLabelPaint());
                Point2D coordinates = calculateDomainMarkerTextAnchorPoint(
                        g2, orientation, dataArea, line.getBounds2D(),
                        marker.getLabelOffset(),
                        LengthAdjustmentType.EXPAND, anchor);
                TextUtilities.drawAlignedString(label, g2,
                        (float) coordinates.getX(), (float) coordinates.getY(),
                        marker.getLabelTextAnchor());
            }
            g2.setComposite(originalComposite);
        }
        else if (marker instanceof IntervalMarker) {
            IntervalMarker im = (IntervalMarker) marker;
            double start = im.getStartValue();
            double end = im.getEndValue();
            Range range = domainAxis.getRange();
            if (!(range.intersects(start, end))) {
                return;
            }

            double start2d = domainAxis.valueToJava2D(start, dataArea,
                    plot.getDomainAxisEdge());
            double end2d = domainAxis.valueToJava2D(end, dataArea,
                    plot.getDomainAxisEdge());
            double low = Math.min(start2d, end2d);
            double high = Math.max(start2d, end2d);

            PlotOrientation orientation = plot.getOrientation();
            Rectangle2D rect = null;
            if (orientation == PlotOrientation.HORIZONTAL) {
                // clip top and bottom bounds to data area
                low = Math.max(low, dataArea.getMinY());
                high = Math.min(high, dataArea.getMaxY());
                rect = new Rectangle2D.Double(dataArea.getMinX(),
                        low, dataArea.getWidth(),
                        high - low);
            }
            else if (orientation == PlotOrientation.VERTICAL) {
                // clip left and right bounds to data area
                low = Math.max(low, dataArea.getMinX());
                high = Math.min(high, dataArea.getMaxX());
                rect = new Rectangle2D.Double(low,
                        dataArea.getMinY(), high - low,
                        dataArea.getHeight());
            }

            final Composite originalComposite = g2.getComposite();
            g2.setComposite(AlphaComposite.getInstance(
                    AlphaComposite.SRC_OVER, marker.getAlpha()));
            Paint p = marker.getPaint();
            if (p instanceof GradientPaint) {
                GradientPaint gp = (GradientPaint) p;
                GradientPaintTransformer t = im.getGradientPaintTransformer();
                if (t != null) {
                    gp = t.transform(gp, rect);
                }
                g2.setPaint(gp);
            }
            else {
                g2.setPaint(p);
            }
            g2.fill(rect);

            // now draw the outlines, if visible...
            if (im.getOutlinePaint() != null && im.getOutlineStroke() != null) {
                if (orientation == PlotOrientation.VERTICAL) {
                    Line2D line = new Line2D.Double();
                    double y0 = dataArea.getMinY();
                    double y1 = dataArea.getMaxY();
                    g2.setPaint(im.getOutlinePaint());
                    g2.setStroke(im.getOutlineStroke());
                    if (range.contains(start)) {
                        line.setLine(start2d, y0, start2d, y1);
                        g2.draw(line);
                    }
                    if (range.contains(end)) {
                        line.setLine(end2d, y0, end2d, y1);
                        g2.draw(line);
                    }
                }
                else { // PlotOrientation.HORIZONTAL
                    Line2D line = new Line2D.Double();
                    double x0 = dataArea.getMinX();
                    double x1 = dataArea.getMaxX();
                    g2.setPaint(im.getOutlinePaint());
                    g2.setStroke(im.getOutlineStroke());
                    if (range.contains(start)) {
                        line.setLine(x0, start2d, x1, start2d);
                        g2.draw(line);
                    }
                    if (range.contains(end)) {
                        line.setLine(x0, end2d, x1, end2d);
                        g2.draw(line);
                    }
                }
            }

            String label = marker.getLabel();
            RectangleAnchor anchor = marker.getLabelAnchor();
            if (label != null) {
                Font labelFont = marker.getLabelFont();
                g2.setFont(labelFont);
                g2.setPaint(marker.getLabelPaint());
                Point2D coordinates = calculateDomainMarkerTextAnchorPoint(
                        g2, orientation, dataArea, rect,
                        marker.getLabelOffset(), marker.getLabelOffsetType(),
                        anchor);
                TextUtilities.drawAlignedString(label, g2,
                        (float) coordinates.getX(), (float) coordinates.getY(),
                        marker.getLabelTextAnchor());
            }
            g2.setComposite(originalComposite);

        }

    }"," public void drawRangeMarker(Graphics2D g2,
                                XYPlot plot,
                                ValueAxis rangeAxis,
                                Marker marker,
                                Rectangle2D dataArea) {

        if (marker instanceof ValueMarker) {
            ValueMarker vm = (ValueMarker) marker;
            double value = vm.getValue();
            Range range = rangeAxis.getRange();
            if (!range.contains(value)) {
                return;
            }

            double v = rangeAxis.valueToJava2D(value, dataArea,
                    plot.getRangeAxisEdge());
            PlotOrientation orientation = plot.getOrientation();
            Line2D line = null;
            if (orientation == PlotOrientation.HORIZONTAL) {
                line = new Line2D.Double(v, dataArea.getMinY(), v,
                        dataArea.getMaxY());
            }
            else if (orientation == PlotOrientation.VERTICAL) {
                line = new Line2D.Double(dataArea.getMinX(), v,
                        dataArea.getMaxX(), v);
            }

            final Composite originalComposite = g2.getComposite();
            g2.setComposite(AlphaComposite.getInstance(
                    AlphaComposite.SRC_OVER, marker.getAlpha()));
            g2.setPaint(marker.getPaint());
            g2.setStroke(marker.getStroke());
            g2.draw(line);

            String label = marker.getLabel();
            RectangleAnchor anchor = marker.getLabelAnchor();
            if (label != null) {
                Font labelFont = marker.getLabelFont();
                g2.setFont(labelFont);
                g2.setPaint(marker.getLabelPaint());
                Point2D coordinates = calculateRangeMarkerTextAnchorPoint(
                        g2, orientation, dataArea, line.getBounds2D(),
                        marker.getLabelOffset(),
                        LengthAdjustmentType.EXPAND, anchor);
                TextUtilities.drawAlignedString(label, g2,
                        (float) coordinates.getX(), (float) coordinates.getY(),
                        marker.getLabelTextAnchor());
            }
            g2.setComposite(originalComposite);
        }
        else if (marker instanceof IntervalMarker) {
            IntervalMarker im = (IntervalMarker) marker;
            double start = im.getStartValue();
            double end = im.getEndValue();
            Range range = rangeAxis.getRange();
            if (!(range.intersects(start, end))) {
                return;
            }

            double start2d = rangeAxis.valueToJava2D(start, dataArea,
                    plot.getRangeAxisEdge());
            double end2d = rangeAxis.valueToJava2D(end, dataArea,
                    plot.getRangeAxisEdge());
            double low = Math.min(start2d, end2d);
            double high = Math.max(start2d, end2d);

            PlotOrientation orientation = plot.getOrientation();
            Rectangle2D rect = null;
            if (orientation == PlotOrientation.HORIZONTAL) {
                // clip left and right bounds to data area
                low = Math.max(low, dataArea.getMinX());
                high = Math.min(high, dataArea.getMaxX());
                rect = new Rectangle2D.Double(low,
                        dataArea.getMinY(), high - low,
                        dataArea.getHeight());
            }
            else if (orientation == PlotOrientation.VERTICAL) {
                // clip top and bottom bounds to data area
                low = Math.max(low, dataArea.getMinY());
                high = Math.min(high, dataArea.getMaxY());
                rect = new Rectangle2D.Double(dataArea.getMinX(),
                        low, dataArea.getWidth(),
                        high - low);
            }

            final Composite originalComposite = g2.getComposite();
            g2.setComposite(AlphaComposite.getInstance(
                    AlphaComposite.SRC_OVER, marker.getAlpha()));
            Paint p = marker.getPaint();
            if (p instanceof GradientPaint) {
                GradientPaint gp = (GradientPaint) p;
                GradientPaintTransformer t = im.getGradientPaintTransformer();
                if (t != null) {
                    gp = t.transform(gp, rect);
                }
                g2.setPaint(gp);
            }
            else {
                g2.setPaint(p);
            }
            g2.fill(rect);

            // now draw the outlines, if visible...
            if (im.getOutlinePaint() != null && im.getOutlineStroke() != null) {
                if (orientation == PlotOrientation.VERTICAL) {
                    Line2D line = new Line2D.Double();
                    double x0 = dataArea.getMinX();
                    double x1 = dataArea.getMaxX();
                    g2.setPaint(im.getOutlinePaint());
                    g2.setStroke(im.getOutlineStroke());
                    if (range.contains(start)) {
                        line.setLine(x0, start2d, x1, start2d);
                        g2.draw(line);
                    }
                    if (range.contains(end)) {
                        line.setLine(x0, end2d, x1, end2d);
                        g2.draw(line);
                    }
                }
                else { // PlotOrientation.HORIZONTAL
                    Line2D line = new Line2D.Double();
                    double y0 = dataArea.getMinY();
                    double y1 = dataArea.getMaxY();
                    g2.setPaint(im.getOutlinePaint());
                    g2.setStroke(im.getOutlineStroke());
                    if (range.contains(start)) {
                        line.setLine(start2d, y0, start2d, y1);
                        g2.draw(line);
                    }
                    if (range.contains(end)) {
                        line.setLine(end2d, y0, end2d, y1);
                        g2.draw(line);
                    }
                }
            }

            String label = marker.getLabel();
            RectangleAnchor anchor = marker.getLabelAnchor();
            if (label != null) {
                Font labelFont = marker.getLabelFont();
                g2.setFont(labelFont);
                g2.setPaint(marker.getLabelPaint());
                Point2D coordinates = calculateRangeMarkerTextAnchorPoint(
                        g2, orientation, dataArea, rect,
                        marker.getLabelOffset(), marker.getLabelOffsetType(),
                        anchor);
                TextUtilities.drawAlignedString(label, g2,
                        (float) coordinates.getX(), (float) coordinates.getY(),
                        marker.getLabelTextAnchor());
            }
            g2.setComposite(originalComposite);
        }
    }",Type-2,"
	private interface Interface3 {
		Point2D apply(PlotOrientation orientation, Line2D line, RectangleAnchor anchor);
	}

	@FunctionalInterface
	private interface Interface5 {
		Point2D apply(PlotOrientation orientation, Rectangle2D rect, RectangleAnchor anchor);
	}

	private void drawMarker(Marker marker, ValueAxis domainAxis, XYPlot plot, Rectangle2D dataArea, Graphics2D g2,
			RectangleEdge arg0, PlotOrientation arg1, PlotOrientation arg2, Interface3 arg3,
			Function<PlotOrientation, Boolean> arg4, Interface5 arg5) {
		if (marker instanceof ValueMarker) {
			ValueMarker vm = (ValueMarker) marker;
			double value = vm.getValue();
			Range range = domainAxis.getRange();
			if (!range.contains(value)) {
				return;
			}
			double v = domainAxis.valueToJava2D(value, dataArea, arg0);
			PlotOrientation orientation = plot.getOrientation();
			Line2D line = null;
			if (orientation == arg1) {
				line = new Line2D.Double(dataArea.getMinX(), v, dataArea.getMaxX(), v);
			} else if (orientation == arg2) {
				line = new Line2D.Double(v, dataArea.getMinY(), v, dataArea.getMaxY());
			}
			final Composite originalComposite = g2.getComposite();
			g2.setComposite(AlphaComposite.getInstance(AlphaComposite.SRC_OVER, marker.getAlpha()));
			g2.setPaint(marker.getPaint());
			g2.setStroke(marker.getStroke());
			g2.draw(line);
			String label = marker.getLabel();
			RectangleAnchor anchor = marker.getLabelAnchor();
			if (label != null) {
				Font labelFont = marker.getLabelFont();
				g2.setFont(labelFont);
				g2.setPaint(marker.getLabelPaint());
				Point2D coordinates = arg3.apply(orientation, line, anchor);
				TextUtilities.drawAlignedString(label, g2, (float) coordinates.getX(), (float) coordinates.getY(),
						marker.getLabelTextAnchor());
			}
			g2.setComposite(originalComposite);
		} else if (marker instanceof IntervalMarker) {
			IntervalMarker im = (IntervalMarker) marker;
			double start = im.getStartValue();
			double end = im.getEndValue();
			Range range = domainAxis.getRange();
			if (!(range.intersects(start, end))) {
				return;
			}
			double start2d = domainAxis.valueToJava2D(start, dataArea, arg0);
			double end2d = domainAxis.valueToJava2D(end, dataArea, arg0);
			double low = Math.min(start2d, end2d);
			double high = Math.max(start2d, end2d);
			PlotOrientation orientation = plot.getOrientation();
			Rectangle2D rect = null;
			if (orientation == arg1) {
				low = Math.max(low, dataArea.getMinY());
				high = Math.min(high, dataArea.getMaxY());
				rect = new Rectangle2D.Double(dataArea.getMinX(), low, dataArea.getWidth(), high - low);
			} else if (orientation == arg2) {
				low = Math.max(low, dataArea.getMinX());
				high = Math.min(high, dataArea.getMaxX());
				rect = new Rectangle2D.Double(low, dataArea.getMinY(), high - low, dataArea.getHeight());
			}
			final Composite originalComposite = g2.getComposite();
			g2.setComposite(AlphaComposite.getInstance(AlphaComposite.SRC_OVER, marker.getAlpha()));
			Paint p = marker.getPaint();
			if (p instanceof GradientPaint) {
				GradientPaint gp = (GradientPaint) p;
				GradientPaintTransformer t = im.getGradientPaintTransformer();
				if (t != null) {
					gp = t.transform(gp, rect);
				}
				g2.setPaint(gp);
			} else {
				g2.setPaint(p);
			}
			g2.fill(rect);
			if (im.getOutlinePaint() != null && im.getOutlineStroke() != null) {
				if ((boolean) arg4.apply(orientation)) {
					Line2D line = new Line2D.Double();
					double y0 = dataArea.getMinY();
					double y1 = dataArea.getMaxY();
					g2.setPaint(im.getOutlinePaint());
					g2.setStroke(im.getOutlineStroke());
					if (range.contains(start)) {
						line.setLine(start2d, y0, start2d, y1);
						g2.draw(line);
					}
					if (range.contains(end)) {
						line.setLine(end2d, y0, end2d, y1);
						g2.draw(line);
					}
				} else {
					Line2D line = new Line2D.Double();
					double x0 = dataArea.getMinX();
					double x1 = dataArea.getMaxX();
					g2.setPaint(im.getOutlinePaint());
					g2.setStroke(im.getOutlineStroke());
					if (range.contains(start)) {
						line.setLine(x0, start2d, x1, start2d);
						g2.draw(line);
					}
					if (range.contains(end)) {
						line.setLine(x0, end2d, x1, end2d);
						g2.draw(line);
					}
				}
			}
			String label = marker.getLabel();
			RectangleAnchor anchor = marker.getLabelAnchor();
			if (label != null) {
				Font labelFont = marker.getLabelFont();
				g2.setFont(labelFont);
				g2.setPaint(marker.getLabelPaint());
				Point2D coordinates = arg5.apply(orientation, rect, anchor);
				TextUtilities.drawAlignedString(label, g2, (float) coordinates.getX(), (float) coordinates.getY(),
						marker.getLabelTextAnchor());
			}
			g2.setComposite(originalComposite);
		}
		return;
	}


  public void drawRangeMarker(Graphics2D g2,
                                  XYPlot plot,
                                  ValueAxis rangeAxis,
                                  Marker marker,
                                  Rectangle2D dataArea) {

          drawMarker(marker, rangeAxis, plot, dataArea, g2, plot.getRangeAxisEdge(),
  											PlotOrientation.VERTICAL, PlotOrientation.HORIZONTAL,
  											(PlotOrientation orientation, Line2D line,
  													RectangleAnchor anchor) -> calculateRangeMarkerTextAnchorPoint(g2,
  															orientation, dataArea, line.getBounds2D(),
  															marker.getLabelOffset(), LengthAdjustmentType.EXPAND,
  															anchor),
  											(PlotOrientation orientation) -> !(orientation == PlotOrientation.VERTICAL),
  											(PlotOrientation orientation, Rectangle2D rect,
  													RectangleAnchor anchor) -> calculateRangeMarkerTextAnchorPoint(g2,
  															orientation, dataArea, rect, marker.getLabelOffset(),
  															marker.getLabelOffsetType(), anchor));
      }

public void drawDomainMarker(Graphics2D g2,
                                     XYPlot plot,
                                     ValueAxis domainAxis,
                                     Marker marker,
                                     Rectangle2D dataArea) {

            drawMarker(marker, domainAxis, plot, dataArea, g2, plot.getDomainAxisEdge(),
    											PlotOrientation.HORIZONTAL, PlotOrientation.VERTICAL,
    											(PlotOrientation orientation, Line2D line,
    													RectangleAnchor anchor) -> calculateDomainMarkerTextAnchorPoint(g2,
    															orientation, dataArea, line.getBounds2D(),
    															marker.getLabelOffset(), LengthAdjustmentType.EXPAND,
    															anchor),
    											(PlotOrientation orientation) -> orientation == PlotOrientation.VERTICAL,
    											(PlotOrientation orientation, Rectangle2D rect,
    													RectangleAnchor anchor) -> calculateDomainMarkerTextAnchorPoint(g2,
    															orientation, dataArea, rect, marker.getLabelOffset(),
    															marker.getLabelOffsetType(), anchor));

        }"
"    protected void drawStackHorizontal(List values, Comparable category,
            Graphics2D g2, CategoryItemRendererState state,
            Rectangle2D dataArea, CategoryPlot plot,
            CategoryAxis domainAxis, ValueAxis rangeAxis,
            CategoryDataset dataset) {

        int column = dataset.getColumnIndex(category);
        double barX0 = domainAxis.getCategoryMiddle(column,
                dataset.getColumnCount(), dataArea, plot.getDomainAxisEdge())
                - state.getBarWidth() / 2.0;
        double barW = state.getBarWidth();

        // a list to store the series index and bar region, so we can draw
        // all the labels at the end...
        List itemLabelList = new ArrayList();

        // draw the blocks
        boolean inverted = rangeAxis.isInverted();
        int blockCount = values.size() - 1;
        for (int k = 0; k < blockCount; k++) {
            int index = (inverted ? blockCount - k - 1 : k);
            Object[] prev = (Object[]) values.get(index);
            Object[] curr = (Object[]) values.get(index + 1);
            int series = 0;
            if (curr[0] == null) {
                series = -((Integer) prev[0]).intValue();
            }
            else {
                series = ((Integer) curr[0]).intValue();
                if (series < 0) {
                    series = -((Integer) prev[0]).intValue();
                }
            }
            double v0 = ((Double) prev[1]).doubleValue();
            double vv0 = rangeAxis.valueToJava2D(v0, dataArea,
                    plot.getRangeAxisEdge());

            double v1 = ((Double) curr[1]).doubleValue();
            double vv1 = rangeAxis.valueToJava2D(v1, dataArea,
                    plot.getRangeAxisEdge());

            Shape[] faces = createHorizontalBlock(barX0, barW, vv0, vv1,
                    inverted);
            Paint fillPaint = getItemPaint(series, column);
            Paint fillPaintDark = fillPaint;
            if (fillPaintDark instanceof Color) {
                fillPaintDark = ((Color) fillPaint).darker();
            }
            boolean drawOutlines = isDrawBarOutline();
            Paint outlinePaint = fillPaint;
            if (drawOutlines) {
                outlinePaint = getItemOutlinePaint(series, column);
                g2.setStroke(getItemOutlineStroke(series, column));
            }
            for (int f = 0; f < 6; f++) {
                if (f == 5) {
                    g2.setPaint(fillPaint);
                }
                else {
                    g2.setPaint(fillPaintDark);
                }
                g2.fill(faces[f]);
                if (drawOutlines) {
                    g2.setPaint(outlinePaint);
                    g2.draw(faces[f]);
                }
            }

            itemLabelList.add(new Object[] {new Integer(series),
                    faces[5].getBounds2D(),
                    BooleanUtilities.valueOf(v0 < getBase())});

            // add an item entity, if this information is being collected
            EntityCollection entities = state.getEntityCollection();
            if (entities != null) {
                addItemEntity(entities, dataset, series, column, faces[5]);
            }

        }

        for (int i = 0; i < itemLabelList.size(); i++) {
            Object[] record = (Object[]) itemLabelList.get(i);
            int series = ((Integer) record[0]).intValue();
            Rectangle2D bar = (Rectangle2D) record[1];
            boolean neg = ((Boolean) record[2]).booleanValue();
            CategoryItemLabelGenerator generator
                    = getItemLabelGenerator(series, column);
            if (generator != null && isItemLabelVisible(series, column)) {
                drawItemLabel(g2, dataset, series, column, plot, generator,
                        bar, neg);
            }

        }
    }","    protected void drawStackVertical(List values, Comparable category,
            Graphics2D g2, CategoryItemRendererState state,
            Rectangle2D dataArea, CategoryPlot plot,
            CategoryAxis domainAxis, ValueAxis rangeAxis,
            CategoryDataset dataset) {

        int column = dataset.getColumnIndex(category);
        double barX0 = domainAxis.getCategoryMiddle(column,
                dataset.getColumnCount(), dataArea, plot.getDomainAxisEdge())
                - state.getBarWidth() / 2.0;
        double barW = state.getBarWidth();

        // a list to store the series index and bar region, so we can draw
        // all the labels at the end...
        List itemLabelList = new ArrayList();

        // draw the blocks
        boolean inverted = rangeAxis.isInverted();
        int blockCount = values.size() - 1;
        for (int k = 0; k < blockCount; k++) {
            int index = (inverted ? blockCount - k - 1 : k);
            Object[] prev = (Object[]) values.get(index);
            Object[] curr = (Object[]) values.get(index + 1);
            int series = 0;
            if (curr[0] == null) {
                series = -((Integer) prev[0]).intValue();
            }
            else {
                series = ((Integer) curr[0]).intValue();
                if (series < 0) {
                    series = -((Integer) prev[0]).intValue();
                }
            }
            double v0 = ((Double) prev[1]).doubleValue();
            double vv0 = rangeAxis.valueToJava2D(v0, dataArea,
                    plot.getRangeAxisEdge());

            double v1 = ((Double) curr[1]).doubleValue();
            double vv1 = rangeAxis.valueToJava2D(v1, dataArea,
                    plot.getRangeAxisEdge());

            Shape[] faces = createVerticalBlock(barX0, barW, vv0, vv1,
                    inverted);
            Paint fillPaint = getItemPaint(series, column);
            Paint fillPaintDark = fillPaint;
            if (fillPaintDark instanceof Color) {
                fillPaintDark = ((Color) fillPaint).darker();
            }
            boolean drawOutlines = isDrawBarOutline();
            Paint outlinePaint = fillPaint;
            if (drawOutlines) {
                outlinePaint = getItemOutlinePaint(series, column);
                g2.setStroke(getItemOutlineStroke(series, column));
            }

            for (int f = 0; f < 6; f++) {
                if (f == 5) {
                    g2.setPaint(fillPaint);
                }
                else {
                    g2.setPaint(fillPaintDark);
                }
                g2.fill(faces[f]);
                if (drawOutlines) {
                    g2.setPaint(outlinePaint);
                    g2.draw(faces[f]);
                }
            }

            itemLabelList.add(new Object[] {new Integer(series),
                    faces[5].getBounds2D(),
                    BooleanUtilities.valueOf(v0 < getBase())});

            // add an item entity, if this information is being collected
            EntityCollection entities = state.getEntityCollection();
            if (entities != null) {
                addItemEntity(entities, dataset, series, column, faces[5]);
            }

        }

        for (int i = 0; i < itemLabelList.size(); i++) {
            Object[] record = (Object[]) itemLabelList.get(i);
            int series = ((Integer) record[0]).intValue();
            Rectangle2D bar = (Rectangle2D) record[1];
            boolean neg = ((Boolean) record[2]).booleanValue();
            CategoryItemLabelGenerator generator
                    = getItemLabelGenerator(series, column);
            if (generator != null && isItemLabelVisible(series, column)) {
                drawItemLabel(g2, dataset, series, column, plot, generator,
                        bar, neg);
            }

        }
    }",Type-2,"private interface Interface0 {
		Shape[] apply(double barX0, double barW, double vv0, double vv1, boolean inverted);
	}

	private void drawStack(Comparable category, CategoryDataset dataset, CategoryItemRendererState state,
			Rectangle2D dataArea, CategoryPlot plot, CategoryAxis domainAxis, ValueAxis rangeAxis, List values,
			Graphics2D g2, Interface0 arg0) {
		int column = dataset.getColumnIndex(category);
		double barX0 = domainAxis.getCategoryMiddle(column, dataset.getColumnCount(), dataArea,
				plot.getDomainAxisEdge()) - state.getBarWidth() / 2.0;
		double barW = state.getBarWidth();
		List itemLabelList = new ArrayList();
		boolean inverted = rangeAxis.isInverted();
		int blockCount = values.size() - 1;
		for (int k = 0; k < blockCount; k++) {
			int index = (inverted ? blockCount - k - 1 : k);
			Object[] prev = (Object[]) values.get(index);
			Object[] curr = (Object[]) values.get(index + 1);
			int series = 0;
			if (curr[0] == null) {
				series = -((Integer) prev[0]).intValue();
			} else {
				series = ((Integer) curr[0]).intValue();
				if (series < 0) {
					series = -((Integer) prev[0]).intValue();
				}
			}
			double v0 = ((Double) prev[1]).doubleValue();
			double vv0 = rangeAxis.valueToJava2D(v0, dataArea, plot.getRangeAxisEdge());
			double v1 = ((Double) curr[1]).doubleValue();
			double vv1 = rangeAxis.valueToJava2D(v1, dataArea, plot.getRangeAxisEdge());
			Shape[] faces = arg0.apply(barX0, barW, vv0, vv1, inverted);
			Paint fillPaint = getItemPaint(series, column);
			Paint fillPaintDark = fillPaint;
			if (fillPaintDark instanceof Color) {
				fillPaintDark = ((Color) fillPaint).darker();
			}
			boolean drawOutlines = isDrawBarOutline();
			Paint outlinePaint = fillPaint;
			if (drawOutlines) {
				outlinePaint = getItemOutlinePaint(series, column);
				g2.setStroke(getItemOutlineStroke(series, column));
			}
			for (int f = 0; f < 6; f++) {
				if (f == 5) {
					g2.setPaint(fillPaint);
				} else {
					g2.setPaint(fillPaintDark);
				}
				g2.fill(faces[f]);
				if (drawOutlines) {
					g2.setPaint(outlinePaint);
					g2.draw(faces[f]);
				}
			}
			itemLabelList.add(new Object[] { new Integer(series), faces[5].getBounds2D(),
					BooleanUtilities.valueOf(v0 < getBase()) });
			EntityCollection entities = state.getEntityCollection();
			if (entities != null) {
				addItemEntity(entities, dataset, series, column, faces[5]);
			}
		}
		for (int i = 0; i < itemLabelList.size(); i++) {
			Object[] record = (Object[]) itemLabelList.get(i);
			int series = ((Integer) record[0]).intValue();
			Rectangle2D bar = (Rectangle2D) record[1];
			boolean neg = ((Boolean) record[2]).booleanValue();
			CategoryItemLabelGenerator generator = getItemLabelGenerator(series, column);
			if (generator != null && isItemLabelVisible(series, column)) {
				drawItemLabel(g2, dataset, series, column, plot, generator, bar, neg);
			}
		}
		return;
	}

  protected void drawStackVertical(List values, Comparable category,
            Graphics2D g2, CategoryItemRendererState state,
            Rectangle2D dataArea, CategoryPlot plot,
            CategoryAxis domainAxis, ValueAxis rangeAxis,
            CategoryDataset dataset) {

        drawStack(category, dataset, state, dataArea, plot, domainAxis, rangeAxis, values, g2,
						(double barX0, double barW, double vv0, double vv1,
								boolean inverted) -> createVerticalBlock(barX0, barW, vv0, vv1, inverted));
    }

  protected void drawStackHorizontal(List values, Comparable category,
            Graphics2D g2, CategoryItemRendererState state,
            Rectangle2D dataArea, CategoryPlot plot,
            CategoryAxis domainAxis, ValueAxis rangeAxis,
            CategoryDataset dataset) {

        drawStack(category, dataset, state, dataArea, plot, domainAxis, rangeAxis, values, g2,
						(double barX0, double barW, double vv0, double vv1,
								boolean inverted) -> createHorizontalBlock(barX0, barW, vv0, vv1, inverted));
    }"
"protected List refreshTicksHorizontal(Graphics2D g2,
                                          Rectangle2D dataArea,
                                          RectangleEdge edge) {

        List ticks = new java.util.ArrayList();

        Font tickLabelFont = getTickLabelFont();
        g2.setFont(tickLabelFont);

        double size = getTickUnit().getSize();
        int count = calculateVisibleTickCount();
        double lowestTickValue = calculateLowestVisibleTickValue();

        double previousDrawnTickLabelPos = 0.0;         
        double previousDrawnTickLabelLength = 0.0;              

        if (count <= ValueAxis.MAXIMUM_TICK_COUNT) {
            for (int i = 0; i < count; i++) {
                double currentTickValue = lowestTickValue + (i * size);
                double xx = valueToJava2D(currentTickValue, dataArea, edge);
                String tickLabel;
                NumberFormat formatter = getNumberFormatOverride();
                if (formatter != null) {
                    tickLabel = formatter.format(currentTickValue);
                }
                else {
                    tickLabel = valueToString(currentTickValue);
                }
                
                // avoid to draw overlapping tick labels
                Rectangle2D bounds = TextUtilities.getTextBounds(tickLabel, g2, 
                        g2.getFontMetrics());
                double tickLabelLength = isVerticalTickLabels() 
                        ? bounds.getHeight() : bounds.getWidth();
                boolean tickLabelsOverlapping = false;
                if (i > 0) {
                    double avgTickLabelLength = (previousDrawnTickLabelLength 
                            + tickLabelLength) / 2.0;
                    if (Math.abs(xx - previousDrawnTickLabelPos) 
                            < avgTickLabelLength) {
                        tickLabelsOverlapping = true;
                    }
                }
                if (tickLabelsOverlapping) {
                    tickLabel = """"; // don't draw this tick label
                }
                else {
                    // remember these values for next comparison
                    previousDrawnTickLabelPos = xx;
                    previousDrawnTickLabelLength = tickLabelLength;         
                } 
                
                TextAnchor anchor = null;
                TextAnchor rotationAnchor = null;
                double angle = 0.0;
                if (isVerticalTickLabels()) {
                    anchor = TextAnchor.CENTER_RIGHT;
                    rotationAnchor = TextAnchor.CENTER_RIGHT;
                    if (edge == RectangleEdge.TOP) {
                        angle = Math.PI / 2.0;
                    }
                    else {
                        angle = -Math.PI / 2.0;
                    }
                }
                else {
                    if (edge == RectangleEdge.TOP) {
                        anchor = TextAnchor.BOTTOM_CENTER;
                        rotationAnchor = TextAnchor.BOTTOM_CENTER;
                    }
                    else {
                        anchor = TextAnchor.TOP_CENTER;
                        rotationAnchor = TextAnchor.TOP_CENTER;
                    }
                }
                Tick tick = new NumberTick(new Double(currentTickValue), 
                        tickLabel, anchor, rotationAnchor, angle);
                ticks.add(tick);
            }
        }
        return ticks;

    }","protected List refreshTicksVertical(Graphics2D g2,
                                        Rectangle2D dataArea,
                                        RectangleEdge edge) {

        List ticks = new java.util.ArrayList();

        Font tickLabelFont = getTickLabelFont();
        g2.setFont(tickLabelFont);

        double size = getTickUnit().getSize();
        int count = calculateVisibleTickCount();
        double lowestTickValue = calculateLowestVisibleTickValue();

        double previousDrawnTickLabelPos = 0.0;         
        double previousDrawnTickLabelLength = 0.0;              

        if (count <= ValueAxis.MAXIMUM_TICK_COUNT) {
            for (int i = 0; i < count; i++) {
                double currentTickValue = lowestTickValue + (i * size);
                double yy = valueToJava2D(currentTickValue, dataArea, edge);
                String tickLabel;
                NumberFormat formatter = getNumberFormatOverride();
                if (formatter != null) {
                    tickLabel = formatter.format(currentTickValue);
                }
                else {
                    tickLabel = valueToString(currentTickValue);
                }

                // avoid to draw overlapping tick labels
                Rectangle2D bounds = TextUtilities.getTextBounds(tickLabel, g2,
                        g2.getFontMetrics());
                double tickLabelLength = isVerticalTickLabels() 
                    ? bounds.getWidth() : bounds.getHeight();
                boolean tickLabelsOverlapping = false;
                if (i > 0) {
                    double avgTickLabelLength = (previousDrawnTickLabelLength 
                            + tickLabelLength) / 2.0;
                    if (Math.abs(yy - previousDrawnTickLabelPos) 
                            < avgTickLabelLength) {
                        tickLabelsOverlapping = true;    
                    }
                }
                if (tickLabelsOverlapping) {
                    tickLabel = """"; // don't draw this tick label
                }
                else {
                    // remember these values for next comparison
                    previousDrawnTickLabelPos = yy;
                    previousDrawnTickLabelLength = tickLabelLength;         
                }
                
                TextAnchor anchor = null;
                TextAnchor rotationAnchor = null;
                double angle = 0.0;
                if (isVerticalTickLabels()) {
                    anchor = TextAnchor.BOTTOM_CENTER;
                    rotationAnchor = TextAnchor.BOTTOM_CENTER;
                    if (edge == RectangleEdge.LEFT) {
                        angle = -Math.PI / 2.0;
                    }
                    else {
                        angle = Math.PI / 2.0;
                    }                    
                }
                else {
                    if (edge == RectangleEdge.LEFT) {
                        anchor = TextAnchor.CENTER_RIGHT;
                        rotationAnchor = TextAnchor.CENTER_RIGHT;
                    }
                    else {
                        anchor = TextAnchor.CENTER_LEFT;
                        rotationAnchor = TextAnchor.CENTER_LEFT;
                    }
                }
                Tick tick = new NumberTick(new Double(currentTickValue), 
                        tickLabel, anchor, rotationAnchor, angle);
                ticks.add(tick);
            }
        }
        return ticks;
        
    }",Type-2,"private java.util.List refreshTicks_refactor(Graphics2D g2, Rectangle2D dataArea, RectangleEdge edge,
    Function<Rectangle2D, Double> arg0, Function<Rectangle2D, Double> arg1, TextAnchor arg2, RectangleEdge arg3,
    double arg4, double arg5, TextAnchor arg6, TextAnchor arg7) {
  List ticks = new java.util.ArrayList();
  Font tickLabelFont = getTickLabelFont();
  g2.setFont(tickLabelFont);
  double size = getTickUnit().getSize();
  int count = calculateVisibleTickCount();
  double lowestTickValue = calculateLowestVisibleTickValue();
  double previousDrawnTickLabelPos = 0.0;
  double previousDrawnTickLabelLength = 0.0;
  if (count <= ValueAxis.MAXIMUM_TICK_COUNT) {
    for (int i = 0; i < count; i++) {
      double currentTickValue = lowestTickValue + (i * size);
      double xx = valueToJava2D(currentTickValue, dataArea, edge);
      String tickLabel;
      NumberFormat formatter = getNumberFormatOverride();
      if (formatter != null) {
        tickLabel = formatter.format(currentTickValue);
      } else {
        tickLabel = valueToString(currentTickValue);
      }
      Rectangle2D bounds = TextUtilities.getTextBounds(tickLabel, g2, g2.getFontMetrics());
      double tickLabelLength = isVerticalTickLabels() ? (double) arg0.apply(bounds)
          : (double) arg1.apply(bounds);
      boolean tickLabelsOverlapping = false;
      if (i > 0) {
        double avgTickLabelLength = (previousDrawnTickLabelLength + tickLabelLength) / 2.0;
        if (Math.abs(xx - previousDrawnTickLabelPos) < avgTickLabelLength) {
          tickLabelsOverlapping = true;
        }
      }
      if (tickLabelsOverlapping) {
        tickLabel = """";
      } else {
        previousDrawnTickLabelPos = xx;
        previousDrawnTickLabelLength = tickLabelLength;
      }
      TextAnchor anchor = null;
      TextAnchor rotationAnchor = null;
      double angle = 0.0;
      if (isVerticalTickLabels()) {
        anchor = arg2;
        rotationAnchor = arg2;
        if (edge == arg3) {
          angle = arg4 / 2.0;
        } else {
          angle = arg5 / 2.0;
        }
      } else {
        if (edge == arg3) {
          anchor = arg6;
          rotationAnchor = arg6;
        } else {
          anchor = arg7;
          rotationAnchor = arg7;
        }
      }
      Tick tick = new NumberTick(new Double(currentTickValue), tickLabel, anchor, rotationAnchor, angle);
      ticks.add(tick);
    }
  }
  return ticks;
}

protected List refreshTicksVertical(Graphics2D g2,
                                        Rectangle2D dataArea,
                                        RectangleEdge edge) {

        return refreshTicks_refactor(g2, dataArea, edge,
													(Rectangle2D bounds) -> bounds.getWidth(),
													(Rectangle2D bounds) -> bounds.getHeight(),
													TextAnchor.BOTTOM_CENTER, RectangleEdge.LEFT, -Math.PI, Math.PI,
													TextAnchor.CENTER_RIGHT, TextAnchor.CENTER_LEFT);
        
    }

protected List refreshTicksHorizontal(Graphics2D g2,
                                              Rectangle2D dataArea,
                                              RectangleEdge edge) {

            return refreshTicks_refactor(g2, dataArea, edge,
    													(Rectangle2D bounds) -> bounds.getHeight(),
    													(Rectangle2D bounds) -> bounds.getWidth(), TextAnchor.CENTER_RIGHT,
    													RectangleEdge.TOP, Math.PI, -Math.PI, TextAnchor.BOTTOM_CENTER,
    													TextAnchor.TOP_CENTER);

        }"
"public static RectangleEdge resolveDomainAxisLocation(
            AxisLocation location, PlotOrientation orientation) {

        if (location == null) {
            throw new IllegalArgumentException(""Null 'location' argument."");
        }
        if (orientation == null) {
            throw new IllegalArgumentException(""Null 'orientation' argument."");
        }

        RectangleEdge result = null;

        if (location == AxisLocation.TOP_OR_RIGHT) {
            if (orientation == PlotOrientation.HORIZONTAL) {
                result = RectangleEdge.RIGHT;
            }
            else if (orientation == PlotOrientation.VERTICAL) {
                result = RectangleEdge.TOP;
            }
        }
        else if (location == AxisLocation.TOP_OR_LEFT) {
            if (orientation == PlotOrientation.HORIZONTAL) {
                result = RectangleEdge.LEFT;
            }
            else if (orientation == PlotOrientation.VERTICAL) {
                result = RectangleEdge.TOP;
            }
        }
        else if (location == AxisLocation.BOTTOM_OR_RIGHT) {
            if (orientation == PlotOrientation.HORIZONTAL) {
                result = RectangleEdge.RIGHT;
            }
            else if (orientation == PlotOrientation.VERTICAL) {
                result = RectangleEdge.BOTTOM;
            }
        }
        else if (location == AxisLocation.BOTTOM_OR_LEFT) {
            if (orientation == PlotOrientation.HORIZONTAL) {
                result = RectangleEdge.LEFT;
            }
            else if (orientation == PlotOrientation.VERTICAL) {
                result = RectangleEdge.BOTTOM;
            }
        }
        // the above should cover all the options...
        if (result == null) {
            throw new IllegalStateException(""resolveDomainAxisLocation()"");
        }
        return result;

    }","public static RectangleEdge resolveRangeAxisLocation(
            AxisLocation location, PlotOrientation orientation) {

        if (location == null) {
            throw new IllegalArgumentException(""Null 'location' argument."");
        }
        if (orientation == null) {
            throw new IllegalArgumentException(""Null 'orientation' argument."");
        }

        RectangleEdge result = null;

        if (location == AxisLocation.TOP_OR_RIGHT) {
            if (orientation == PlotOrientation.HORIZONTAL) {
                result = RectangleEdge.TOP;
            }
            else if (orientation == PlotOrientation.VERTICAL) {
                result = RectangleEdge.RIGHT;
            }
        }
        else if (location == AxisLocation.TOP_OR_LEFT) {
            if (orientation == PlotOrientation.HORIZONTAL) {
                result = RectangleEdge.TOP;
            }
            else if (orientation == PlotOrientation.VERTICAL) {
                result = RectangleEdge.LEFT;
            }
        }
        else if (location == AxisLocation.BOTTOM_OR_RIGHT) {
            if (orientation == PlotOrientation.HORIZONTAL) {
                result = RectangleEdge.BOTTOM;
            }
            else if (orientation == PlotOrientation.VERTICAL) {
                result = RectangleEdge.RIGHT;
            }
        }
        else if (location == AxisLocation.BOTTOM_OR_LEFT) {
            if (orientation == PlotOrientation.HORIZONTAL) {
                result = RectangleEdge.BOTTOM;
            }
            else if (orientation == PlotOrientation.VERTICAL) {
                result = RectangleEdge.LEFT;
            }
        }

        // the above should cover all the options...
        if (result == null) {
            throw new IllegalStateException(""resolveRangeAxisLocation()"");
        }
        return result;

    }",Type-2,"private static RectangleEdge resolveAxisLocation(AxisLocation location, PlotOrientation orientation,
			RectangleEdge arg0, RectangleEdge arg1, RectangleEdge arg2, RectangleEdge arg3, RectangleEdge arg4,
			RectangleEdge arg5, RectangleEdge arg6, RectangleEdge arg7, String arg8) {
		if (location == null) {
			throw new IllegalArgumentException(""Null 'location' argument."");
		}
		if (orientation == null) {
			throw new IllegalArgumentException(""Null 'orientation' argument."");
		}
		RectangleEdge result = null;
		if (location == AxisLocation.TOP_OR_RIGHT) {
			if (orientation == PlotOrientation.HORIZONTAL) {
				result = arg0;
			} else if (orientation == PlotOrientation.VERTICAL) {
				result = arg1;
			}
		} else if (location == AxisLocation.TOP_OR_LEFT) {
			if (orientation == PlotOrientation.HORIZONTAL) {
				result = arg2;
			} else if (orientation == PlotOrientation.VERTICAL) {
				result = arg3;
			}
		} else if (location == AxisLocation.BOTTOM_OR_RIGHT) {
			if (orientation == PlotOrientation.HORIZONTAL) {
				result = arg4;
			} else if (orientation == PlotOrientation.VERTICAL) {
				result = arg5;
			}
		} else if (location == AxisLocation.BOTTOM_OR_LEFT) {
			if (orientation == PlotOrientation.HORIZONTAL) {
				result = arg6;
			} else if (orientation == PlotOrientation.VERTICAL) {
				result = arg7;
			}
		}
		if (result == null) {
			throw new IllegalStateException(arg8);
		}
		return result;
	}

  public static RectangleEdge resolveRangeAxisLocation(
              AxisLocation location, PlotOrientation orientation) {

          return resolveAxisLocation(location, orientation, RectangleEdge.TOP, RectangleEdge.RIGHT,
  						RectangleEdge.TOP, RectangleEdge.LEFT, RectangleEdge.BOTTOM, RectangleEdge.RIGHT,
  						RectangleEdge.BOTTOM, RectangleEdge.LEFT, ""resolveRangeAxisLocation()"");

      }

  public static RectangleEdge resolveDomainAxisLocation(
                  AxisLocation location, PlotOrientation orientation) {

              return resolveAxisLocation(location, orientation, RectangleEdge.RIGHT, RectangleEdge.TOP,
      						RectangleEdge.LEFT, RectangleEdge.TOP, RectangleEdge.RIGHT, RectangleEdge.BOTTOM,
      						RectangleEdge.LEFT, RectangleEdge.BOTTOM, ""resolveDomainAxisLocation()"");

          }"
"public static Number findMinimumRangeValue(XYDataset dataset) {

        if (dataset == null) {
            throw new IllegalArgumentException(""Null 'dataset' argument."");
        }

        // work out the minimum value...
        if (dataset instanceof RangeInfo) {
            RangeInfo info = (RangeInfo) dataset;
            return new Double(info.getRangeLowerBound(true));
        }

        // hasn't implemented RangeInfo, so we'll have to iterate...
        else {
            double minimum = Double.POSITIVE_INFINITY;
            int seriesCount = dataset.getSeriesCount();
            for (int series = 0; series < seriesCount; series++) {
                int itemCount = dataset.getItemCount(series);
                for (int item = 0; item < itemCount; item++) {

                    double value;
                    if (dataset instanceof IntervalXYDataset) {
                        IntervalXYDataset intervalXYData
                            = (IntervalXYDataset) dataset;
                        value = intervalXYData.getStartYValue(series, item);
                    }
                    else if (dataset instanceof OHLCDataset) {
                        OHLCDataset highLowData = (OHLCDataset) dataset;
                        value = highLowData.getLowValue(series, item);
                    }
                    else {
                        value = dataset.getYValue(series, item);
                    }
                    if (!Double.isNaN(value)) {
                        minimum = Math.min(minimum, value);
                    }

                }
            }
            if (minimum == Double.POSITIVE_INFINITY) {
                return null;
            }
            else {
                return new Double(minimum);
            }

        }

    }","public static Number findMaximumRangeValue(XYDataset dataset) {

        if (dataset == null) {
            throw new IllegalArgumentException(""Null 'dataset' argument."");
        }

        // work out the minimum value...
        if (dataset instanceof RangeInfo) {
            RangeInfo info = (RangeInfo) dataset;
            return new Double(info.getRangeUpperBound(true));
        }

        // hasn't implemented RangeInfo, so we'll have to iterate...
        else  {

            double maximum = Double.NEGATIVE_INFINITY;
            int seriesCount = dataset.getSeriesCount();
            for (int series = 0; series < seriesCount; series++) {
                int itemCount = dataset.getItemCount(series);
                for (int item = 0; item < itemCount; item++) {
                    double value;
                    if (dataset instanceof IntervalXYDataset) {
                        IntervalXYDataset intervalXYData
                            = (IntervalXYDataset) dataset;
                        value = intervalXYData.getEndYValue(series, item);
                    }
                    else if (dataset instanceof OHLCDataset) {
                        OHLCDataset highLowData = (OHLCDataset) dataset;
                        value = highLowData.getHighValue(series, item);
                    }
                    else {
                        value = dataset.getYValue(series, item);
                    }
                    if (!Double.isNaN(value)) {
                        maximum = Math.max(maximum, value);
                    }
                }
            }
            if (maximum == Double.NEGATIVE_INFINITY) {
                return null;
            }
            else {
                return new Double(maximum);
            }

        }

    }",Type-2,"private interface Interface2 {
		double apply(IntervalXYDataset intervalXYData, int series, int item);
	}

	@FunctionalInterface
	private interface Interface3 {
		double apply(OHLCDataset highLowData, int series, int item);
	}

	@FunctionalInterface
	private interface Interface4 {
		double apply(double minimum, double value);
	}

	private static Double findRangeValue(XYDataset dataset, Function<RangeInfo, Double> arg0, double arg1,
			Interface2 arg2, Interface3 arg3, Interface4 arg4) {
		if (dataset == null) {
			throw new IllegalArgumentException(""Null 'dataset' argument."");
		}
		if (dataset instanceof RangeInfo) {
			RangeInfo info = (RangeInfo) dataset;
			return new Double((double) arg0.apply(info));
		} else {
			double minimum = arg1;
			int seriesCount = dataset.getSeriesCount();
			for (int series = 0; series < seriesCount; series++) {
				int itemCount = dataset.getItemCount(series);
				for (int item = 0; item < itemCount; item++) {
					double value;
					if (dataset instanceof IntervalXYDataset) {
						IntervalXYDataset intervalXYData = (IntervalXYDataset) dataset;
						value = arg2.apply(intervalXYData, series, item);
					} else if (dataset instanceof OHLCDataset) {
						OHLCDataset highLowData = (OHLCDataset) dataset;
						value = arg3.apply(highLowData, series, item);
					} else {
						value = dataset.getYValue(series, item);
					}
					if (!Double.isNaN(value)) {
						minimum = arg4.apply(minimum, value);
					}
				}
			}
			if (minimum == arg1) {
				return null;
			} else {
				return new Double(minimum);
			}
		}
	}

  public static Number findMaximumRangeValue(XYDataset dataset) {

          return (Number) findRangeValue(dataset, (RangeInfo info) -> info.getRangeUpperBound(true),
  				Double.NEGATIVE_INFINITY,
  				(IntervalXYDataset intervalXYData, int series, int item) -> intervalXYData.getEndYValue(series, item),
  				(OHLCDataset highLowData, int series, int item) -> highLowData.getHighValue(series, item),
  				(double maximum, double value) -> Math.max(maximum, value));

      }

  public static Number findMinimumRangeValue(XYDataset dataset) {

            return (Number) findRangeValue(dataset, (RangeInfo info) -> info.getRangeLowerBound(true),
    				Double.POSITIVE_INFINITY,
    				(IntervalXYDataset intervalXYData, int series, int item) -> intervalXYData.getStartYValue(series, item),
    				(OHLCDataset highLowData, int series, int item) -> highLowData.getLowValue(series, item),
    				(double minimum, double value) -> Math.min(minimum, value));

        }"
"public Range findDomainBounds(XYDataset dataset) {
        if (dataset == null) {
            throw new IllegalArgumentException(""Null 'dataset' argument."");
        }
        double minimum = Double.POSITIVE_INFINITY;
        double maximum = Double.NEGATIVE_INFINITY;
        int seriesCount = dataset.getSeriesCount();
        double lvalue;
        double uvalue;
        if (dataset instanceof VectorXYDataset) {
            VectorXYDataset vdataset = (VectorXYDataset) dataset;
            for (int series = 0; series < seriesCount; series++) {
                int itemCount = dataset.getItemCount(series);
                for (int item = 0; item < itemCount; item++) {
                    double delta = vdataset.getVectorXValue(series, item);
                    if (delta < 0.0) {
                        uvalue = vdataset.getXValue(series, item);
                        lvalue = uvalue + delta;
                    }
                    else {
                        lvalue = vdataset.getXValue(series, item);
                        uvalue = lvalue + delta;
                    }
                    minimum = Math.min(minimum, lvalue);
                    maximum = Math.max(maximum, uvalue);
                }
            }
        }
        else {
            for (int series = 0; series < seriesCount; series++) {
                int itemCount = dataset.getItemCount(series);
                for (int item = 0; item < itemCount; item++) {
                    lvalue = dataset.getXValue(series, item);
                    uvalue = lvalue;
                    minimum = Math.min(minimum, lvalue);
                    maximum = Math.max(maximum, uvalue);
                }
            }
        }
        if (minimum > maximum) {
            return null;
        }
        else {
            return new Range(minimum, maximum);
        }
    }","public Range findRangeBounds(XYDataset dataset) {
        if (dataset == null) {
            throw new IllegalArgumentException(""Null 'dataset' argument."");
        }
        double minimum = Double.POSITIVE_INFINITY;
        double maximum = Double.NEGATIVE_INFINITY;
        int seriesCount = dataset.getSeriesCount();
        double lvalue;
        double uvalue;
        if (dataset instanceof VectorXYDataset) {
            VectorXYDataset vdataset = (VectorXYDataset) dataset;
            for (int series = 0; series < seriesCount; series++) {
                int itemCount = dataset.getItemCount(series);
                for (int item = 0; item < itemCount; item++) {
                    double delta = vdataset.getVectorYValue(series, item);
                    if (delta < 0.0) {
                        uvalue = vdataset.getYValue(series, item);
                        lvalue = uvalue + delta;
                    }
                    else {
                        lvalue = vdataset.getYValue(series, item);
                        uvalue = lvalue + delta;
                    }
                    minimum = Math.min(minimum, lvalue);
                    maximum = Math.max(maximum, uvalue);
                }
            }
        }
        else {
            for (int series = 0; series < seriesCount; series++) {
                int itemCount = dataset.getItemCount(series);
                for (int item = 0; item < itemCount; item++) {
                    lvalue = dataset.getYValue(series, item);
                    uvalue = lvalue;
                    minimum = Math.min(minimum, lvalue);
                    maximum = Math.max(maximum, uvalue);
                }
            }
        }
        if (minimum > maximum) {
            return null;
        }
        else {
            return new Range(minimum, maximum);
        }
    }",Type-2,"private interface Interface0 {
  double apply(VectorXYDataset vdataset, int series, int item);
}

@FunctionalInterface
private interface Interface1 {
  double apply(VectorXYDataset vdataset, int series, int item);
}

@FunctionalInterface
private interface Interface2 {
  double apply(int series, int item);
}

private Range findBounds(XYDataset dataset, Interface0 arg0, Interface1 arg1, Interface2 arg2) {
  if (dataset == null) {
    throw new IllegalArgumentException(""Null 'dataset' argument."");
  }
  double minimum = Double.POSITIVE_INFINITY;
  double maximum = Double.NEGATIVE_INFINITY;
  int seriesCount = dataset.getSeriesCount();
  double lvalue;
  double uvalue;
  if (dataset instanceof VectorXYDataset) {
    VectorXYDataset vdataset = (VectorXYDataset) dataset;
    for (int series = 0; series < seriesCount; series++) {
      int itemCount = dataset.getItemCount(series);
      for (int item = 0; item < itemCount; item++) {
        double delta = arg0.apply(vdataset, series, item);
        if (delta < 0.0) {
          uvalue = arg1.apply(vdataset, series, item);
          lvalue = uvalue + delta;
        } else {
          lvalue = arg1.apply(vdataset, series, item);
          uvalue = lvalue + delta;
        }
        minimum = Math.min(minimum, lvalue);
        maximum = Math.max(maximum, uvalue);
      }
    }
  } else {
    for (int series = 0; series < seriesCount; series++) {
      int itemCount = dataset.getItemCount(series);
      for (int item = 0; item < itemCount; item++) {
        lvalue = arg2.apply(series, item);
        uvalue = lvalue;
        minimum = Math.min(minimum, lvalue);
        maximum = Math.max(maximum, uvalue);
      }
    }
  }
  if (minimum > maximum) {
    return null;
  } else {
    return new Range(minimum, maximum);
  }
}

public Range findDomainBounds(XYDataset dataset) {
        return findBounds(dataset,
				(VectorXYDataset vdataset, int series, int item) -> vdataset.getVectorXValue(series, item),
				(VectorXYDataset vdataset, int series, int item) -> vdataset.getXValue(series, item),
				(int series, int item) -> dataset.getXValue(series, item));
    }

public Range findRangeBounds(XYDataset dataset) {
            return findBounds(dataset,
    				(VectorXYDataset vdataset, int series, int item) -> vdataset.getVectorYValue(series, item),
    				(VectorXYDataset vdataset, int series, int item) -> vdataset.getYValue(series, item),
    				(int series, int item) -> dataset.getYValue(series, item));
        }"
"public static Number findMinimumDomainValue(XYDataset dataset) {
        if (dataset == null) {
            throw new IllegalArgumentException(""Null 'dataset' argument."");
        }
        Number result = null;
        // if the dataset implements DomainInfo, life is easy
        if (dataset instanceof DomainInfo) {
            DomainInfo info = (DomainInfo) dataset;
            return new Double(info.getDomainLowerBound(true));
        }
        else {
            double minimum = Double.POSITIVE_INFINITY;
            int seriesCount = dataset.getSeriesCount();
            for (int series = 0; series < seriesCount; series++) {
                int itemCount = dataset.getItemCount(series);
                for (int item = 0; item < itemCount; item++) {

                    double value;
                    if (dataset instanceof IntervalXYDataset) {
                        IntervalXYDataset intervalXYData
                            = (IntervalXYDataset) dataset;
                        value = intervalXYData.getStartXValue(series, item);
                    }
                    else {
                        value = dataset.getXValue(series, item);
                    }
                    if (!Double.isNaN(value)) {
                        minimum = Math.min(minimum, value);
                    }

                }
            }
            if (minimum == Double.POSITIVE_INFINITY) {
                result = null;
            }
            else {
                result = new Double(minimum);
            }
        }

        return result;
    }","public static Number findMaximumDomainValue(XYDataset dataset) {
        if (dataset == null) {
            throw new IllegalArgumentException(""Null 'dataset' argument."");
        }
        Number result = null;
        // if the dataset implements DomainInfo, life is easy
        if (dataset instanceof DomainInfo) {
            DomainInfo info = (DomainInfo) dataset;
            return new Double(info.getDomainUpperBound(true));
        }

        // hasn't implemented DomainInfo, so iterate...
        else {
            double maximum = Double.NEGATIVE_INFINITY;
            int seriesCount = dataset.getSeriesCount();
            for (int series = 0; series < seriesCount; series++) {
                int itemCount = dataset.getItemCount(series);
                for (int item = 0; item < itemCount; item++) {

                    double value;
                    if (dataset instanceof IntervalXYDataset) {
                        IntervalXYDataset intervalXYData
                            = (IntervalXYDataset) dataset;
                        value = intervalXYData.getEndXValue(series, item);
                    }
                    else {
                        value = dataset.getXValue(series, item);
                    }
                    if (!Double.isNaN(value)) {
                        maximum = Math.max(maximum, value);
                    }
                }
            }
            if (maximum == Double.NEGATIVE_INFINITY) {
                result = null;
            }
            else {
                result = new Double(maximum);
            }

        }

        return result;
    }",Type-2,"private interface Interface2 {
  double apply(IntervalXYDataset intervalXYData, int series, int item);
}

@FunctionalInterface
private interface Interface3 {
  double apply(double minimum, double value);
}

private static Number findDomainValue(XYDataset dataset, Function<DomainInfo, Double> arg0, double arg1,
    Interface2 arg2, Interface3 arg3) {
  if (dataset == null) {
    throw new IllegalArgumentException(""Null 'dataset' argument."");
  }
  Number result = null;
  if (dataset instanceof DomainInfo) {
    DomainInfo info = (DomainInfo) dataset;
    return new Double((double) arg0.apply(info));
  } else {
    double minimum = arg1;
    int seriesCount = dataset.getSeriesCount();
    for (int series = 0; series < seriesCount; series++) {
      int itemCount = dataset.getItemCount(series);
      for (int item = 0; item < itemCount; item++) {
        double value;
        if (dataset instanceof IntervalXYDataset) {
          IntervalXYDataset intervalXYData = (IntervalXYDataset) dataset;
          value = arg2.apply(intervalXYData, series, item);
        } else {
          value = dataset.getXValue(series, item);
        }
        if (!Double.isNaN(value)) {
          minimum = arg3.apply(minimum, value);
        }
      }
    }
    if (minimum == arg1) {
      result = null;
    } else {
      result = new Double(minimum);
    }
  }
  return result;
}

public static Number findMaximumDomainValue(XYDataset dataset) {
        return findDomainValue(dataset, (DomainInfo info) -> info.getDomainUpperBound(true), Double.NEGATIVE_INFINITY,
				(IntervalXYDataset intervalXYData, int series, int item) -> intervalXYData.getEndXValue(series, item),
				(double maximum, double value) -> Math.max(maximum, value));
    }

public static Number findMinimumDomainValue(XYDataset dataset) {
            return findDomainValue(dataset, (DomainInfo info) -> info.getDomainLowerBound(true), Double.POSITIVE_INFINITY,
    				(IntervalXYDataset intervalXYData, int series, int item) -> intervalXYData.getStartXValue(series, item),
    				(double minimum, double value) -> Math.min(minimum, value));
        }"
"protected void drawLeftLabel(Graphics2D g2, PiePlotState state, 
                                 PieLabelRecord record) {

        double anchorX = state.getLinkArea().getMinX();
        double targetX = anchorX - record.getGap();
        double targetY = record.getAllocatedY();
        
        if (this.labelLinksVisible) {
            double theta = record.getAngle();
            double linkX = state.getPieCenterX() + Math.cos(theta) 
                    * state.getPieWRadius() * record.getLinkPercent();
            double linkY = state.getPieCenterY() - Math.sin(theta) 
                    * state.getPieHRadius() * record.getLinkPercent();
            double elbowX = state.getPieCenterX() + Math.cos(theta) 
                    * state.getLinkArea().getWidth() / 2.0;
            double elbowY = state.getPieCenterY() - Math.sin(theta) 
                    * state.getLinkArea().getHeight() / 2.0;
            double anchorY = elbowY;
            g2.setPaint(this.labelLinkPaint);
            g2.setStroke(this.labelLinkStroke);
            PieLabelLinkStyle style = getLabelLinkStyle();
            if (style.equals(PieLabelLinkStyle.STANDARD)) {
                g2.draw(new Line2D.Double(linkX, linkY, elbowX, elbowY));
                g2.draw(new Line2D.Double(anchorX, anchorY, elbowX, elbowY));
                g2.draw(new Line2D.Double(anchorX, anchorY, targetX, targetY));
            }
            else if (style.equals(PieLabelLinkStyle.QUAD_CURVE)) {
                QuadCurve2D q = new QuadCurve2D.Float();
                q.setCurve(targetX, targetY, anchorX, anchorY, elbowX, elbowY);
                g2.draw(q);
                g2.draw(new Line2D.Double(elbowX, elbowY, linkX, linkY));               
            }
            else if (style.equals(PieLabelLinkStyle.CUBIC_CURVE)) {
                CubicCurve2D c = new CubicCurve2D .Float();
                c.setCurve(targetX, targetY, anchorX, anchorY, elbowX, elbowY, 
                        linkX, linkY);
                g2.draw(c);
            }
        }
        TextBox tb = record.getLabel();
        tb.draw(g2, (float) targetX, (float) targetY, RectangleAnchor.RIGHT);
        
    }","protected void drawRightLabel(Graphics2D g2, PiePlotState state, 
                                  PieLabelRecord record) {
        
        double anchorX = state.getLinkArea().getMaxX();
        double targetX = anchorX + record.getGap();
        double targetY = record.getAllocatedY();
        
        if (this.labelLinksVisible) {
            double theta = record.getAngle();
            double linkX = state.getPieCenterX() + Math.cos(theta) 
                    * state.getPieWRadius() * record.getLinkPercent();
            double linkY = state.getPieCenterY() - Math.sin(theta) 
                    * state.getPieHRadius() * record.getLinkPercent();
            double elbowX = state.getPieCenterX() + Math.cos(theta) 
                    * state.getLinkArea().getWidth() / 2.0;
            double elbowY = state.getPieCenterY() - Math.sin(theta) 
                    * state.getLinkArea().getHeight() / 2.0;
            double anchorY = elbowY;
            g2.setPaint(this.labelLinkPaint);
            g2.setStroke(this.labelLinkStroke);
            PieLabelLinkStyle style = getLabelLinkStyle();
            if (style.equals(PieLabelLinkStyle.STANDARD)) {
                g2.draw(new Line2D.Double(linkX, linkY, elbowX, elbowY));
                g2.draw(new Line2D.Double(anchorX, anchorY, elbowX, elbowY));
                g2.draw(new Line2D.Double(anchorX, anchorY, targetX, targetY));
            }
            else if (style.equals(PieLabelLinkStyle.QUAD_CURVE)) {
                QuadCurve2D q = new QuadCurve2D.Float();
                q.setCurve(targetX, targetY, anchorX, anchorY, elbowX, elbowY);
                g2.draw(q);
                g2.draw(new Line2D.Double(elbowX, elbowY, linkX, linkY));               
            }
            else if (style.equals(PieLabelLinkStyle.CUBIC_CURVE)) {
                CubicCurve2D c = new CubicCurve2D .Float();
                c.setCurve(targetX, targetY, anchorX, anchorY, elbowX, elbowY, 
                        linkX, linkY);
                g2.draw(c);
            }
        }
        
        TextBox tb = record.getLabel();
        tb.draw(g2, (float) targetX, (float) targetY, RectangleAnchor.LEFT);
    
    }",Type-2,"private void drawLabel(PiePlotState state, PieLabelRecord record, Graphics2D g2, double arg0,
			Function<Double, Double> arg1, RectangleAnchor arg2) {
		double anchorX = arg0;
		double targetX = (double) arg1.apply(anchorX);
		double targetY = record.getAllocatedY();
		if (this.labelLinksVisible) {
			double theta = record.getAngle();
			double linkX = state.getPieCenterX() + Math.cos(theta) * state.getPieWRadius() * record.getLinkPercent();
			double linkY = state.getPieCenterY() - Math.sin(theta) * state.getPieHRadius() * record.getLinkPercent();
			double elbowX = state.getPieCenterX() + Math.cos(theta) * state.getLinkArea().getWidth() / 2.0;
			double elbowY = state.getPieCenterY() - Math.sin(theta) * state.getLinkArea().getHeight() / 2.0;
			double anchorY = elbowY;
			g2.setPaint(this.labelLinkPaint);
			g2.setStroke(this.labelLinkStroke);
			PieLabelLinkStyle style = getLabelLinkStyle();
			if (style.equals(PieLabelLinkStyle.STANDARD)) {
				g2.draw(new Line2D.Double(linkX, linkY, elbowX, elbowY));
				g2.draw(new Line2D.Double(anchorX, anchorY, elbowX, elbowY));
				g2.draw(new Line2D.Double(anchorX, anchorY, targetX, targetY));
			} else if (style.equals(PieLabelLinkStyle.QUAD_CURVE)) {
				QuadCurve2D q = new QuadCurve2D.Float();
				q.setCurve(targetX, targetY, anchorX, anchorY, elbowX, elbowY);
				g2.draw(q);
				g2.draw(new Line2D.Double(elbowX, elbowY, linkX, linkY));
			} else if (style.equals(PieLabelLinkStyle.CUBIC_CURVE)) {
				CubicCurve2D c = new CubicCurve2D.Float();
				c.setCurve(targetX, targetY, anchorX, anchorY, elbowX, elbowY, linkX, linkY);
				g2.draw(c);
			}
		}
		TextBox tb = record.getLabel();
		tb.draw(g2, (float) targetX, (float) targetY, arg2);
		return;
	}

  protected void drawRightLabel(Graphics2D g2, PiePlotState state, 
                                  PieLabelRecord record) {
        
        drawLabel(state, record, g2, state.getLinkArea().getMaxX(),
											(Double anchorX) -> anchorX + record.getGap(), RectangleAnchor.LEFT);
    
    }

  protected void drawLeftLabel(Graphics2D g2, PiePlotState state, 
                                     PieLabelRecord record) {

            drawLabel(state, record, g2, state.getLinkArea().getMinX(),
    											(Double anchorX) -> anchorX - record.getGap(), RectangleAnchor.RIGHT);
            
        }"
"protected void drawLeftLabels(KeyedValues leftKeys, Graphics2D g2, 
                                  Rectangle2D plotArea, Rectangle2D linkArea, 
                                  float maxLabelWidth, PiePlotState state) {
        
        this.labelDistributor.clear();
        double lGap = plotArea.getWidth() * this.labelGap;
        double verticalLinkRadius = state.getLinkArea().getHeight() / 2.0;
        for (int i = 0; i < leftKeys.getItemCount(); i++) {   
            String label = this.labelGenerator.generateSectionLabel(
                    this.dataset, leftKeys.getKey(i));
            if (label != null) {
                TextBlock block = TextUtilities.createTextBlock(label, 
                        this.labelFont, this.labelPaint, maxLabelWidth, 
                        new G2TextMeasurer(g2));
                TextBox labelBox = new TextBox(block);
                labelBox.setBackgroundPaint(this.labelBackgroundPaint);
                labelBox.setOutlinePaint(this.labelOutlinePaint);
                labelBox.setOutlineStroke(this.labelOutlineStroke);
                labelBox.setShadowPaint(this.labelShadowPaint);
                labelBox.setInteriorGap(this.labelPadding);
                double theta = Math.toRadians(
                        leftKeys.getValue(i).doubleValue());
                double baseY = state.getPieCenterY() - Math.sin(theta) 
                               * verticalLinkRadius;
                double hh = labelBox.getHeight(g2);

                this.labelDistributor.addPieLabelRecord(new PieLabelRecord(
                        leftKeys.getKey(i), theta, baseY, labelBox, hh,
                        lGap / 2.0 + lGap / 2.0 * -Math.cos(theta), 0.9 
                        + getExplodePercent(leftKeys.getKey(i))));
            }
        }
        double hh = plotArea.getHeight();
        double gap = hh * getInteriorGap();
        this.labelDistributor.distributeLabels(plotArea.getMinY() + gap, 
                hh - 2 * gap);
        for (int i = 0; i < this.labelDistributor.getItemCount(); i++) {
            drawLeftLabel(g2, state, 
                    this.labelDistributor.getPieLabelRecord(i));
        }
    }","protected void drawRightLabels(KeyedValues keys, Graphics2D g2, 
                                   Rectangle2D plotArea, Rectangle2D linkArea, 
                                   float maxLabelWidth, PiePlotState state) {

        // draw the right labels...
        this.labelDistributor.clear();
        double lGap = plotArea.getWidth() * this.labelGap;
        double verticalLinkRadius = state.getLinkArea().getHeight() / 2.0;

        for (int i = 0; i < keys.getItemCount(); i++) {
            String label = this.labelGenerator.generateSectionLabel(
                    this.dataset, keys.getKey(i));

            if (label != null) {
                TextBlock block = TextUtilities.createTextBlock(label, 
                        this.labelFont, this.labelPaint, maxLabelWidth, 
                        new G2TextMeasurer(g2));
                TextBox labelBox = new TextBox(block);
                labelBox.setBackgroundPaint(this.labelBackgroundPaint);
                labelBox.setOutlinePaint(this.labelOutlinePaint);
                labelBox.setOutlineStroke(this.labelOutlineStroke);
                labelBox.setShadowPaint(this.labelShadowPaint);
                labelBox.setInteriorGap(this.labelPadding);
                double theta = Math.toRadians(keys.getValue(i).doubleValue());
                double baseY = state.getPieCenterY() 
                              - Math.sin(theta) * verticalLinkRadius;
                double hh = labelBox.getHeight(g2);
                this.labelDistributor.addPieLabelRecord(new PieLabelRecord(
                        keys.getKey(i), theta, baseY, labelBox, hh,
                        lGap / 2.0 + lGap / 2.0 * Math.cos(theta), 
                        0.9 + getExplodePercent(keys.getKey(i))));
            }
        }
        double hh = plotArea.getHeight();
        double gap = hh * getInteriorGap();
        this.labelDistributor.distributeLabels(plotArea.getMinY() + gap, 
                hh - 2 * gap);
        for (int i = 0; i < this.labelDistributor.getItemCount(); i++) {
            drawRightLabel(g2, state, 
                    this.labelDistributor.getPieLabelRecord(i));
        }

    }",Type-2,"private void drawLabel(Rectangle2D plotArea, PiePlotState state, KeyedValues leftKeys, Graphics2D g2,
			float maxLabelWidth, Function<Double, Double> arg0, Consumer<Integer> arg1) {
		this.labelDistributor.clear();
		double lGap = plotArea.getWidth() * this.labelGap;
		double verticalLinkRadius = state.getLinkArea().getHeight() / 2.0;
		for (int i = 0; i < leftKeys.getItemCount(); i++) {
			String label = this.labelGenerator.generateSectionLabel(this.dataset, leftKeys.getKey(i));
			if (label != null) {
				TextBlock block = TextUtilities.createTextBlock(label, this.labelFont, this.labelPaint, maxLabelWidth,
						new G2TextMeasurer(g2));
				TextBox labelBox = new TextBox(block);
				labelBox.setBackgroundPaint(this.labelBackgroundPaint);
				labelBox.setOutlinePaint(this.labelOutlinePaint);
				labelBox.setOutlineStroke(this.labelOutlineStroke);
				labelBox.setShadowPaint(this.labelShadowPaint);
				labelBox.setInteriorGap(this.labelPadding);
				double theta = Math.toRadians(leftKeys.getValue(i).doubleValue());
				double baseY = state.getPieCenterY() - Math.sin(theta) * verticalLinkRadius;
				double hh = labelBox.getHeight(g2);
				this.labelDistributor.addPieLabelRecord(new PieLabelRecord(leftKeys.getKey(i), theta, baseY, labelBox,
						hh, lGap / 2.0 + lGap / 2.0 * (double) arg0.apply(theta),
						0.9 + getExplodePercent(leftKeys.getKey(i))));
			}
		}
		double hh = plotArea.getHeight();
		double gap = hh * getInteriorGap();
		this.labelDistributor.distributeLabels(plotArea.getMinY() + gap, hh - 2 * gap);
		for (int i = 0; i < this.labelDistributor.getItemCount(); i++) {
			arg1.accept(i);
		}
		return;
	}

  protected void drawRightLabels(KeyedValues keys, Graphics2D g2, 
                                   Rectangle2D plotArea, Rectangle2D linkArea, 
                                   float maxLabelWidth, PiePlotState state) {

        drawLabel(plotArea, state, keys, g2, maxLabelWidth,
											(Double theta) -> Math.cos((double) theta), (Integer i) -> {
												drawRightLabel(g2, state,
														this.labelDistributor.getPieLabelRecord((int) i));
											});

    }

    protected void drawLeftLabels(KeyedValues leftKeys, Graphics2D g2, 
                                      Rectangle2D plotArea, Rectangle2D linkArea, 
                                      float maxLabelWidth, PiePlotState state) {
            
            drawLabel(plotArea, state, leftKeys, g2, maxLabelWidth,
    											(Double theta) -> -Math.cos((double) theta), (Integer i) -> {
    												drawLeftLabel(g2, state,
    														this.labelDistributor.getPieLabelRecord((int) i));
    											});
        }"
"public static Number findMinimumRangeValue(CategoryDataset dataset) {

        // check parameters...
        if (dataset == null) {
            throw new IllegalArgumentException(""Null 'dataset' argument."");
        }

        // work out the minimum value...
        if (dataset instanceof RangeInfo) {
            RangeInfo info = (RangeInfo) dataset;
            return new Double(info.getRangeLowerBound(true));
        }

        // hasn't implemented RangeInfo, so we'll have to iterate...
        else {
            double minimum = Double.POSITIVE_INFINITY;
            int seriesCount = dataset.getRowCount();
            int itemCount = dataset.getColumnCount();
            for (int series = 0; series < seriesCount; series++) {
                for (int item = 0; item < itemCount; item++) {
                    Number value;
                    if (dataset instanceof IntervalCategoryDataset) {
                        IntervalCategoryDataset icd
                            = (IntervalCategoryDataset) dataset;
                        value = icd.getStartValue(series, item);
                    }
                    else {
                        value = dataset.getValue(series, item);
                    }
                    if (value != null) {
                        minimum = Math.min(minimum, value.doubleValue());
                    }
                }
            }
            if (minimum == Double.POSITIVE_INFINITY) {
                return null;
            }
            else {
                return new Double(minimum);
            }

        }

    }","public static Number findMaximumRangeValue(CategoryDataset dataset) {

        if (dataset == null) {
            throw new IllegalArgumentException(""Null 'dataset' argument."");
        }

        // work out the minimum value...
        if (dataset instanceof RangeInfo) {
            RangeInfo info = (RangeInfo) dataset;
            return new Double(info.getRangeUpperBound(true));
        }

        // hasn't implemented RangeInfo, so we'll have to iterate...
        else {

            double maximum = Double.NEGATIVE_INFINITY;
            int seriesCount = dataset.getRowCount();
            int itemCount = dataset.getColumnCount();
            for (int series = 0; series < seriesCount; series++) {
                for (int item = 0; item < itemCount; item++) {
                    Number value;
                    if (dataset instanceof IntervalCategoryDataset) {
                        IntervalCategoryDataset icd
                            = (IntervalCategoryDataset) dataset;
                        value = icd.getEndValue(series, item);
                    }
                    else {
                        value = dataset.getValue(series, item);
                    }
                    if (value != null) {
                        maximum = Math.max(maximum, value.doubleValue());
                    }
                }
            }
            if (maximum == Double.NEGATIVE_INFINITY) {
                return null;
            }
            else {
                return new Double(maximum);
            }

        }

    }",Type-2,"private interface Interface2 {
  Number apply(IntervalCategoryDataset icd, int series, int item);
}

@FunctionalInterface
private interface Interface3 {
  double apply(double minimum, Number value);
}

private static Double findRangeValue(CategoryDataset dataset, Function<RangeInfo, Double> arg0, double arg1,
    Interface2 arg2, Interface3 arg3) {
  if (dataset == null) {
    throw new IllegalArgumentException(""Null 'dataset' argument."");
  }
  if (dataset instanceof RangeInfo) {
    RangeInfo info = (RangeInfo) dataset;
    return new Double((double) arg0.apply(info));
  } else {
    double minimum = arg1;
    int seriesCount = dataset.getRowCount();
    int itemCount = dataset.getColumnCount();
    for (int series = 0; series < seriesCount; series++) {
      for (int item = 0; item < itemCount; item++) {
        Number value;
        if (dataset instanceof IntervalCategoryDataset) {
          IntervalCategoryDataset icd = (IntervalCategoryDataset) dataset;
          value = arg2.apply(icd, series, item);
        } else {
          value = dataset.getValue(series, item);
        }
        if (value != null) {
          minimum = arg3.apply(minimum, value);
        }
      }
    }
    if (minimum == arg1) {
      return null;
    } else {
      return new Double(minimum);
    }
  }
}

public static Number findMaximumRangeValue(CategoryDataset dataset) {

        return (Number) findRangeValue(dataset, (RangeInfo info) -> info.getRangeUpperBound(true),
				Double.NEGATIVE_INFINITY,
				(IntervalCategoryDataset icd, int series, int item) -> icd.getEndValue(series, item),
				(double maximum, Number value) -> Math.max(maximum, value.doubleValue()));

    }

    public static Number findMinimumRangeValue(CategoryDataset dataset) {

            return (Number) findRangeValue(dataset, (RangeInfo info) -> info.getRangeLowerBound(true),
    				Double.POSITIVE_INFINITY,
    				(IntervalCategoryDataset icd, int series, int item) -> icd.getStartValue(series, item),
    				(double minimum, Number value) -> Math.min(minimum, value.doubleValue()));

        }"
"protected Size2D arrangeFN(Graphics2D g2, double w) {
        RectangleEdge position = getPosition();
        if (position == RectangleEdge.TOP || position == RectangleEdge.BOTTOM) {
            float maxWidth = (float) w;
            g2.setFont(this.font);
            this.content = TextUtilities.createTextBlock(this.text, this.font,
                    this.paint, maxWidth, this.maximumLinesToDisplay,
                    new G2TextMeasurer(g2));
            this.content.setLineAlignment(this.textAlignment);
            Size2D contentSize = this.content.calculateDimensions(g2);
            if (this.expandToFitSpace) {
                return new Size2D(maxWidth, contentSize.getHeight());
            }
            else {
                return contentSize;
            }
        }
        else if (position == RectangleEdge.LEFT || position
                == RectangleEdge.RIGHT) {
            float maxWidth = Float.MAX_VALUE;
            g2.setFont(this.font);
            this.content = TextUtilities.createTextBlock(this.text, this.font,
                    this.paint, maxWidth, this.maximumLinesToDisplay,
                    new G2TextMeasurer(g2));
            this.content.setLineAlignment(this.textAlignment);
            Size2D contentSize = this.content.calculateDimensions(g2);

            // transpose the dimensions, because the title is rotated
            if (this.expandToFitSpace) {
                return new Size2D(contentSize.getHeight(), maxWidth);
            }
            else {
                return new Size2D(contentSize.height, contentSize.width);
            }
        }
        else {
            throw new RuntimeException(""Unrecognised exception."");
        }
    }","protected Size2D arrangeRR(Graphics2D g2, Range widthRange,
            Range heightRange) {
        RectangleEdge position = getPosition();
        if (position == RectangleEdge.TOP || position == RectangleEdge.BOTTOM) {
            float maxWidth = (float) widthRange.getUpperBound();
            g2.setFont(this.font);
            this.content = TextUtilities.createTextBlock(this.text, this.font,
                    this.paint, maxWidth, this.maximumLinesToDisplay,
                    new G2TextMeasurer(g2));
            this.content.setLineAlignment(this.textAlignment);
            Size2D contentSize = this.content.calculateDimensions(g2);
            if (this.expandToFitSpace) {
                return new Size2D(maxWidth, contentSize.getHeight());
            }
            else {
                return contentSize;
            }
        }
        else if (position == RectangleEdge.LEFT || position
                == RectangleEdge.RIGHT) {
            float maxWidth = (float) heightRange.getUpperBound();
            g2.setFont(this.font);
            this.content = TextUtilities.createTextBlock(this.text, this.font,
                    this.paint, maxWidth, this.maximumLinesToDisplay,
                    new G2TextMeasurer(g2));
            this.content.setLineAlignment(this.textAlignment);
            Size2D contentSize = this.content.calculateDimensions(g2);

            // transpose the dimensions, because the title is rotated
            if (this.expandToFitSpace) {
                return new Size2D(contentSize.getHeight(), maxWidth);
            }
            else {
                return new Size2D(contentSize.height, contentSize.width);
            }
        }
        else {
            throw new RuntimeException(""Unrecognised exception."");
        }
    }",Type-2,"private Size2D arrange_re(Graphics2D g2, double arg0, float arg1) throws RuntimeException {
		RectangleEdge position = getPosition();
		if (position == RectangleEdge.TOP || position == RectangleEdge.BOTTOM) {
			float maxWidth = (float) arg0;
			g2.setFont(this.font);
			this.content = TextUtilities.createTextBlock(this.text, this.font, this.paint, maxWidth,
					this.maximumLinesToDisplay, new G2TextMeasurer(g2));
			this.content.setLineAlignment(this.textAlignment);
			Size2D contentSize = this.content.calculateDimensions(g2);
			if (this.expandToFitSpace) {
				return new Size2D(maxWidth, contentSize.getHeight());
			} else {
				return contentSize;
			}
		} else if (position == RectangleEdge.LEFT || position == RectangleEdge.RIGHT) {
			float maxWidth = arg1;
			g2.setFont(this.font);
			this.content = TextUtilities.createTextBlock(this.text, this.font, this.paint, maxWidth,
					this.maximumLinesToDisplay, new G2TextMeasurer(g2));
			this.content.setLineAlignment(this.textAlignment);
			Size2D contentSize = this.content.calculateDimensions(g2);
			if (this.expandToFitSpace) {
				return new Size2D(contentSize.getHeight(), maxWidth);
			} else {
				return new Size2D(contentSize.height, contentSize.width);
			}
		} else {
			throw new RuntimeException(""Unrecognised exception."");
		}
	}

  protected Size2D arrangeRR(Graphics2D g2, Range widthRange,
            Range heightRange) {
        return arrange_re(g2, widthRange.getUpperBound(), (float) heightRange.getUpperBound());
    }

    protected Size2D arrangeFN(Graphics2D g2, double w) {
          return arrange_re(g2, w, Float.MAX_VALUE);
      }"
"    public static JFreeChart createStackedBarChart(String title,
                                                   String domainAxisLabel,
                                                   String rangeAxisLabel,
                                                   CategoryDataset dataset,
                                                   PlotOrientation orientation,
                                                   boolean legend,
                                                   boolean tooltips,
                                                   boolean urls) {

        if (orientation == null) {
            throw new IllegalArgumentException(""Null 'orientation' argument."");
        }

        CategoryAxis categoryAxis = new CategoryAxis(domainAxisLabel);
        ValueAxis valueAxis = new NumberAxis(rangeAxisLabel);

        StackedBarRenderer renderer = new StackedBarRenderer();
        if (tooltips) {
            renderer.setBaseToolTipGenerator(
                    new StandardCategoryToolTipGenerator());
        }
        if (urls) {
            renderer.setBaseItemURLGenerator(
                    new StandardCategoryURLGenerator());
        }

        CategoryPlot plot = new CategoryPlot(dataset, categoryAxis, valueAxis, 
                renderer);
        plot.setOrientation(orientation);
        JFreeChart chart = new JFreeChart(title, JFreeChart.DEFAULT_TITLE_FONT,
                plot, legend);

        return chart;

    }","    public static JFreeChart createStackedAreaChart(String title,
                                                    String categoryAxisLabel,
                                                    String valueAxisLabel,
                                                    CategoryDataset dataset,
                                                    PlotOrientation orientation,
                                                    boolean legend,
                                                    boolean tooltips,
                                                    boolean urls) {

        if (orientation == null) {
            throw new IllegalArgumentException(""Null 'orientation' argument."");
        }
        CategoryAxis categoryAxis = new CategoryAxis(categoryAxisLabel);
        ValueAxis valueAxis = new NumberAxis(valueAxisLabel);

        StackedAreaRenderer renderer = new StackedAreaRenderer();
        if (tooltips) {
            renderer.setBaseToolTipGenerator(
                    new StandardCategoryToolTipGenerator());
        }
        if (urls) {
            renderer.setBaseItemURLGenerator(
                    new StandardCategoryURLGenerator());
        }

        CategoryPlot plot = new CategoryPlot(dataset, categoryAxis, valueAxis, 
                renderer);
        plot.setOrientation(orientation);
        JFreeChart chart = new JFreeChart(title, JFreeChart.DEFAULT_TITLE_FONT, 
                plot, legend);

        return chart;

    }",Type-2,"private static JFreeChart createBarChar(PlotOrientation orientation, String domainAxisLabel, String rangeAxisLabel,
			boolean tooltips, boolean urls, CategoryDataset dataset, String title, boolean legend,
			Supplier<AbstractCategoryItemRenderer> arg0) {
		if (orientation == null) {
			throw new IllegalArgumentException(""Null 'orientation' argument."");
		}
		CategoryAxis categoryAxis = new CategoryAxis(domainAxisLabel);
		ValueAxis valueAxis = new NumberAxis(rangeAxisLabel);
		AbstractCategoryItemRenderer renderer = arg0.get();
		if (tooltips) {
			renderer.setBaseToolTipGenerator(new StandardCategoryToolTipGenerator());
		}
		if (urls) {
			renderer.setBaseItemURLGenerator(new StandardCategoryURLGenerator());
		}
		CategoryPlot plot = new CategoryPlot(dataset, categoryAxis, valueAxis, renderer);
		plot.setOrientation(orientation);
		JFreeChart chart = new JFreeChart(title, JFreeChart.DEFAULT_TITLE_FONT, plot, legend);
		return chart;
	}


public static JFreeChart createStackedBarChart(String title,
                                               String domainAxisLabel,
                                               String rangeAxisLabel,
                                               CategoryDataset dataset,
                                               PlotOrientation orientation,
                                               boolean legend,
                                               boolean tooltips,
                                               boolean urls) {

    return createBarChar(orientation, domainAxisLabel, rangeAxisLabel,
                          tooltips, urls, dataset, title, legend,
                          () -> new StackedBarRenderer());

}

public static JFreeChart createStackedAreaChart(String title,
                                                    String categoryAxisLabel,
                                                    String valueAxisLabel,
                                                    CategoryDataset dataset,
                                                    PlotOrientation orientation,
                                                    boolean legend,
                                                    boolean tooltips,
                                                    boolean urls) {

        return createBarChar(orientation, categoryAxisLabel,
																valueAxisLabel, tooltips, urls, dataset, title, legend,
																() -> new StackedAreaRenderer());

    }"
"    protected Paint lookupSectionPaint(Comparable key, boolean autoPopulate) {
        
        // is there an override?
        Paint result = getSectionPaint();
        if (result != null) {
            return result;
        }
        
        // if not, check if there is a paint defined for the specified key
        result = this.sectionPaintMap.getPaint(key);
        if (result != null) {
            return result;
        }
        
        // nothing defined - do we autoPopulate?
        if (autoPopulate) {
            DrawingSupplier ds = getDrawingSupplier();
            if (ds != null) {
                result = ds.getNextPaint();
                this.sectionPaintMap.put(key, result);
            }
            else {
                result = this.baseSectionPaint;
            }
        }
        else {
            result = this.baseSectionPaint;
        }
        return result;
    }","    protected Paint lookupSectionOutlinePaint(Comparable key, 
            boolean autoPopulate) {
        
        // is there an override?
        Paint result = getSectionOutlinePaint();
        if (result != null) {
            return result;
        }
        
        // if not, check if there is a paint defined for the specified key
        result = this.sectionOutlinePaintMap.getPaint(key);
        if (result != null) {
            return result;
        }
        
        // nothing defined - do we autoPopulate?
        if (autoPopulate) {
            DrawingSupplier ds = getDrawingSupplier();
            if (ds != null) {
                result = ds.getNextOutlinePaint();
                this.sectionOutlinePaintMap.put(key, result);
            }
            else {
                result = this.baseSectionOutlinePaint;
            }
        }
        else {
            result = this.baseSectionOutlinePaint;
        }
        return result;
    }",Type-2,"private Paint lookupPaint(Comparable key, boolean autoPopulate, Paint arg0, PaintMap arg1,
			Function<DrawingSupplier, Paint> arg2, Supplier<PaintMap> arg3, Paint arg4) {
		Paint result = arg0;
		if (result != null) {
			return result;
		}
		result = arg1.getPaint(key);
		if (result != null) {
			return result;
		}
		if (autoPopulate) {
			DrawingSupplier ds = getDrawingSupplier();
			if (ds != null) {
				result = arg2.apply(ds);
				arg3.get().put(key, result);
			} else {
				result = arg4;
			}
		} else {
			result = arg4;
		}
		return result;
	}

  protected Paint lookupSectionPaint(Comparable key, boolean autoPopulate) {
          
          return lookupPaint(key, autoPopulate, getSectionPaint(), this.sectionPaintMap,
  				(DrawingSupplier ds) -> ds.getNextPaint(), () -> this.sectionPaintMap, this.baseSectionPaint);
      }

    protected Paint lookupSectionOutlinePaint(Comparable key, 
            boolean autoPopulate) {
        
        return lookupPaint(key, autoPopulate, getSectionOutlinePaint(), this.sectionOutlinePaintMap,
						(DrawingSupplier ds) -> ds.getNextOutlinePaint(), () -> this.sectionOutlinePaintMap,
						this.baseSectionOutlinePaint);
    }"
"    public void drawDomainLine(Graphics2D g2, XYPlot plot, ValueAxis axis,
            Rectangle2D dataArea, double value, Paint paint, Stroke stroke) {

        Range range = axis.getRange();
        if (!range.contains(value)) {
            return;
        }

        PlotOrientation orientation = plot.getOrientation();
        Line2D line = null;
        double v = axis.valueToJava2D(value, dataArea,
                plot.getDomainAxisEdge());
        if (orientation == PlotOrientation.HORIZONTAL) {
            line = new Line2D.Double(dataArea.getMinX(), v, dataArea.getMaxX(),
                    v);
        }
        else if (orientation == PlotOrientation.VERTICAL) {
            line = new Line2D.Double(v, dataArea.getMinY(), v,
                    dataArea.getMaxY());
        }

        g2.setPaint(paint);
        g2.setStroke(stroke);
        g2.draw(line);

    }","    public void drawRangeLine(Graphics2D g2,
                              XYPlot plot,
                              ValueAxis axis,
                              Rectangle2D dataArea,
                              double value,
                              Paint paint,
                              Stroke stroke) {

        Range range = axis.getRange();
        if (!range.contains(value)) {
            return;
        }

        PlotOrientation orientation = plot.getOrientation();
        Line2D line = null;
        double v = axis.valueToJava2D(value, dataArea, plot.getRangeAxisEdge());
        if (orientation == PlotOrientation.HORIZONTAL) {
            line = new Line2D.Double(v, dataArea.getMinY(), v,
                    dataArea.getMaxY());
        }
        else if (orientation == PlotOrientation.VERTICAL) {
            line = new Line2D.Double(dataArea.getMinX(), v,
                    dataArea.getMaxX(), v);
        }

        g2.setPaint(paint);
        g2.setStroke(stroke);
        g2.draw(line);

    }",Type-2,"private void drawLine(ValueAxis axis, double value, XYPlot plot, Rectangle2D dataArea, Graphics2D g2, Paint paint,
    Stroke stroke, RectangleEdge arg0, PlotOrientation arg1, PlotOrientation arg2) {
  Range range = axis.getRange();
  if (!range.contains(value)) {
    return;
  }
  PlotOrientation orientation = plot.getOrientation();
  Line2D line = null;
  double v = axis.valueToJava2D(value, dataArea, arg0);
  if (orientation == arg1) {
    line = new Line2D.Double(dataArea.getMinX(), v, dataArea.getMaxX(), v);
  } else if (orientation == arg2) {
    line = new Line2D.Double(v, dataArea.getMinY(), v, dataArea.getMaxY());
  }
  g2.setPaint(paint);
  g2.setStroke(stroke);
  g2.draw(line);
  return;
}

public void drawRangeLine(Graphics2D g2,
                          XYPlot plot,
                          ValueAxis axis,
                          Rectangle2D dataArea,
                          double value,
                          Paint paint,
                          Stroke stroke) {

    drawLine(axis, value, plot, dataArea, g2, paint, stroke, plot.getRangeAxisEdge(),
                PlotOrientation.VERTICAL, PlotOrientation.HORIZONTAL);

}

public void drawDomainLine(Graphics2D g2, XYPlot plot, ValueAxis axis,
           Rectangle2D dataArea, double value, Paint paint, Stroke stroke) {

       drawLine(axis, value, plot, dataArea, g2, paint, stroke, plot.getDomainAxisEdge(),
           PlotOrientation.HORIZONTAL, PlotOrientation.VERTICAL);

   }"
"protected void drawDomainCrosshair(Graphics2D g2, Rectangle2D dataArea,
            PlotOrientation orientation, double value, ValueAxis axis,
            Stroke stroke, Paint paint) {

        if (axis.getRange().contains(value)) {
            Line2D line = null;
            if (orientation == PlotOrientation.VERTICAL) {
                double xx = axis.valueToJava2D(value, dataArea,
                        RectangleEdge.BOTTOM);
                line = new Line2D.Double(xx, dataArea.getMinY(), xx,
                        dataArea.getMaxY());
            }
            else {
                double yy = axis.valueToJava2D(value, dataArea,
                        RectangleEdge.LEFT);
                line = new Line2D.Double(dataArea.getMinX(), yy,
                        dataArea.getMaxX(), yy);
            }
            g2.setStroke(stroke);
            g2.setPaint(paint);
            g2.draw(line);
        }

    }","    protected void drawRangeCrosshair(Graphics2D g2, Rectangle2D dataArea,
            PlotOrientation orientation, double value, ValueAxis axis,
            Stroke stroke, Paint paint) {

        if (axis.getRange().contains(value)) {
            Line2D line = null;
            if (orientation == PlotOrientation.HORIZONTAL) {
                double xx = axis.valueToJava2D(value, dataArea,
                        RectangleEdge.BOTTOM);
                line = new Line2D.Double(xx, dataArea.getMinY(), xx,
                        dataArea.getMaxY());
            }
            else {
                double yy = axis.valueToJava2D(value, dataArea,
                        RectangleEdge.LEFT);
                line = new Line2D.Double(dataArea.getMinX(), yy,
                        dataArea.getMaxX(), yy);
            }
            g2.setStroke(stroke);
            g2.setPaint(paint);
            g2.draw(line);
        }

    }",Type-2,"private void drawCrosshair(double value, ValueAxis axis, PlotOrientation orientation, Rectangle2D dataArea,
			Graphics2D g2, Stroke stroke, Paint paint, PlotOrientation arg0) {
		if (axis.getRange().contains(value)) {
			Line2D line = null;
			if (orientation == arg0) {
				double xx = axis.valueToJava2D(value, dataArea, RectangleEdge.BOTTOM);
				line = new Line2D.Double(xx, dataArea.getMinY(), xx, dataArea.getMaxY());
			} else {
				double yy = axis.valueToJava2D(value, dataArea, RectangleEdge.LEFT);
				line = new Line2D.Double(dataArea.getMinX(), yy, dataArea.getMaxX(), yy);
			}
			g2.setStroke(stroke);
			g2.setPaint(paint);
			g2.draw(line);
		}
		return;
	}


protected void drawRangeCrosshair(Graphics2D g2, Rectangle2D dataArea,
            PlotOrientation orientation, double value, ValueAxis axis,
            Stroke stroke, Paint paint) {

        drawCrosshair(value, axis, orientation, dataArea, g2, stroke, paint, PlotOrientation.HORIZONTAL);

    }

    protected void drawDomainCrosshair(Graphics2D g2, Rectangle2D dataArea,
                PlotOrientation orientation, double value, ValueAxis axis,
                Stroke stroke, Paint paint) {

            drawCrosshair(value, axis, orientation, dataArea, g2, stroke, paint, PlotOrientation.VERTICAL);

        }"
"    public static Number findMinimumStackedRangeValue(CategoryDataset dataset) {

        Number result = null;
        if (dataset != null) {
            double minimum = 0.0;
            int categoryCount = dataset.getRowCount();
            for (int item = 0; item < categoryCount; item++) {
                double total = 0.0;

                int seriesCount = dataset.getColumnCount();
                for (int series = 0; series < seriesCount; series++) {
                    Number number = dataset.getValue(series, item);
                    if (number != null) {
                        double value = number.doubleValue();
                        if (value < 0.0) {
                            total = total + value;
                            // '+', remember value is negative
                        }
                    }
                }
                minimum = Math.min(minimum, total);

            }
            result = new Double(minimum);
        }
        return result;

    }","    public static Number findMaximumStackedRangeValue(CategoryDataset dataset) {

        Number result = null;

        if (dataset != null) {
            double maximum = 0.0;
            int categoryCount = dataset.getColumnCount();
            for (int item = 0; item < categoryCount; item++) {
                double total = 0.0;
                int seriesCount = dataset.getRowCount();
                for (int series = 0; series < seriesCount; series++) {
                    Number number = dataset.getValue(series, item);
                    if (number != null) {
                        double value = number.doubleValue();
                        if (value > 0.0) {
                            total = total + value;
                        }
                    }
                }
                maximum = Math.max(maximum, total);
            }
            result = new Double(maximum);
        }

        return result;

    }",Type-2,"private interface Interface3 {
  double apply(double minimum, double total);
}

private static Number findStackedRangeValue(CategoryDataset dataset, Supplier<Integer> arg0, Supplier<Integer> arg1,
    Function<Double, Boolean> arg2, Interface3 arg3) {
  Number result = null;
  if (dataset != null) {
    double minimum = 0.0;
    int categoryCount = (int) arg0.get();
    for (int item = 0; item < categoryCount; item++) {
      double total = 0.0;
      int seriesCount = (int) arg1.get();
      for (int series = 0; series < seriesCount; series++) {
        Number number = dataset.getValue(series, item);
        if (number != null) {
          double value = number.doubleValue();
          if ((boolean) arg2.apply(value)) {
            total = total + value;
          }
        }
      }
      minimum = arg3.apply(minimum, total);
    }
    result = new Double(minimum);
  }
  return result;
}

public static Number findMaximumStackedRangeValue(CategoryDataset dataset) {

        return findStackedRangeValue(dataset, () -> dataset.getColumnCount(), () -> dataset.getRowCount(),
				(Double value) -> value > 0.0, (double maximum, double total) -> Math.max(maximum, total));

    }

public static Number findMinimumStackedRangeValue(CategoryDataset dataset) {

            return findStackedRangeValue(dataset, () -> dataset.getRowCount(), () -> dataset.getColumnCount(),
    				(Double value) -> value < 0.0, (double minimum, double total) -> Math.min(minimum, total));

        }"
"public double valueToJava2D(double value, Rectangle2D area,
                                RectangleEdge edge) {

        Range range = getRange();
        double axisMin = range.getLowerBound();
        double axisMax = range.getUpperBound();

        double min = 0.0;
        double max = 0.0;
        if (RectangleEdge.isTopOrBottom(edge)) {
            min = area.getX();
            max = area.getMaxX();
        }
        else if (RectangleEdge.isLeftOrRight(edge)) {
            max = area.getMinY();
            min = area.getMaxY();
        }
        if (isInverted()) {
            return max
                   - ((value - axisMin) / (axisMax - axisMin)) * (max - min);
        }
        else {
            return min
                   + ((value - axisMin) / (axisMax - axisMin)) * (max - min);
        }

    }","public double java2DToValue(double java2DValue, Rectangle2D area,
                                RectangleEdge edge) {

        Range range = getRange();
        double axisMin = range.getLowerBound();
        double axisMax = range.getUpperBound();

        double min = 0.0;
        double max = 0.0;
        if (RectangleEdge.isTopOrBottom(edge)) {
            min = area.getX();
            max = area.getMaxX();
        }
        else if (RectangleEdge.isLeftOrRight(edge)) {
            min = area.getMaxY();
            max = area.getY();
        }
        if (isInverted()) {
            return axisMax
                   - (java2DValue - min) / (max - min) * (axisMax - axisMin);
        }
        else {
            return axisMin
                   + (java2DValue - min) / (max - min) * (axisMax - axisMin);
        }

    }",Type-2,"private interface Interface1 {
		double apply(double max, double axisMax);
	}

	@FunctionalInterface
	private interface Interface2 {
		double apply(double min, double axisMin);
	}

	@FunctionalInterface
	private interface Interface3 {
		double apply(double axisMin, double axisMax, double min, double max);
	}

	private double valueToJava(RectangleEdge edge, Rectangle2D area, double arg0, Interface1 arg1, Interface2 arg2,
			Interface3 arg3) {
		Range range = getRange();
		double axisMin = range.getLowerBound();
		double axisMax = range.getUpperBound();
		double min = 0.0;
		double max = 0.0;
		if (RectangleEdge.isTopOrBottom(edge)) {
			min = area.getX();
			max = area.getMaxX();
		} else if (RectangleEdge.isLeftOrRight(edge)) {
			max = arg0;
			min = area.getMaxY();
		}
		if (isInverted()) {
			return arg1.apply(max, axisMax)
					- arg3.apply(axisMin, axisMax, min, max) * (arg1.apply(max, axisMax) - arg2.apply(min, axisMin));
		} else {
			return arg2.apply(min, axisMin)
					+ arg3.apply(axisMin, axisMax, min, max) * (arg1.apply(max, axisMax) - arg2.apply(min, axisMin));
		}
	}

public double java2DToValue(double java2DValue, Rectangle2D area,
                                RectangleEdge edge) {

        return valueToJava(edge, area, area.getY(), (double max, double axisMax) -> axisMax,
											(double min, double axisMin) -> axisMin, (double axisMin, double axisMax,
													double min, double max) -> (java2DValue - min) / (max - min));

    }

    public double valueToJava2D(double value, Rectangle2D area,
                                    RectangleEdge edge) {

            return valueToJava(edge, area, area.getMinY(), (double max, double axisMax) -> max,
    											(double min, double axisMin) -> min,
    											(double axisMin, double axisMax, double min,
    													double max) -> ((value - axisMin) / (axisMax - axisMin)));

        }"
"public void drawDomainMarker(Graphics2D g2,
                                 ContourPlot plot,
                                 ValueAxis domainAxis,
                                 Marker marker,
                                 Rectangle2D dataArea) {

        if (marker instanceof ValueMarker) {
            ValueMarker vm = (ValueMarker) marker;
            double value = vm.getValue();
            Range range = domainAxis.getRange();
            if (!range.contains(value)) {
                return;
            }
  
            double x = domainAxis.valueToJava2D(value, dataArea, 
                    RectangleEdge.BOTTOM);
            Line2D line = new Line2D.Double(x, dataArea.getMinY(), x, 
                    dataArea.getMaxY());
            Paint paint = marker.getOutlinePaint();
            Stroke stroke = marker.getOutlineStroke();
            g2.setPaint(paint != null ? paint : Plot.DEFAULT_OUTLINE_PAINT);
            g2.setStroke(stroke != null ? stroke : Plot.DEFAULT_OUTLINE_STROKE);
            g2.draw(line);
        }

    }","public void drawRangeMarker(Graphics2D g2,
                                ContourPlot plot,
                                ValueAxis rangeAxis,
                                Marker marker,
                                Rectangle2D dataArea) {

        if (marker instanceof ValueMarker) {
            ValueMarker vm = (ValueMarker) marker;
            double value = vm.getValue();
            Range range = rangeAxis.getRange();
            if (!range.contains(value)) {
                return;
            }

            double y = rangeAxis.valueToJava2D(value, dataArea, 
                    RectangleEdge.LEFT);
            Line2D line = new Line2D.Double(dataArea.getMinX(), y, 
                    dataArea.getMaxX(), y);
            Paint paint = marker.getOutlinePaint();
            Stroke stroke = marker.getOutlineStroke();
            g2.setPaint(paint != null ? paint : Plot.DEFAULT_OUTLINE_PAINT);
            g2.setStroke(stroke != null ? stroke : Plot.DEFAULT_OUTLINE_STROKE);
            g2.draw(line);
        }

    }",Type-2,"private void drawMarker(Marker marker, ValueAxis domainAxis, Rectangle2D dataArea, Graphics2D g2,
    RectangleEdge arg0, Function<Double, Double> arg1, Function<Double, Double> arg2,
    Function<Double, Double> arg3, Function<Double, Double> arg4) {
  if (marker instanceof ValueMarker) {
    ValueMarker vm = (ValueMarker) marker;
    double value = vm.getValue();
    Range range = domainAxis.getRange();
    if (!range.contains(value)) {
      return;
    }
    double x = domainAxis.valueToJava2D(value, dataArea, arg0);
    Line2D line = new Line2D.Double((double) arg1.apply(x), (double) arg2.apply(x), (double) arg3.apply(x),
        (double) arg4.apply(x));
    Paint paint = marker.getOutlinePaint();
    Stroke stroke = marker.getOutlineStroke();
    g2.setPaint(paint != null ? paint : Plot.DEFAULT_OUTLINE_PAINT);
    g2.setStroke(stroke != null ? stroke : Plot.DEFAULT_OUTLINE_STROKE);
    g2.draw(line);
  }
  return;
}

public void drawRangeMarker(Graphics2D g2,
                                ContourPlot plot,
                                ValueAxis rangeAxis,
                                Marker marker,
                                Rectangle2D dataArea) {

        drawMarker(marker, rangeAxis, dataArea, g2, RectangleEdge.LEFT,
											(Double y) -> dataArea.getMinX(), (Double y) -> y,
											(Double y) -> dataArea.getMaxX(), (Double y) -> y);

    }

    public void drawDomainMarker(Graphics2D g2,
                                     ContourPlot plot,
                                     ValueAxis domainAxis,
                                     Marker marker,
                                     Rectangle2D dataArea) {

            drawMarker(marker, domainAxis, dataArea, g2, RectangleEdge.BOTTOM, (Double x) -> x,
    											(Double x) -> dataArea.getMinY(), (Double x) -> x,
    											(Double x) -> dataArea.getMaxY());

        }"
"public void setDomainAxis(int index, ValueAxis axis, boolean notify) {
        ValueAxis existing = getDomainAxis(index);
        if (existing != null) {
            existing.removeChangeListener(this);
        }
        if (axis != null) {
            axis.setPlot(this);
        }
        this.domainAxes.set(index, axis);
        if (axis != null) {
            axis.configure();
            axis.addChangeListener(this);
        }
        if (notify) {
            fireChangeEvent();
        }
    }","public void setRangeAxis(int index, ValueAxis axis, boolean notify) {
        ValueAxis existing = getRangeAxis(index);
        if (existing != null) {
            existing.removeChangeListener(this);
        }
        if (axis != null) {
            axis.setPlot(this);
        }
        this.rangeAxes.set(index, axis);
        if (axis != null) {
            axis.configure();
            axis.addChangeListener(this);
        }
        if (notify) {
            fireChangeEvent();
        }
    }",Type-2,"private void setAxis(int index, ValueAxis axis, boolean notify, ValueAxis arg0, ObjectList arg1) {
		ValueAxis existing = arg0;
		if (existing != null) {
			existing.removeChangeListener(this);
		}
		if (axis != null) {
			axis.setPlot(this);
		}
		arg1.set(index, axis);
		if (axis != null) {
			axis.configure();
			axis.addChangeListener(this);
		}
		if (notify) {
			fireChangeEvent();
		}
		return;
	}

  public void setDomainAxis(int index, ValueAxis axis, boolean notify) {
        setAxis(index, axis, notify, getDomainAxis(index), this.domainAxes);
    }


    public void setRangeAxis(int index, ValueAxis axis, boolean notify) {
            setAxis(index, axis, notify, getRangeAxis(index), this.rangeAxes);
        }"
"private List datasetsMappedToDomainAxis(int axisIndex) {
        List result = new ArrayList();
        for (int datasetIndex = 0; datasetIndex < this.datasets.size();
                datasetIndex++) {
            Object dataset = this.datasets.get(datasetIndex);
            if (dataset != null) {
                Integer m = (Integer) this.datasetToDomainAxisMap.get(
                        datasetIndex);
                if (m == null) {  // a dataset with no mapping is assigned to
                                  // axis 0
                    if (axisIndex == 0) {
                        result.add(dataset);
                    }
                }
                else {
                    if (m.intValue() == axisIndex) {
                        result.add(dataset);
                    }
                }
            }
        }
        return result;
    }","private List datasetsMappedToRangeAxis(int index) {
        List result = new ArrayList();
        for (int i = 0; i < this.datasets.size(); i++) {
            Object dataset = this.datasets.get(i);
            if (dataset != null) {
                Integer m = (Integer) this.datasetToRangeAxisMap.get(i);
                if (m == null) {  // a dataset with no mapping is assigned to
                                  // axis 0
                    if (index == 0) {
                        result.add(dataset);
                    }
                }
                else {
                    if (m.intValue() == index) {
                        result.add(dataset);
                    }
                }
            }
        }
        return result;
    }",Type-2,"private java.util.List datasetsMappedToAxis(int axisIndex, ObjectList arg0) {
		List result = new ArrayList();
		for (int datasetIndex = 0; datasetIndex < this.datasets.size(); datasetIndex++) {
			Object dataset = this.datasets.get(datasetIndex);
			if (dataset != null) {
				Integer m = (Integer) arg0.get(datasetIndex);
				if (m == null) {
					if (axisIndex == 0) {
						result.add(dataset);
					}
				} else {
					if (m.intValue() == axisIndex) {
						result.add(dataset);
					}
				}
			}
		}
		return result;
	}

private List datasetsMappedToRangeAxis(int index) {
        return datasetsMappedToAxis(index, this.datasetToRangeAxisMap);
    }

    private List datasetsMappedToDomainAxis(int axisIndex) {
            return datasetsMappedToAxis(axisIndex, this.datasetToDomainAxisMap);
        }"
"private Range calculateXDataRange(float[][] data) {
        
        Range result = null;
        
        if (data != null) {
            float lowest = Float.POSITIVE_INFINITY;
            float highest = Float.NEGATIVE_INFINITY;
            for (int i = 0; i < data[0].length; i++) {
                float v = data[0][i];
                if (v < lowest) {
                    lowest = v;
                }
                if (v > highest) {
                    highest = v;
                }
            }
            if (lowest <= highest) {
                result = new Range(lowest, highest);
            }
        }
        
        return result;
        
    }","private Range calculateYDataRange(float[][] data) {
        
        Range result = null;
        
        if (data != null) {
            float lowest = Float.POSITIVE_INFINITY;
            float highest = Float.NEGATIVE_INFINITY;
            for (int i = 0; i < data[0].length; i++) {
                float v = data[1][i];
                if (v < lowest) {
                    lowest = v;
                }
                if (v > highest) {
                    highest = v;
                }
            }
            if (lowest <= highest) {
                result = new Range(lowest, highest);
            }
        }
        return result;
        
    }",Type-2,"private Range calculateDataRange(float[][] data, int arg0) {
		Range result = null;
		if (data != null) {
			float lowest = Float.POSITIVE_INFINITY;
			float highest = Float.NEGATIVE_INFINITY;
			for (int i = 0; i < data[0].length; i++) {
				float v = data[arg0][i];
				if (v < lowest) {
					lowest = v;
				}
				if (v > highest) {
					highest = v;
				}
			}
			if (lowest <= highest) {
				result = new Range(lowest, highest);
			}
		}
		return result;
	}

private Range calculateXDataRange(float[][] data) {
        
        return calculateDataRange(data, 0);
        
    }

private Range calculateYDataRange(float[][] data) {
        
        return calculateDataRange(data, 1);
        
    }"
"public void fillRangeGridBand(Graphics2D g2, XYPlot plot, ValueAxis axis,
            Rectangle2D dataArea, double start, double end) {

        double y1 = axis.valueToJava2D(start, dataArea,
                plot.getRangeAxisEdge());
        double y2 = axis.valueToJava2D(end, dataArea, plot.getRangeAxisEdge());
        Rectangle2D band;
        if (plot.getOrientation() == PlotOrientation.VERTICAL) {
            band = new Rectangle2D.Double(dataArea.getMinX(), Math.min(y1, y2),
                dataArea.getWidth(), Math.abs(y2 - y1));
        }
        else {
            band = new Rectangle2D.Double(Math.min(y1, y2), dataArea.getMinY(),
                    Math.abs(y2 - y1), dataArea.getHeight());
        }
        Paint paint = plot.getRangeTickBandPaint();

        if (paint != null) {
            g2.setPaint(paint);
            g2.fill(band);
        }

    }","public void fillDomainGridBand(Graphics2D g2, XYPlot plot, ValueAxis axis,
            Rectangle2D dataArea, double start, double end) {

        double x1 = axis.valueToJava2D(start, dataArea,
                plot.getDomainAxisEdge());
        double x2 = axis.valueToJava2D(end, dataArea,
                plot.getDomainAxisEdge());
        Rectangle2D band;
        if (plot.getOrientation() == PlotOrientation.VERTICAL) {
            band = new Rectangle2D.Double(Math.min(x1, x2), dataArea.getMinY(),
                    Math.abs(x2 - x1), dataArea.getWidth());
        }
        else {
            band = new Rectangle2D.Double(dataArea.getMinX(), Math.min(x1, x2),
                    dataArea.getWidth(), Math.abs(x2 - x1));
        }
        Paint paint = plot.getDomainTickBandPaint();

        if (paint != null) {
            g2.setPaint(paint);
            g2.fill(band);
        }

    }",Type-2,"private interface Interface1 {
		double apply(double x1, double x2);
	}

	@FunctionalInterface
	private interface Interface2 {
		double apply(double x1, double x2);
	}

	@FunctionalInterface
	private interface Interface3 {
		double apply(double x2, double x1);
	}

	@FunctionalInterface
	private interface Interface4 {
		double apply(double x2, double x1);
	}

	@FunctionalInterface
	private interface Interface5 {
		double apply(double x1, double x2);
	}

	@FunctionalInterface
	private interface Interface6 {
		double apply(double x1, double x2);
	}

	@FunctionalInterface
	private interface Interface7 {
		double apply(double x2, double x1);
	}

	private void fillGridBand(XYPlot plot, ValueAxis axis, Rectangle2D dataArea, double start, double end,
			Graphics2D g2, RectangleEdge arg0, Interface1 arg1, Interface2 arg2, Interface3 arg3, Interface4 arg4,
			Interface5 arg5, Interface6 arg6, Interface7 arg7, Paint arg8) {
		double x1 = axis.valueToJava2D(start, dataArea, arg0);
		double x2 = axis.valueToJava2D(end, dataArea, arg0);
		Rectangle2D band;
		if (plot.getOrientation() == PlotOrientation.VERTICAL) {
			band = new Rectangle2D.Double(arg1.apply(x1, x2), arg2.apply(x1, x2), arg3.apply(x2, x1),
					arg4.apply(x2, x1));
		} else {
			band = new Rectangle2D.Double(arg5.apply(x1, x2), arg6.apply(x1, x2), arg4.apply(x2, x1),
					arg7.apply(x2, x1));
		}
		Paint paint = arg8;
		if (paint != null) {
			g2.setPaint(paint);
			g2.fill(band);
		}
		return;
	}

  public void fillDomainGridBand(Graphics2D g2, XYPlot plot, ValueAxis axis,
            Rectangle2D dataArea, double start, double end) {

        fillGridBand(plot, axis, dataArea, start, end, g2, plot.getDomainAxisEdge(),
						(double x1, double x2) -> Math.min(x1, x2), (double x1, double x2) -> dataArea.getMinY(),
						(double x2, double x1) -> Math.abs(x2 - x1), (double x2, double x1) -> dataArea.getWidth(),
						(double x1, double x2) -> dataArea.getMinX(), (double x1, double x2) -> Math.min(x1, x2),
						(double x2, double x1) -> Math.abs(x2 - x1), plot.getDomainTickBandPaint());

    }

  public void fillRangeGridBand(Graphics2D g2, XYPlot plot, ValueAxis axis,
            Rectangle2D dataArea, double start, double end) {

        fillGridBand(plot, axis, dataArea, start, end, g2, plot.getRangeAxisEdge(),
						(double y1, double y2) -> dataArea.getMinX(), (double y1, double y2) -> Math.min(y1, y2),
						(double y2, double y1) -> dataArea.getWidth(), (double y2, double y1) -> Math.abs(y2 - y1),
						(double y1, double y2) -> Math.min(y1, y2), (double y1, double y2) -> dataArea.getMinY(),
						(double y2, double y1) -> dataArea.getHeight(), plot.getRangeTickBandPaint());

    }"
"public void setStartValue(int series, Comparable category, Number value) {

        // does the series exist?
        if ((series < 0) || (series > getSeriesCount() - 1)) {
            throw new IllegalArgumentException(
                ""DefaultIntervalCategoryDataset.setValue: ""
                + ""series outside valid range."");
        }

        // is the category valid?
        int categoryIndex = getCategoryIndex(category);
        if (categoryIndex < 0) {
            throw new IllegalArgumentException(
                ""DefaultIntervalCategoryDataset.setValue: ""
                + ""unrecognised category."");
        }

        // update the data...
        this.startData[series][categoryIndex] = value;
        fireDatasetChanged();

    }","public void setEndValue(int series, Comparable category, Number value) {

        // does the series exist?
        if ((series < 0) || (series > getSeriesCount() - 1)) {
            throw new IllegalArgumentException(
                ""DefaultIntervalCategoryDataset.setValue: ""
                + ""series outside valid range."");
        }

        // is the category valid?
        int categoryIndex = getCategoryIndex(category);
        if (categoryIndex < 0) {
            throw new IllegalArgumentException(
                ""DefaultIntervalCategoryDataset.setValue: ""
                + ""unrecognised category."");
        }

        // update the data...
        this.endData[series][categoryIndex] = value;
        fireDatasetChanged();

    }",Type-2,"private void setValue(int series, Comparable category, Number value, Number[][] arg0) {
		if ((series < 0) || (series > getSeriesCount() - 1)) {
			throw new IllegalArgumentException(
					""DefaultIntervalCategoryDataset.setValue: "" + ""series outside valid range."");
		}
		int categoryIndex = getCategoryIndex(category);
		if (categoryIndex < 0) {
			throw new IllegalArgumentException(""DefaultIntervalCategoryDataset.setValue: "" + ""unrecognised category."");
		}
		arg0[series][categoryIndex] = value;
		fireDatasetChanged();
		return;
	}

  public void setStartValue(int series, Comparable category, Number value) {

        setValue(series, category, value, this.startData);

    }

  public void setEndValue(int series, Comparable category, Number value) {

        setValue(series, category, value, this.endData);

    }"
"public Paint lookupSeriesPaint(int series) {

        // return the override, if there is one...
        if (this.paint != null) {
            return this.paint;
        }

        // otherwise look up the paint list
        Paint seriesPaint = getSeriesPaint(series);
        if (seriesPaint == null && this.autoPopulateSeriesPaint) {
            DrawingSupplier supplier = getDrawingSupplier();
            if (supplier != null) {
                seriesPaint = supplier.getNextPaint();
                setSeriesPaint(series, seriesPaint, false);
            }
        }
        if (seriesPaint == null) {
            seriesPaint = this.basePaint;
        }
        return seriesPaint;

    }","public Paint lookupSeriesFillPaint(int series) {

        // return the override, if there is one...
        if (this.fillPaint != null) {
            return this.fillPaint;
        }

        // otherwise look up the paint table
        Paint seriesFillPaint = getSeriesFillPaint(series);
        if (seriesFillPaint == null && this.autoPopulateSeriesFillPaint) {
            DrawingSupplier supplier = getDrawingSupplier();
            if (supplier != null) {
                seriesFillPaint = supplier.getNextFillPaint();
                setSeriesFillPaint(series, seriesFillPaint, false);
            }
        }
        if (seriesFillPaint == null) {
            seriesFillPaint = this.baseFillPaint;
        }
        return seriesFillPaint;

    }",Type-2,"private Paint lookupPaint(Paint arg0, Paint arg1, boolean arg2, Function<DrawingSupplier, Paint> arg3,
			Consumer<Paint> arg4, Paint arg5) {
		if (arg0 != null) {
			return arg0;
		}
		Paint seriesPaint = arg1;
		if (seriesPaint == null && arg2) {
			DrawingSupplier supplier = getDrawingSupplier();
			if (supplier != null) {
				seriesPaint = arg3.apply(supplier);
				arg4.accept(seriesPaint);
			}
		}
		if (seriesPaint == null) {
			seriesPaint = arg5;
		}
		return seriesPaint;
	}

public Paint lookupSeriesPaint(int series) {

        return lookupPaint(this.paint, getSeriesPaint(series), this.autoPopulateSeriesPaint,
				(DrawingSupplier supplier) -> supplier.getNextPaint(), (Paint seriesPaint) -> {
					setSeriesPaint(series, seriesPaint, false);
				}, this.basePaint);

    }

  public Paint lookupSeriesFillPaint(int series) {

        return lookupPaint(this.fillPaint, getSeriesFillPaint(series), this.autoPopulateSeriesFillPaint,
				(DrawingSupplier supplier) -> supplier.getNextFillPaint(), (Paint seriesFillPaint) -> {
					setSeriesFillPaint(series, seriesFillPaint, false);
				}, this.baseFillPaint);

    }"
"public Paint lookupSeriesPaint(int series) {

        // return the override, if there is one...
        if (this.paint != null) {
            return this.paint;
        }

        // otherwise look up the paint list
        Paint seriesPaint = getSeriesPaint(series);
        if (seriesPaint == null && this.autoPopulateSeriesPaint) {
            DrawingSupplier supplier = getDrawingSupplier();
            if (supplier != null) {
                seriesPaint = supplier.getNextPaint();
                setSeriesPaint(series, seriesPaint, false);
            }
        }
        if (seriesPaint == null) {
            seriesPaint = this.basePaint;
        }
        return seriesPaint;

    }","public Paint lookupSeriesOutlinePaint(int series) {

        // return the override, if there is one...
        if (this.outlinePaint != null) {
            return this.outlinePaint;
        }

        // otherwise look up the paint table
        Paint seriesOutlinePaint = getSeriesOutlinePaint(series);
        if (seriesOutlinePaint == null && this.autoPopulateSeriesOutlinePaint) {
            DrawingSupplier supplier = getDrawingSupplier();
            if (supplier != null) {
                seriesOutlinePaint = supplier.getNextOutlinePaint();
                setSeriesOutlinePaint(series, seriesOutlinePaint, false);
            }
        }
        if (seriesOutlinePaint == null) {
            seriesOutlinePaint = this.baseOutlinePaint;
        }
        return seriesOutlinePaint;

    }",Type-2,"private Paint lookupPaint(Paint arg0, Paint arg1, boolean arg2, Function<DrawingSupplier, Paint> arg3,
			Consumer<Paint> arg4, Paint arg5) {
		if (arg0 != null) {
			return arg0;
		}
		Paint seriesPaint = arg1;
		if (seriesPaint == null && arg2) {
			DrawingSupplier supplier = getDrawingSupplier();
			if (supplier != null) {
				seriesPaint = arg3.apply(supplier);
				arg4.accept(seriesPaint);
			}
		}
		if (seriesPaint == null) {
			seriesPaint = arg5;
		}
		return seriesPaint;
	}

  public Paint lookupSeriesPaint(int series) {

        return lookupPaint(this.paint, getSeriesPaint(series), this.autoPopulateSeriesPaint,
				(DrawingSupplier supplier) -> supplier.getNextPaint(), (Paint seriesPaint) -> {
					setSeriesPaint(series, seriesPaint, false);
				}, this.basePaint);

    }

  public Paint lookupSeriesOutlinePaint(int series) {

        return lookupPaint(this.outlinePaint, getSeriesOutlinePaint(series), this.autoPopulateSeriesOutlinePaint,
				(DrawingSupplier supplier) -> supplier.getNextOutlinePaint(), (Paint seriesOutlinePaint) -> {
					setSeriesOutlinePaint(series, seriesOutlinePaint, false);
				}, this.baseOutlinePaint);

    }"
"public Paint lookupSeriesFillPaint(int series) {

        // return the override, if there is one...
        if (this.fillPaint != null) {
            return this.fillPaint;
        }

        // otherwise look up the paint table
        Paint seriesFillPaint = getSeriesFillPaint(series);
        if (seriesFillPaint == null && this.autoPopulateSeriesFillPaint) {
            DrawingSupplier supplier = getDrawingSupplier();
            if (supplier != null) {
                seriesFillPaint = supplier.getNextFillPaint();
                setSeriesFillPaint(series, seriesFillPaint, false);
            }
        }
        if (seriesFillPaint == null) {
            seriesFillPaint = this.baseFillPaint;
        }
        return seriesFillPaint;

    }","public Paint lookupSeriesOutlinePaint(int series) {

        // return the override, if there is one...
        if (this.outlinePaint != null) {
            return this.outlinePaint;
        }

        // otherwise look up the paint table
        Paint seriesOutlinePaint = getSeriesOutlinePaint(series);
        if (seriesOutlinePaint == null && this.autoPopulateSeriesOutlinePaint) {
            DrawingSupplier supplier = getDrawingSupplier();
            if (supplier != null) {
                seriesOutlinePaint = supplier.getNextOutlinePaint();
                setSeriesOutlinePaint(series, seriesOutlinePaint, false);
            }
        }
        if (seriesOutlinePaint == null) {
            seriesOutlinePaint = this.baseOutlinePaint;
        }
        return seriesOutlinePaint;

    }",Type-2,"private Paint lookupSeries(Paint arg0, Paint arg1, boolean arg2, Function<DrawingSupplier, Paint> arg3,
			Consumer<Paint> arg4, Paint arg5) {
		if (arg0 != null) {
			return arg0;
		}
		Paint seriesFillPaint = arg1;
		if (seriesFillPaint == null && arg2) {
			DrawingSupplier supplier = getDrawingSupplier();
			if (supplier != null) {
				seriesFillPaint = arg3.apply(supplier);
				arg4.accept(seriesFillPaint);
			}
		}
		if (seriesFillPaint == null) {
			seriesFillPaint = arg5;
		}
		return seriesFillPaint;
	}

  public Paint lookupSeriesFillPaint(int series) {

        return lookupSeries(this.fillPaint, getSeriesFillPaint(series), this.autoPopulateSeriesFillPaint,
				(DrawingSupplier supplier) -> supplier.getNextFillPaint(), (Paint seriesFillPaint) -> {
					setSeriesFillPaint(series, seriesFillPaint, false);
				}, this.baseFillPaint);

    }


  public Paint lookupSeriesOutlinePaint(int series) {

        return lookupSeries(this.outlinePaint, getSeriesOutlinePaint(series), this.autoPopulateSeriesOutlinePaint,
				(DrawingSupplier supplier) -> supplier.getNextOutlinePaint(), (Paint seriesOutlinePaint) -> {
					setSeriesOutlinePaint(series, seriesOutlinePaint, false);
				}, this.baseOutlinePaint);

    }"
"public Stroke lookupSeriesStroke(int series) {

        // return the override, if there is one...
        if (this.stroke != null) {
            return this.stroke;
        }

        // otherwise look up the paint table
        Stroke result = getSeriesStroke(series);
        if (result == null && this.autoPopulateSeriesStroke) {
            DrawingSupplier supplier = getDrawingSupplier();
            if (supplier != null) {
                result = supplier.getNextStroke();
                setSeriesStroke(series, result, false);
            }
        }
        if (result == null) {
            result = this.baseStroke;
        }
        return result;

    }","public Stroke lookupSeriesOutlineStroke(int series) {

        // return the override, if there is one...
        if (this.outlineStroke != null) {
            return this.outlineStroke;
        }

        // otherwise look up the stroke table
        Stroke result = getSeriesOutlineStroke(series);
        if (result == null && this.autoPopulateSeriesOutlineStroke) {
            DrawingSupplier supplier = getDrawingSupplier();
            if (supplier != null) {
                result = supplier.getNextOutlineStroke();
                setSeriesOutlineStroke(series, result, false);
            }
        }
        if (result == null) {
            result = this.baseOutlineStroke;
        }
        return result;

    }",Type-2,"private Stroke lookupSeries(Stroke arg0, Stroke arg1, boolean arg2, Function<DrawingSupplier, Stroke> arg3,
			Consumer<Stroke> arg4, Stroke arg5) {
		if (arg0 != null) {
			return arg0;
		}
		Stroke result = arg1;
		if (result == null && arg2) {
			DrawingSupplier supplier = getDrawingSupplier();
			if (supplier != null) {
				result = arg3.apply(supplier);
				arg4.accept(result);
			}
		}
		if (result == null) {
			result = arg5;
		}
		return result;
	}

  public Stroke lookupSeriesOutlineStroke(int series) {

        return lookupSeries(this.outlineStroke, getSeriesOutlineStroke(series), this.autoPopulateSeriesOutlineStroke,
				(DrawingSupplier supplier) -> supplier.getNextOutlineStroke(), (Stroke result) -> {
					setSeriesOutlineStroke(series, result, false);
				}, this.baseOutlineStroke);

    }

  public Stroke lookupSeriesStroke(int series) {

        return lookupSeries(this.stroke, getSeriesStroke(series), this.autoPopulateSeriesStroke,
				(DrawingSupplier supplier) -> supplier.getNextStroke(), (Stroke result) -> {
					setSeriesStroke(series, result, false);
				}, this.baseStroke);

    }

    "
"public void zoomDomainAxes(double factor, PlotRenderingInfo info,
                               Point2D source, boolean useAnchor) {

        // perform the zoom on each domain axis
        for (int i = 0; i < this.domainAxes.size(); i++) {
            ValueAxis domainAxis = (ValueAxis) this.domainAxes.get(i);
            if (domainAxis != null) {
                if (useAnchor) {
                    // get the relevant source coordinate given the plot
                    // orientation
                    double sourceX = source.getX();
                    if (this.orientation == PlotOrientation.HORIZONTAL) {
                        sourceX = source.getY();
                    }
                    double anchorX = domainAxis.java2DToValue(sourceX,
                            info.getDataArea(), getDomainAxisEdge());
                    domainAxis.resizeRange(factor, anchorX);
                }
                else {
                    domainAxis.resizeRange(factor);
                }
            }
        }
    }","public void zoomRangeAxes(double factor, PlotRenderingInfo info,
                              Point2D source, boolean useAnchor) {

        // perform the zoom on each range axis
        for (int i = 0; i < this.rangeAxes.size(); i++) {
            ValueAxis rangeAxis = (ValueAxis) this.rangeAxes.get(i);
            if (rangeAxis != null) {
                if (useAnchor) {
                    // get the relevant source coordinate given the plot
                    // orientation
                    double sourceY = source.getY();
                    if (this.orientation == PlotOrientation.HORIZONTAL) {
                        sourceY = source.getX();
                    }
                    double anchorY = rangeAxis.java2DToValue(sourceY,
                            info.getDataArea(), getRangeAxisEdge());
                    rangeAxis.resizeRange(factor, anchorY);
                }
                else {
                    rangeAxis.resizeRange(factor);
                }
            }
        }
    }",Type-2,"private void zoomAxes(boolean useAnchor, PlotRenderingInfo info, double factor, ObjectList arg0, double arg1,
			double arg2, RectangleEdge arg3) {
		for (int i = 0; i < arg0.size(); i++) {
			ValueAxis domainAxis = (ValueAxis) arg0.get(i);
			if (domainAxis != null) {
				if (useAnchor) {
					double sourceX = arg1;
					if (this.orientation == PlotOrientation.HORIZONTAL) {
						sourceX = arg2;
					}
					double anchorX = domainAxis.java2DToValue(sourceX, info.getDataArea(), arg3);
					domainAxis.resizeRange(factor, anchorX);
				} else {
					domainAxis.resizeRange(factor);
				}
			}
		}
		return;
	}

  public void zoomDomainAxes(double factor, PlotRenderingInfo info,
                               Point2D source, boolean useAnchor) {

        zoomAxes(useAnchor, info, factor, this.domainAxes, source.getX(), source.getY(),
										getDomainAxisEdge());
    }

  public void zoomRangeAxes(double factor, PlotRenderingInfo info,
                              Point2D source, boolean useAnchor) {

        zoomAxes(useAnchor, info, factor, this.rangeAxes, source.getY(), source.getX(),
										getRangeAxisEdge());
    }"
"private List getDatasetsMappedToDomainAxis(Integer axisIndex) {
        if (axisIndex == null) {
            throw new IllegalArgumentException(""Null 'axisIndex' argument."");
        }
        List result = new ArrayList();
        for (int i = 0; i < this.datasets.size(); i++) {
            Integer mappedAxis = (Integer) this.datasetToDomainAxisMap.get(
                    new Integer(i));
            if (mappedAxis == null) {
                if (axisIndex.equals(ZERO)) {
                    result.add(this.datasets.get(i));
                }
            }
            else {
                if (mappedAxis.equals(axisIndex)) {
                    result.add(this.datasets.get(i));
                }
            }
        }
        return result;
    }","private List getDatasetsMappedToRangeAxis(Integer axisIndex) {
        if (axisIndex == null) {
            throw new IllegalArgumentException(""Null 'axisIndex' argument."");
        }
        List result = new ArrayList();
        for (int i = 0; i < this.datasets.size(); i++) {
            Integer mappedAxis = (Integer) this.datasetToRangeAxisMap.get(
                    new Integer(i));
            if (mappedAxis == null) {
                if (axisIndex.equals(ZERO)) {
                    result.add(this.datasets.get(i));
                }
            }
            else {
                if (mappedAxis.equals(axisIndex)) {
                    result.add(this.datasets.get(i));
                }
            }
        }
        return result;
    }",Type-2,"private java.util.List getDatasetsMappedToAxis(Integer axisIndex, Map arg0) {
		if (axisIndex == null) {
			throw new IllegalArgumentException(""Null 'axisIndex' argument."");
		}
		List result = new ArrayList();
		for (int i = 0; i < this.datasets.size(); i++) {
			Integer mappedAxis = (Integer) arg0.get(new Integer(i));
			if (mappedAxis == null) {
				if (axisIndex.equals(ZERO)) {
					result.add(this.datasets.get(i));
				}
			} else {
				if (mappedAxis.equals(axisIndex)) {
					result.add(this.datasets.get(i));
				}
			}
		}
		return result;
	}

  private List getDatasetsMappedToDomainAxis(Integer axisIndex) {
        return getDatasetsMappedToAxis(axisIndex, this.datasetToDomainAxisMap);
    }

  private List getDatasetsMappedToRangeAxis(Integer axisIndex) {
        return getDatasetsMappedToAxis(axisIndex, this.datasetToRangeAxisMap);
    }"
"public static String saveChartAsPNG(JFreeChart chart, int width, int height,
            ChartRenderingInfo info, HttpSession session) throws IOException {

        if (chart == null) {
            throw new IllegalArgumentException(""Null 'chart' argument."");   
        }
        ServletUtilities.createTempDir();
        String prefix = ServletUtilities.tempFilePrefix;
        if (session == null) {
            prefix = ServletUtilities.tempOneTimeFilePrefix;
        }
        File tempFile = File.createTempFile(prefix, "".png"", 
                new File(System.getProperty(""java.io.tmpdir"")));
        ChartUtilities.saveChartAsPNG(tempFile, chart, width, height, info);
        if (session != null) {
            ServletUtilities.registerChartForDeletion(tempFile, session);
        }
        return tempFile.getName();

    }","public static String saveChartAsJPEG(JFreeChart chart, int width, 
            int height, ChartRenderingInfo info, HttpSession session)
            throws IOException {

        if (chart == null) {
            throw new IllegalArgumentException(""Null 'chart' argument."");   
        }
        
        ServletUtilities.createTempDir();
        String prefix = ServletUtilities.tempFilePrefix;
        if (session == null) {
            prefix = ServletUtilities.tempOneTimeFilePrefix;   
        }
        File tempFile = File.createTempFile(prefix, "".jpeg"", 
                new File(System.getProperty(""java.io.tmpdir"")));
        ChartUtilities.saveChartAsJPEG(tempFile, chart, width, height, info);
        if (session != null) {
            ServletUtilities.registerChartForDeletion(tempFile, session);
        }
        return tempFile.getName();

    }",Type-2,"private interface Interface1 {
		void apply(File tempFile) throws IOException;
	}

	private static String saveChartAs(JFreeChart chart, HttpSession session, String arg0, Interface1 arg1)
			throws IOException {
		if (chart == null) {
			throw new IllegalArgumentException(""Null 'chart' argument."");
		}
		ServletUtilities.createTempDir();
		String prefix = ServletUtilities.tempFilePrefix;
		if (session == null) {
			prefix = ServletUtilities.tempOneTimeFilePrefix;
		}
		File tempFile = File.createTempFile(prefix, arg0, new File(System.getProperty(""java.io.tmpdir"")));
		arg1.apply(tempFile);
		if (session != null) {
			ServletUtilities.registerChartForDeletion(tempFile, session);
		}
		return tempFile.getName();
	}

  public static String saveChartAsJPEG(JFreeChart chart, int width, 
            int height, ChartRenderingInfo info, HttpSession session)
            throws IOException {

        return saveChartAs(chart, session, "".jpeg"", (File tempFile) -> {
					ChartUtilities.saveChartAsJPEG(tempFile, chart, width, height, info);
				});

    }

  public static String saveChartAsPNG(JFreeChart chart, int width, int height,
            ChartRenderingInfo info, HttpSession session) throws IOException {

        return saveChartAs(chart, session, "".png"", (File tempFile) -> {
					ChartUtilities.saveChartAsPNG(tempFile, chart, width, height, info);
				});

    }"
"public static void saveChartAsPNG(File file, JFreeChart chart,
           int width, int height, ChartRenderingInfo info, boolean encodeAlpha,
           int compression) throws IOException {

        if (file == null) {
            throw new IllegalArgumentException(""Null 'file' argument."");
        }
        if (chart == null) {
            throw new IllegalArgumentException(""Null 'chart' argument."");
        }

        OutputStream out = new BufferedOutputStream(new FileOutputStream(file));
        try {
            writeChartAsPNG(out, chart, width, height, info, encodeAlpha, 
                    compression);
        }
        finally {
            out.close();
        }

    }","public static void saveChartAsJPEG(File file, float quality,
            JFreeChart chart, int width, int height,
            ChartRenderingInfo info) throws IOException {

        if (file == null) {
            throw new IllegalArgumentException(""Null 'file' argument."");
        }
        if (chart == null) {
            throw new IllegalArgumentException(""Null 'chart' argument."");
        }
        
        OutputStream out = new BufferedOutputStream(new FileOutputStream(
                file));
        try {
            writeChartAsJPEG(out, quality, chart, width, height, info);
        }
        finally {
            out.close();
        }

    }",Type-2,"private interface Interface0 {
		void apply(OutputStream out) throws IOException;
	}

	private static void saveChartAs(File file, JFreeChart chart, Interface0 arg0)
			throws IOException, FileNotFoundException {
		if (file == null) {
			throw new IllegalArgumentException(""Null 'file' argument."");
		}
		if (chart == null) {
			throw new IllegalArgumentException(""Null 'chart' argument."");
		}
		OutputStream out = new BufferedOutputStream(new FileOutputStream(file));
		try {
			arg0.apply(out);
		} finally {
			out.close();
		}
		return;
	}

  public static void saveChartAsPNG(File file, JFreeChart chart,
           int width, int height, ChartRenderingInfo info, boolean encodeAlpha,
           int compression) throws IOException {

        saveChartAs(file, chart, (OutputStream out) -> {
				writeChartAsPNG(out, chart, width, height, info, encodeAlpha, compression);
			});

    }

    public static void saveChartAsJPEG(File file, float quality,
            JFreeChart chart, int width, int height,
            ChartRenderingInfo info) throws IOException {

        saveChartAs(file, chart, (OutputStream out) -> {
					writeChartAsJPEG(out, quality, chart, width, height, info);
				});

    }"
"protected Point2D calculateDomainMarkerTextAnchorPoint(Graphics2D g2,
                                      PlotOrientation orientation,
                                      Rectangle2D dataArea,
                                      Rectangle2D markerArea,
                                      RectangleInsets markerOffset,
                                      LengthAdjustmentType labelOffsetType,
                                      RectangleAnchor anchor) {

        Rectangle2D anchorRect = null;
        if (orientation == PlotOrientation.HORIZONTAL) {
            anchorRect = markerOffset.createAdjustedRectangle(markerArea,
                    LengthAdjustmentType.CONTRACT, labelOffsetType);
        }
        else if (orientation == PlotOrientation.VERTICAL) {
            anchorRect = markerOffset.createAdjustedRectangle(markerArea,
                    labelOffsetType, LengthAdjustmentType.CONTRACT);
        }
        return RectangleAnchor.coordinates(anchorRect, anchor);

    }","protected Point2D calculateRangeMarkerTextAnchorPoint(Graphics2D g2,
                                      PlotOrientation orientation,
                                      Rectangle2D dataArea,
                                      Rectangle2D markerArea,
                                      RectangleInsets markerOffset,
                                      LengthAdjustmentType labelOffsetType,
                                      RectangleAnchor anchor) {

        Rectangle2D anchorRect = null;
        if (orientation == PlotOrientation.HORIZONTAL) {
            anchorRect = markerOffset.createAdjustedRectangle(markerArea,
                    labelOffsetType, LengthAdjustmentType.CONTRACT);
        }
        else if (orientation == PlotOrientation.VERTICAL) {
            anchorRect = markerOffset.createAdjustedRectangle(markerArea,
                    LengthAdjustmentType.CONTRACT, labelOffsetType);
        }
        return RectangleAnchor.coordinates(anchorRect, anchor);

    }",Type-2,"private Point2D calculateMarkerTextAnchorPoint(PlotOrientation orientation, Rectangle2D markerArea,
			RectangleInsets markerOffset, LengthAdjustmentType labelOffsetType, RectangleAnchor anchor,
			PlotOrientation arg0, PlotOrientation arg1) {
		Rectangle2D anchorRect = null;
		if (orientation == arg0) {
			anchorRect = markerOffset.createAdjustedRectangle(markerArea, LengthAdjustmentType.CONTRACT,
					labelOffsetType);
		} else if (orientation == arg1) {
			anchorRect = markerOffset.createAdjustedRectangle(markerArea, labelOffsetType,
					LengthAdjustmentType.CONTRACT);
		}
		return RectangleAnchor.coordinates(anchorRect, anchor);
	}


protected Point2D calculateDomainMarkerTextAnchorPoint(Graphics2D g2,
                                      PlotOrientation orientation,
                                      Rectangle2D dataArea,
                                      Rectangle2D markerArea,
                                      RectangleInsets markerOffset,
                                      LengthAdjustmentType labelOffsetType,
                                      RectangleAnchor anchor) {

        return calculateMarkerTextAnchorPoint(orientation, markerArea, markerOffset,
												labelOffsetType, anchor, PlotOrientation.HORIZONTAL,
												PlotOrientation.VERTICAL);

    }

protected Point2D calculateRangeMarkerTextAnchorPoint(Graphics2D g2,
                                      PlotOrientation orientation,
                                      Rectangle2D dataArea,
                                      Rectangle2D markerArea,
                                      RectangleInsets markerOffset,
                                      LengthAdjustmentType labelOffsetType,
                                      RectangleAnchor anchor) {

        return calculateMarkerTextAnchorPoint(orientation, markerArea, markerOffset,
												labelOffsetType, anchor, PlotOrientation.VERTICAL,
												PlotOrientation.HORIZONTAL);

    }"
"protected void drawDomainCrosshair(Graphics2D g2, Rectangle2D dataArea,
            PlotOrientation orientation, double value, ValueAxis axis,
            Stroke stroke, Paint paint) {

        if (axis.getRange().contains(value)) {
            Line2D line = null;
            if (orientation == PlotOrientation.VERTICAL) {
                double xx = axis.valueToJava2D(value, dataArea,
                        RectangleEdge.BOTTOM);
                line = new Line2D.Double(xx, dataArea.getMinY(), xx,
                        dataArea.getMaxY());
            }
            else {
                double yy = axis.valueToJava2D(value, dataArea,
                        RectangleEdge.LEFT);
                line = new Line2D.Double(dataArea.getMinX(), yy,
                        dataArea.getMaxX(), yy);
            }
            g2.setStroke(stroke);
            g2.setPaint(paint);
            g2.draw(line);
        }

    }","protected void drawRangeCrosshair(Graphics2D g2, Rectangle2D dataArea,
            PlotOrientation orientation, double value, ValueAxis axis,
            Stroke stroke, Paint paint) {

        if (axis.getRange().contains(value)) {
            Line2D line = null;
            if (orientation == PlotOrientation.HORIZONTAL) {
                double xx = axis.valueToJava2D(value, dataArea,
                        RectangleEdge.BOTTOM);
                line = new Line2D.Double(xx, dataArea.getMinY(), xx,
                        dataArea.getMaxY());
            }
            else {
                double yy = axis.valueToJava2D(value, dataArea,
                        RectangleEdge.LEFT);
                line = new Line2D.Double(dataArea.getMinX(), yy,
                        dataArea.getMaxX(), yy);
            }
            g2.setStroke(stroke);
            g2.setPaint(paint);
            g2.draw(line);
        }

    }",Type-2,"private void drawCrosshair(double value, ValueAxis axis, PlotOrientation orientation, Rectangle2D dataArea,
			Graphics2D g2, Stroke stroke, Paint paint, PlotOrientation arg0) {
		if (axis.getRange().contains(value)) {
			Line2D line = null;
			if (orientation == arg0) {
				double xx = axis.valueToJava2D(value, dataArea, RectangleEdge.BOTTOM);
				line = new Line2D.Double(xx, dataArea.getMinY(), xx, dataArea.getMaxY());
			} else {
				double yy = axis.valueToJava2D(value, dataArea, RectangleEdge.LEFT);
				line = new Line2D.Double(dataArea.getMinX(), yy, dataArea.getMaxX(), yy);
			}
			g2.setStroke(stroke);
			g2.setPaint(paint);
			g2.draw(line);
		}
		return;
	}

  protected void drawRangeCrosshair(Graphics2D g2, Rectangle2D dataArea,
            PlotOrientation orientation, double value, ValueAxis axis,
            Stroke stroke, Paint paint) {

        drawCrosshair(value, axis, orientation, dataArea, g2, stroke, paint, PlotOrientation.HORIZONTAL);

    }

  protected void drawDomainCrosshair(Graphics2D g2, Rectangle2D dataArea,
              PlotOrientation orientation, double value, ValueAxis axis,
              Stroke stroke, Paint paint) {

          drawCrosshair(value, axis, orientation, dataArea, g2, stroke, paint, PlotOrientation.VERTICAL);

      }"
"public void drawDomainMarker(Graphics2D g2,
                                 ContourPlot plot,
                                 ValueAxis domainAxis,
                                 Marker marker,
                                 Rectangle2D dataArea) {

        if (marker instanceof ValueMarker) {
            ValueMarker vm = (ValueMarker) marker;
            double value = vm.getValue();
            Range range = domainAxis.getRange();
            if (!range.contains(value)) {
                return;
            }
  
            double x = domainAxis.valueToJava2D(value, dataArea, 
                    RectangleEdge.BOTTOM);
            Line2D line = new Line2D.Double(x, dataArea.getMinY(), x, 
                    dataArea.getMaxY());
            Paint paint = marker.getOutlinePaint();
            Stroke stroke = marker.getOutlineStroke();
            g2.setPaint(paint != null ? paint : Plot.DEFAULT_OUTLINE_PAINT);
            g2.setStroke(stroke != null ? stroke : Plot.DEFAULT_OUTLINE_STROKE);
            g2.draw(line);
        }

    }","public void drawRangeMarker(Graphics2D g2,
                                ContourPlot plot,
                                ValueAxis rangeAxis,
                                Marker marker,
                                Rectangle2D dataArea) {

        if (marker instanceof ValueMarker) {
            ValueMarker vm = (ValueMarker) marker;
            double value = vm.getValue();
            Range range = rangeAxis.getRange();
            if (!range.contains(value)) {
                return;
            }

            double y = rangeAxis.valueToJava2D(value, dataArea, 
                    RectangleEdge.LEFT);
            Line2D line = new Line2D.Double(dataArea.getMinX(), y, 
                    dataArea.getMaxX(), y);
            Paint paint = marker.getOutlinePaint();
            Stroke stroke = marker.getOutlineStroke();
            g2.setPaint(paint != null ? paint : Plot.DEFAULT_OUTLINE_PAINT);
            g2.setStroke(stroke != null ? stroke : Plot.DEFAULT_OUTLINE_STROKE);
            g2.draw(line);
        }

    }",Type-2,"private void drawMarker(Marker marker, ValueAxis domainAxis, Rectangle2D dataArea, Graphics2D g2,
			RectangleEdge arg0, Function<Double, Double> arg1, Function<Double, Double> arg2,
			Function<Double, Double> arg3, Function<Double, Double> arg4) {
		if (marker instanceof ValueMarker) {
			ValueMarker vm = (ValueMarker) marker;
			double value = vm.getValue();
			Range range = domainAxis.getRange();
			if (!range.contains(value)) {
				return;
			}
			double x = domainAxis.valueToJava2D(value, dataArea, arg0);
			Line2D line = new Line2D.Double((double) arg1.apply(x), (double) arg2.apply(x), (double) arg3.apply(x),
					(double) arg4.apply(x));
			Paint paint = marker.getOutlinePaint();
			Stroke stroke = marker.getOutlineStroke();
			g2.setPaint(paint != null ? paint : Plot.DEFAULT_OUTLINE_PAINT);
			g2.setStroke(stroke != null ? stroke : Plot.DEFAULT_OUTLINE_STROKE);
			g2.draw(line);
		}
		return;
	}

  public void drawRangeMarker(Graphics2D g2,
                                ContourPlot plot,
                                ValueAxis rangeAxis,
                                Marker marker,
                                Rectangle2D dataArea) {

        drawMarker(marker, rangeAxis, dataArea, g2, RectangleEdge.LEFT,
											(Double y) -> dataArea.getMinX(), (Double y) -> y,
											(Double y) -> dataArea.getMaxX(), (Double y) -> y);

    }

  public void drawDomainMarker(Graphics2D g2,
                                 ContourPlot plot,
                                 ValueAxis domainAxis,
                                 Marker marker,
                                 Rectangle2D dataArea) {

        drawMarker(marker, domainAxis, dataArea, g2, RectangleEdge.BOTTOM, (Double x) -> x,
											(Double x) -> dataArea.getMinY(), (Double x) -> x,
											(Double x) -> dataArea.getMaxY());

    }"
"public Number getStartValue(int series, int category) {

        // check arguments...
        if ((series < 0) || (series >= getSeriesCount())) {
            throw new IllegalArgumentException(
                ""DefaultIntervalCategoryDataset.getValue(): ""
                + ""series index out of range."");
        }

        if ((category < 0) || (category >= getCategoryCount())) {
            throw new IllegalArgumentException(
                ""DefaultIntervalCategoryDataset.getValue(): ""
                + ""category index out of range."");
        }

        // fetch the value...
        return this.startData[series][category];

    }","public Number getEndValue(int series, int category) {
        if ((series < 0) || (series >= getSeriesCount())) {
            throw new IllegalArgumentException(
                ""DefaultIntervalCategoryDataset.getValue(): ""
                + ""series index out of range."");
        }

        if ((category < 0) || (category >= getCategoryCount())) {
            throw new IllegalArgumentException(
                ""DefaultIntervalCategoryDataset.getValue(): ""
                + ""category index out of range."");
        }

        return this.endData[series][category];
    }",Type-2,"private Number getSEValue(int series, int category, Number[][] arg0) {
		if ((series < 0) || (series >= getSeriesCount())) {
			throw new IllegalArgumentException(
					""DefaultIntervalCategoryDataset.getValue(): "" + ""series index out of range."");
		}
		if ((category < 0) || (category >= getCategoryCount())) {
			throw new IllegalArgumentException(
					""DefaultIntervalCategoryDataset.getValue(): "" + ""category index out of range."");
		}
		return arg0[series][category];
	}

  public Number getStartValue(int series, int category) {

          return getSEValue(series, category, this.startData);

      }

public Number getEndValue(int series, int category) {
        return getSEValue(series, category, this.endData);
    }"
"public ValueAxis getDomainAxisForDataset(int index) {

        if (index < 0 || index >= getDatasetCount()) {
            throw new IllegalArgumentException(""Index "" + index
                    + "" out of bounds."");
        }

        ValueAxis valueAxis = null;
        Integer axisIndex = (Integer) this.datasetToDomainAxisMap.get(
                new Integer(index));
        if (axisIndex != null) {
            valueAxis = getDomainAxis(axisIndex.intValue());
        }
        else {
            valueAxis = getDomainAxis(0);
        }
        return valueAxis;

    }","public ValueAxis getRangeAxisForDataset(int index) {

        if (index < 0 || index >= getDatasetCount()) {
            throw new IllegalArgumentException(""Index "" + index
                    + "" out of bounds."");
        }

        ValueAxis valueAxis = null;
        Integer axisIndex
            = (Integer) this.datasetToRangeAxisMap.get(new Integer(index));
        if (axisIndex != null) {
            valueAxis = getRangeAxis(axisIndex.intValue());
        }
        else {
            valueAxis = getRangeAxis(0);
        }
        return valueAxis;

    }",Type-2,"private ValueAxis getAxisForDataset(int index, Map arg0, Function<Integer, ValueAxis> arg1, ValueAxis arg2) {
		if (index < 0 || index >= getDatasetCount()) {
			throw new IllegalArgumentException(""Index "" + index + "" out of bounds."");
		}
		ValueAxis valueAxis = null;
		Integer axisIndex = (Integer) arg0.get(new Integer(index));
		if (axisIndex != null) {
			valueAxis = arg1.apply(axisIndex);
		} else {
			valueAxis = arg2;
		}
		return valueAxis;
	}

  public ValueAxis getDomainAxisForDataset(int index) {

        return getAxisForDataset(index, this.datasetToDomainAxisMap,
				(Integer axisIndex) -> getDomainAxis(axisIndex.intValue()), getDomainAxis(0));

    }

  public ValueAxis getRangeAxisForDataset(int index) {

        return getAxisForDataset(index, this.datasetToRangeAxisMap,
				(Integer axisIndex) -> getRangeAxis(axisIndex.intValue()), getRangeAxis(0));

    }"
"public static JFreeChart createPieChart(String title,
                                            PieDataset dataset,
                                            boolean legend,
                                            boolean tooltips,
                                            boolean urls) {

        PiePlot plot = new PiePlot(dataset);
        plot.setLabelGenerator(new StandardPieSectionLabelGenerator());
        plot.setInsets(new RectangleInsets(0.0, 5.0, 5.0, 5.0));
        if (tooltips) {
            plot.setToolTipGenerator(new StandardPieToolTipGenerator());
        }
        if (urls) {
            plot.setURLGenerator(new StandardPieURLGenerator());
        }
        return new JFreeChart(title, JFreeChart.DEFAULT_TITLE_FONT, plot, 
                legend);

    }","public static JFreeChart createRingChart(String title,
                                             PieDataset dataset,
                                             boolean legend,
                                             boolean tooltips,
                                             boolean urls) {

        RingPlot plot = new RingPlot(dataset);
        plot.setLabelGenerator(new StandardPieSectionLabelGenerator());
        plot.setInsets(new RectangleInsets(0.0, 5.0, 5.0, 5.0));
        if (tooltips) {
            plot.setToolTipGenerator(new StandardPieToolTipGenerator());
        }
        if (urls) {
            plot.setURLGenerator(new StandardPieURLGenerator());
        }
        return new JFreeChart(title, JFreeChart.DEFAULT_TITLE_FONT, plot, 
                legend);

    }",Type-2,"private static JFreeChart createChart(PieDataset dataset, boolean tooltips, boolean urls, String title,
			boolean legend, Supplier<PiePlot> arg0) {
		PiePlot plot = arg0.get();
		plot.setLabelGenerator(new StandardPieSectionLabelGenerator());
		plot.setInsets(new RectangleInsets(0.0, 5.0, 5.0, 5.0));
		if (tooltips) {
			plot.setToolTipGenerator(new StandardPieToolTipGenerator());
		}
		if (urls) {
			plot.setURLGenerator(new StandardPieURLGenerator());
		}
		return new JFreeChart(title, JFreeChart.DEFAULT_TITLE_FONT, plot, legend);
	}

  public static JFreeChart createRingChart(String title,
                                             PieDataset dataset,
                                             boolean legend,
                                             boolean tooltips,
                                             boolean urls) {

        return createChart(dataset, tooltips, urls, title, legend,
														() -> new RingPlot(dataset));

    }

  public static JFreeChart createPieChart(String title,
                                            PieDataset dataset,
                                            boolean legend,
                                            boolean tooltips,
                                            boolean urls) {

        return createChart(dataset, tooltips, urls, title, legend,
														() -> new PiePlot(dataset));

    }"
"public void sortByKeys(SortOrder order) {
        final int size = this.keys.size();
        final DefaultKeyedValue[] data = new DefaultKeyedValue[size];

        for (int i = 0; i < size; i++) {
            data[i] = new DefaultKeyedValue((Comparable) this.keys.get(i), 
                    (Number) this.values.get(i));
        }

        Comparator comparator = new KeyedValueComparator(
                KeyedValueComparatorType.BY_KEY, order);
        Arrays.sort(data, comparator);
        clear();

        for (int i = 0; i < data.length; i++) {
            final DefaultKeyedValue value = data[i];
            addValue(value.getKey(), value.getValue());
        }
    }","public void sortByValues(SortOrder order) {
        final int size = this.keys.size();
        final DefaultKeyedValue[] data = new DefaultKeyedValue[size];
        for (int i = 0; i < size; i++) {
            data[i] = new DefaultKeyedValue((Comparable) this.keys.get(i), 
                    (Number) this.values.get(i));
        }

        Comparator comparator = new KeyedValueComparator(
                KeyedValueComparatorType.BY_VALUE, order);
        Arrays.sort(data, comparator);

        clear();
        for (int i = 0; i < data.length; i++) {
            final DefaultKeyedValue value = data[i];
            addValue(value.getKey(), value.getValue());
        }
    }",Type-2,"private void sortBy(SortOrder order, KeyedValueComparatorType arg0) {
		final int size = this.keys.size();
		final DefaultKeyedValue[] data = new DefaultKeyedValue[size];
		for (int i = 0; i < size; i++) {
			data[i] = new DefaultKeyedValue((Comparable) this.keys.get(i), (Number) this.values.get(i));
		}
		Comparator comparator = new KeyedValueComparator(arg0, order);
		Arrays.sort(data, comparator);
		clear();
		for (int i = 0; i < data.length; i++) {
			final DefaultKeyedValue value = data[i];
			addValue(value.getKey(), value.getValue());
		}
	}

  public void sortByKeys(SortOrder order) {
        sortBy(order, KeyedValueComparatorType.BY_KEY);
    }

  public void sortByValues(SortOrder order) {
        sortBy(order, KeyedValueComparatorType.BY_VALUE);
    }"
"public RegularTimePeriod previous() {

        Hour result;
        if (this.hour != FIRST_HOUR_IN_DAY) {
            result = new Hour(this.hour - 1, this.day);
        }
        else { // we are at the first hour in the day...
            Day prevDay = (Day) this.day.previous();
            if (prevDay != null) {
                result = new Hour(LAST_HOUR_IN_DAY, prevDay);
            }
            else {
                result = null;
            }
        }
        return result;

    }","public RegularTimePeriod next() {

        Hour result;
        if (this.hour != LAST_HOUR_IN_DAY) {
            result = new Hour(this.hour + 1, this.day);
        }
        else { // we are at the last hour in the day...
            Day nextDay = (Day) this.day.next();
            if (nextDay != null) {
                result = new Hour(FIRST_HOUR_IN_DAY, nextDay);
            }
            else {
                result = null;
            }
        }
        return result;

    }",Type-2,"private Hour time(int arg0, Supplier<Integer> arg1, RegularTimePeriod arg2, int arg3) {
		Hour result;
		if (this.hour != arg0) {
			result = new Hour((int) arg1.get(), this.day);
		} else {
			Day prevDay = (Day) arg2;
			if (prevDay != null) {
				result = new Hour(arg3, prevDay);
			} else {
				result = null;
			}
		}
		return result;
	}

  public RegularTimePeriod previous() {

        return (RegularTimePeriod) time(FIRST_HOUR_IN_DAY, () -> this.hour - 1, this.day.previous(), LAST_HOUR_IN_DAY);

    }

  public RegularTimePeriod next() {

        return (RegularTimePeriod) time(LAST_HOUR_IN_DAY, () -> this.hour + 1, this.day.next(), FIRST_HOUR_IN_DAY);

    }"
"public void zoomDomainAxes(double factor, PlotRenderingInfo info,
                               Point2D source, boolean useAnchor) {

        // perform the zoom on each domain axis
        for (int i = 0; i < this.domainAxes.size(); i++) {
            ValueAxis domainAxis = (ValueAxis) this.domainAxes.get(i);
            if (domainAxis != null) {
                if (useAnchor) {
                    // get the relevant source coordinate given the plot
                    // orientation
                    double sourceX = source.getX();
                    if (this.orientation == PlotOrientation.HORIZONTAL) {
                        sourceX = source.getY();
                    }
                    double anchorX = domainAxis.java2DToValue(sourceX,
                            info.getDataArea(), getDomainAxisEdge());
                    domainAxis.resizeRange(factor, anchorX);
                }
                else {
                    domainAxis.resizeRange(factor);
                }
            }
        }
    }","public void zoomRangeAxes(double factor, PlotRenderingInfo info,
                              Point2D source, boolean useAnchor) {

        // perform the zoom on each range axis
        for (int i = 0; i < this.rangeAxes.size(); i++) {
            ValueAxis rangeAxis = (ValueAxis) this.rangeAxes.get(i);
            if (rangeAxis != null) {
                if (useAnchor) {
                    // get the relevant source coordinate given the plot
                    // orientation
                    double sourceY = source.getY();
                    if (this.orientation == PlotOrientation.HORIZONTAL) {
                        sourceY = source.getX();
                    }
                    double anchorY = rangeAxis.java2DToValue(sourceY,
                            info.getDataArea(), getRangeAxisEdge());
                    rangeAxis.resizeRange(factor, anchorY);
                }
                else {
                    rangeAxis.resizeRange(factor);
                }
            }
        }
    }",Type-2,"private void zoomAxes(boolean useAnchor, PlotRenderingInfo info, double factor, ObjectList arg0, double arg1,
			double arg2, RectangleEdge arg3) {
		for (int i = 0; i < arg0.size(); i++) {
			ValueAxis domainAxis = (ValueAxis) arg0.get(i);
			if (domainAxis != null) {
				if (useAnchor) {
					double sourceX = arg1;
					if (this.orientation == PlotOrientation.HORIZONTAL) {
						sourceX = arg2;
					}
					double anchorX = domainAxis.java2DToValue(sourceX, info.getDataArea(), arg3);
					domainAxis.resizeRange(factor, anchorX);
				} else {
					domainAxis.resizeRange(factor);
				}
			}
		}
		return;
	}

  public void zoomRangeAxes(double factor, PlotRenderingInfo info,
                              Point2D source, boolean useAnchor) {

        zoomAxes(useAnchor, info, factor, this.rangeAxes, source.getY(), source.getX(),
										getRangeAxisEdge());
    }

  public void zoomDomainAxes(double factor, PlotRenderingInfo info,
                               Point2D source, boolean useAnchor) {

        zoomAxes(useAnchor, info, factor, this.domainAxes, source.getX(), source.getY(),
										getDomainAxisEdge());
    }"
"protected void drawHorizontalLine(Graphics2D g2, Rectangle2D dataArea,
                                      double value, Stroke stroke,
                                      Paint paint) {

        ValueAxis axis = getRangeAxis();
        if (getOrientation() == PlotOrientation.HORIZONTAL) {
            axis = getDomainAxis();
        }
        if (axis.getRange().contains(value)) {
            double yy = axis.valueToJava2D(value, dataArea, RectangleEdge.LEFT);
            Line2D line = new Line2D.Double(dataArea.getMinX(), yy,
                    dataArea.getMaxX(), yy);
            g2.setStroke(stroke);
            g2.setPaint(paint);
            g2.draw(line);
        }

    }","protected void drawVerticalLine(Graphics2D g2, Rectangle2D dataArea,
                                    double value, Stroke stroke, Paint paint) {

        ValueAxis axis = getDomainAxis();
        if (getOrientation() == PlotOrientation.HORIZONTAL) {
            axis = getRangeAxis();
        }
        if (axis.getRange().contains(value)) {
            double xx = axis.valueToJava2D(value, dataArea,
                    RectangleEdge.BOTTOM);
            Line2D line = new Line2D.Double(xx, dataArea.getMinY(), xx,
                    dataArea.getMaxY());
            g2.setStroke(stroke);
            g2.setPaint(paint);
            g2.draw(line);
        }

    }",Type-2,"private void drawLine(double value, Rectangle2D dataArea, Graphics2D g2, Stroke stroke, Paint paint, ValueAxis arg0,
			ValueAxis arg1, RectangleEdge arg2, Function<Double, Double> arg3, Function<Double, Double> arg4,
			Function<Double, Double> arg5, Function<Double, Double> arg6) {
		ValueAxis axis = arg0;
		if (getOrientation() == PlotOrientation.HORIZONTAL) {
			axis = arg1;
		}
		if (axis.getRange().contains(value)) {
			double yy = axis.valueToJava2D(value, dataArea, arg2);
			Line2D line = new Line2D.Double((double) arg3.apply(yy), (double) arg4.apply(yy), (double) arg5.apply(yy),
					(double) arg6.apply(yy));
			g2.setStroke(stroke);
			g2.setPaint(paint);
			g2.draw(line);
		}
		return;
	}

  protected void drawVerticalLine(Graphics2D g2, Rectangle2D dataArea,
                                    double value, Stroke stroke, Paint paint) {

        drawLine(value, dataArea, g2, stroke, paint, getDomainAxis(), getRangeAxis(),
												RectangleEdge.BOTTOM, (Double xx) -> xx,
												(Double xx) -> dataArea.getMinY(), (Double xx) -> xx,
												(Double xx) -> dataArea.getMaxY());

    }

  protected void drawHorizontalLine(Graphics2D g2, Rectangle2D dataArea,
                                      double value, Stroke stroke,
                                      Paint paint) {

        drawLine(value, dataArea, g2, stroke, paint, getRangeAxis(), getDomainAxis(),
												RectangleEdge.LEFT, (Double yy) -> dataArea.getMinX(),
												(Double yy) -> yy, (Double yy) -> dataArea.getMaxX(),
												(Double yy) -> yy);

    }"
"public static CategoryLabelPositions replaceTopPosition(
            CategoryLabelPositions base, CategoryLabelPosition top) {
        
        if (base == null) {
            throw new IllegalArgumentException(""Null 'base' argument."");
        }
        if (top == null) {
            throw new IllegalArgumentException(""Null 'top' argument."");
        }
        
        return new CategoryLabelPositions(
            top, 
            base.getLabelPosition(RectangleEdge.BOTTOM),
            base.getLabelPosition(RectangleEdge.LEFT),
            base.getLabelPosition(RectangleEdge.RIGHT)
        );
    }","public static CategoryLabelPositions replaceBottomPosition(
            CategoryLabelPositions base, CategoryLabelPosition bottom) {
        
        if (base == null) {
            throw new IllegalArgumentException(""Null 'base' argument."");
        }
        if (bottom == null) {
            throw new IllegalArgumentException(""Null 'bottom' argument."");
        }
        
        return new CategoryLabelPositions(
            base.getLabelPosition(RectangleEdge.TOP),
            bottom,
            base.getLabelPosition(RectangleEdge.LEFT),
            base.getLabelPosition(RectangleEdge.RIGHT)
        );
    }",Type-2,"private static CategoryLabelPositions replacePosition(CategoryLabelPositions base, CategoryLabelPosition top,
			String arg0, Supplier<CategoryLabelPosition> arg1, Supplier<CategoryLabelPosition> arg2) {
		if (base == null) {
			throw new IllegalArgumentException(""Null 'base' argument."");
		}
		if (top == null) {
			throw new IllegalArgumentException(arg0);
		}
		return new CategoryLabelPositions(arg1.get(), arg2.get(), base.getLabelPosition(RectangleEdge.LEFT),
				base.getLabelPosition(RectangleEdge.RIGHT));
	}

  public static CategoryLabelPositions replaceTopPosition(
            CategoryLabelPositions base, CategoryLabelPosition top) {
        
        return replacePosition(base, top, ""Null 'top' argument."", () -> top,
						() -> base.getLabelPosition(RectangleEdge.BOTTOM));
    }

  public static CategoryLabelPositions replaceBottomPosition(
            CategoryLabelPositions base, CategoryLabelPosition bottom) {
        
        return replacePosition(base, bottom, ""Null 'bottom' argument."",
						() -> base.getLabelPosition(RectangleEdge.TOP), () -> bottom);
    }"
"public static CategoryLabelPositions replaceTopPosition(
            CategoryLabelPositions base, CategoryLabelPosition top) {
        
        if (base == null) {
            throw new IllegalArgumentException(""Null 'base' argument."");
        }
        if (top == null) {
            throw new IllegalArgumentException(""Null 'top' argument."");
        }
        
        return new CategoryLabelPositions(
            top, 
            base.getLabelPosition(RectangleEdge.BOTTOM),
            base.getLabelPosition(RectangleEdge.LEFT),
            base.getLabelPosition(RectangleEdge.RIGHT)
        );
    }","public static CategoryLabelPositions replaceLeftPosition(
            CategoryLabelPositions base, CategoryLabelPosition left) {
        
        if (base == null) {
            throw new IllegalArgumentException(""Null 'base' argument."");
        }
        if (left == null) {
            throw new IllegalArgumentException(""Null 'left' argument."");
        }
        
        return new CategoryLabelPositions(
            base.getLabelPosition(RectangleEdge.TOP),
            base.getLabelPosition(RectangleEdge.BOTTOM),
            left,
            base.getLabelPosition(RectangleEdge.RIGHT)
        );
    }",Type-2,"private static CategoryLabelPositions replacePosition(CategoryLabelPositions base, CategoryLabelPosition top,
			String arg0, Supplier<CategoryLabelPosition> arg1, Supplier<CategoryLabelPosition> arg2) {
		if (base == null) {
			throw new IllegalArgumentException(""Null 'base' argument."");
		}
		if (top == null) {
			throw new IllegalArgumentException(arg0);
		}
		return new CategoryLabelPositions(arg1.get(), base.getLabelPosition(RectangleEdge.BOTTOM), arg2.get(),
				base.getLabelPosition(RectangleEdge.RIGHT));
	}

  public static CategoryLabelPositions replaceTopPosition(
            CategoryLabelPositions base, CategoryLabelPosition top) {
        
        return replacePosition(base, top, ""Null 'top' argument."", () -> top,
						() -> base.getLabelPosition(RectangleEdge.LEFT));
    }

  public static CategoryLabelPositions replaceLeftPosition(
            CategoryLabelPositions base, CategoryLabelPosition left) {
        
        return replacePosition(base, left, ""Null 'left' argument."",
						() -> base.getLabelPosition(RectangleEdge.TOP), () -> left);
    }

    "
"protected void selectHorizontalAutoTickUnit(Graphics2D g2,
                                                Rectangle2D drawArea, 
                                                Rectangle2D dataArea,
                                                RectangleEdge edge) {

        double tickLabelWidth 
            = estimateMaximumTickLabelWidth(g2, getTickUnit());
        
        // Compute number of labels
        double n = getRange().getLength() 
                   * tickLabelWidth / dataArea.getWidth();

        setTickUnit(
            (NumberTickUnit) getStandardTickUnits().getCeilingTickUnit(n), 
            false, false
        );
        
     }","protected void selectVerticalAutoTickUnit(Graphics2D g2,
                                                Rectangle2D drawArea, 
                                                Rectangle2D dataArea,
                                                RectangleEdge edge) {

        double tickLabelWidth 
            = estimateMaximumTickLabelWidth(g2, getTickUnit());

        // Compute number of labels
        double n = getRange().getLength() 
                   * tickLabelWidth / dataArea.getHeight();

        setTickUnit(
            (NumberTickUnit) getStandardTickUnits().getCeilingTickUnit(n), 
            false, false
        );
        
     }",Type-2,"private void selectDAutoTickUnit(Graphics2D g2, double arg0) {
		double tickLabelWidth = estimateMaximumTickLabelWidth(g2, getTickUnit());
		double n = getRange().getLength() * tickLabelWidth / arg0;
		setTickUnit((NumberTickUnit) getStandardTickUnits().getCeilingTickUnit(n), false, false);
	}

  protected void selectHorizontalAutoTickUnit(Graphics2D g2,
                                                Rectangle2D drawArea, 
                                                Rectangle2D dataArea,
                                                RectangleEdge edge) {

        selectDAutoTickUnit(g2, dataArea.getWidth());
        
     }

  protected void selectVerticalAutoTickUnit(Graphics2D g2,
                                                Rectangle2D drawArea, 
                                                Rectangle2D dataArea,
                                                RectangleEdge edge) {

        selectDAutoTickUnit(g2, dataArea.getHeight());
        
     }"
"public void setDomainAxis(int index, CategoryAxis axis, boolean notify) {
        CategoryAxis existing = (CategoryAxis) this.domainAxes.get(index);
        if (existing != null) {
            existing.removeChangeListener(this);
        }
        if (axis != null) {
            axis.setPlot(this);
        }
        this.domainAxes.set(index, axis);
        if (axis != null) {
            axis.configure();
            axis.addChangeListener(this);
        }
        if (notify) {
            fireChangeEvent();
        }
    }","public void setRangeAxis(int index, ValueAxis axis, boolean notify) {
        ValueAxis existing = (ValueAxis) this.rangeAxes.get(index);
        if (existing != null) {
            existing.removeChangeListener(this);
        }
        if (axis != null) {
            axis.setPlot(this);
        }
        this.rangeAxes.set(index, axis);
        if (axis != null) {
            axis.configure();
            axis.addChangeListener(this);
        }
        if (notify) {
            fireChangeEvent();
        }
    }",Type-2,"private void setAxis(int index, Axis axis, boolean notify, Axis arg0, ObjectList arg1) {
		Axis existing = arg0;
		if (existing != null) {
			existing.removeChangeListener(this);
		}
		if (axis != null) {
			axis.setPlot(this);
		}
		arg1.set(index, axis);
		if (axis != null) {
			axis.configure();
			axis.addChangeListener(this);
		}
		if (notify) {
			fireChangeEvent();
		}
		return;
	}

  public void setRangeAxis(int index, ValueAxis axis, boolean notify) {
        setAxis(index, axis, notify, (ValueAxis) this.rangeAxes.get(index), this.rangeAxes);
    }

  public void setDomainAxis(int index, CategoryAxis axis, boolean notify) {
        setAxis(index, axis, notify, (CategoryAxis) this.domainAxes.get(index), this.domainAxes);
    }"
"public RegularTimePeriod previous() {
        Quarter result;
        if (this.quarter > FIRST_QUARTER) {
            result = new Quarter(this.quarter - 1, this.year);
        }
        else {
            if (this.year > 1900) {
                result = new Quarter(LAST_QUARTER, this.year - 1);
            }
            else {
                result = null;
            }
        }
        return result;
    }","public RegularTimePeriod next() {
        Quarter result;
        if (this.quarter < LAST_QUARTER) {
            result = new Quarter(this.quarter + 1, this.year);
        }
        else {
            if (this.year < 9999) {
                result = new Quarter(FIRST_QUARTER, this.year + 1);
            }
            else {
                result = null;
            }
        }
        return result;
    }",Type-2,"private Quarter time(boolean arg0, Supplier<Integer> arg1, boolean arg2, int arg3, Supplier<Integer> arg4) {
		Quarter result;
		if (arg0) {
			result = new Quarter((int) arg1.get(), this.year);
		} else {
			if (arg2) {
				result = new Quarter(arg3, (int) arg4.get());
			} else {
				result = null;
			}
		}
		return result;
	}

  public RegularTimePeriod next() {
        return (RegularTimePeriod) time(this.quarter < LAST_QUARTER, () -> this.quarter + 1, this.year < 9999,
				FIRST_QUARTER, () -> this.year + 1);
    }

  public RegularTimePeriod previous() {
        return (RegularTimePeriod) time(this.quarter > FIRST_QUARTER, () -> this.quarter - 1, this.year > 1900,
				LAST_QUARTER, () -> this.year - 1);
    }"
"protected Size2D arrangeRR(BlockContainer container, Graphics2D g2,
                               RectangleConstraint constraint) {

        // first arrange without constraints, and see if this fits within
        // the required ranges...
        Size2D s1 = arrangeNN(container, g2);
        if (constraint.getWidthRange().contains(s1.width)) {
            return s1;  // TODO: we didn't check the height yet
        }
        else {
            RectangleConstraint c = constraint.toFixedWidth(
                    constraint.getWidthRange().getUpperBound());
            return arrangeFR(container, g2, c);
        }
    }","protected Size2D arrangeRN(BlockContainer container, Graphics2D g2,
                               RectangleConstraint constraint) {
        // first arrange without constraints, then see if the width fits
        // within the required range...if not, call arrangeFN() at max width
        Size2D s1 = arrangeNN(container, g2);
        if (constraint.getWidthRange().contains(s1.width)) {
            return s1;   
        }
        else {
            RectangleConstraint c = constraint.toFixedWidth(
                    constraint.getWidthRange().getUpperBound());
            return arrangeFN(container, g2, c);
        }
    }",Type-2,"private Size2D arrangeR(BlockContainer container, Graphics2D g2, RectangleConstraint constraint,
			Function<RectangleConstraint, Size2D> arg0) {
		Size2D s1 = arrangeNN(container, g2);
		if (constraint.getWidthRange().contains(s1.width)) {
			return s1;
		} else {
			RectangleConstraint c = constraint.toFixedWidth(constraint.getWidthRange().getUpperBound());
			return arg0.apply(c);
		}
	}

  protected Size2D arrangeRR(BlockContainer container, Graphics2D g2,
                               RectangleConstraint constraint) {

        return arrangeR(container, g2, constraint,
										(RectangleConstraint c) -> arrangeFR(container, g2, c));
    }

  protected Size2D arrangeRN(BlockContainer container, Graphics2D g2,
                               RectangleConstraint constraint) {
        return arrangeR(container, g2, constraint,
										(RectangleConstraint c) -> arrangeFN(container, g2, c));
    }"
"public Number getStartValue(Comparable rowKey, Comparable columnKey,
                                int subinterval) {
        Number result = null;
        int row = getRowIndex(rowKey);
        TaskSeries series = (TaskSeries) this.data.get(row);
        Task task = series.get(columnKey.toString());
        if (task != null) {
            Task sub = task.getSubtask(subinterval);
            if (sub != null) {
                TimePeriod duration = sub.getDuration();
                result = new Long(duration.getStart().getTime());
            }
        }
        return result;
    }","public Number getEndValue(Comparable rowKey, Comparable columnKey,
                              int subinterval) {
        Number result = null;
        int row = getRowIndex(rowKey);
        TaskSeries series = (TaskSeries) this.data.get(row);
        Task task = series.get(columnKey.toString());
        if (task != null) {
            Task sub = task.getSubtask(subinterval);
            if (sub != null) {
                TimePeriod duration = sub.getDuration();
                result = new Long(duration.getEnd().getTime());
            }
        }
        return result;
    }",Type-2,"private Number getSValue(Comparable rowKey, Comparable columnKey, int subinterval,
			Function<TimePeriod, Date> arg0) {
		Number result = null;
		int row = getRowIndex(rowKey);
		TaskSeries series = (TaskSeries) this.data.get(row);
		Task task = series.get(columnKey.toString());
		if (task != null) {
			Task sub = task.getSubtask(subinterval);
			if (sub != null) {
				TimePeriod duration = sub.getDuration();
				result = new Long(arg0.apply(duration).getTime());
			}
		}
		return result;
	}

  public Number getStartValue(Comparable rowKey, Comparable columnKey,
                                int subinterval) {
        return getSValue(rowKey, columnKey, subinterval,
											(TimePeriod duration) -> duration.getStart());
    }

  public Number getEndValue(Comparable rowKey, Comparable columnKey,
                              int subinterval) {
        return getSValue(rowKey, columnKey, subinterval,
										(TimePeriod duration) -> duration.getEnd());
    }"
"public ItemLabelPosition getSeriesPositiveItemLabelPosition(int series) {

        // return the override, if there is one...
        if (this.positiveItemLabelPosition != null) {
            return this.positiveItemLabelPosition;
        }

        // otherwise look up the position table
        ItemLabelPosition position = (ItemLabelPosition)
            this.positiveItemLabelPositionList.get(series);
        if (position == null) {
            position = this.basePositiveItemLabelPosition;
        }
        return position;

    }","public ItemLabelPosition getSeriesNegativeItemLabelPosition(int series) {

        // return the override, if there is one...
        if (this.negativeItemLabelPosition != null) {
            return this.negativeItemLabelPosition;
        }

        // otherwise look up the position list
        ItemLabelPosition position = (ItemLabelPosition)
            this.negativeItemLabelPositionList.get(series);
        if (position == null) {
            position = this.baseNegativeItemLabelPosition;
        }
        return position;

    }",Type-2,"private ItemLabelPosition getSeriesItemLabelPosition(int series, ItemLabelPosition arg0, ObjectList arg1,
			ItemLabelPosition arg2) {
		if (arg0 != null) {
			return arg0;
		}
		ItemLabelPosition position = (ItemLabelPosition) arg1.get(series);
		if (position == null) {
			position = arg2;
		}
		return position;
	}

  public ItemLabelPosition getPositiveItemLabelPosition(int row, int column) {
        return getSeriesPositiveItemLabelPosition(row);
    }

    public ItemLabelPosition getNegativeItemLabelPosition(int row, int column) {
          return getSeriesNegativeItemLabelPosition(row);
      }"
"private Range trimToContentWidth(Range r) {
        if (r == null) {
            return null;   
        }
        double lowerBound = 0.0;
        double upperBound = Double.POSITIVE_INFINITY;
        if (r.getLowerBound() > 0.0) {
            lowerBound = trimToContentWidth(r.getLowerBound());   
        }
        if (r.getUpperBound() < Double.POSITIVE_INFINITY) {
            upperBound = trimToContentWidth(r.getUpperBound());
        }
        return new Range(lowerBound, upperBound);
    }","private Range trimToContentHeight(Range r) {
        if (r == null) {
            return null;   
        }
        double lowerBound = 0.0;
        double upperBound = Double.POSITIVE_INFINITY;
        if (r.getLowerBound() > 0.0) {
            lowerBound = trimToContentHeight(r.getLowerBound());   
        }
        if (r.getUpperBound() < Double.POSITIVE_INFINITY) {
            upperBound = trimToContentHeight(r.getUpperBound());
        }
        return new Range(lowerBound, upperBound);
    }",Type-2,"private Range trimToContent(Range r, Supplier<Double> arg0, Supplier<Double> arg1) {
		if (r == null) {
			return null;
		}
		double lowerBound = 0.0;
		double upperBound = Double.POSITIVE_INFINITY;
		if (r.getLowerBound() > 0.0) {
			lowerBound = (double) arg0.get();
		}
		if (r.getUpperBound() < Double.POSITIVE_INFINITY) {
			upperBound = (double) arg1.get();
		}
		return new Range(lowerBound, upperBound);
	}

private Range trimToContentWidth(Range r) {
        return trimToContent(r, () -> trimToContentWidth(r.getLowerBound()),
				() -> trimToContentWidth(r.getUpperBound()));
    }
    
    private Range trimToContentHeight(Range r) {
        return trimToContent(r, () -> trimToContentHeight(r.getLowerBound()),
				() -> trimToContentHeight(r.getUpperBound()));
    }"
"public static JFreeChart createScatterPlot(String title, String xAxisLabel,
            String yAxisLabel, XYDataset dataset, PlotOrientation orientation,
            boolean legend, boolean tooltips, boolean urls) {

        if (orientation == null) {
            throw new IllegalArgumentException(""Null 'orientation' argument."");
        }
        NumberAxis xAxis = new NumberAxis(xAxisLabel);
        xAxis.setAutoRangeIncludesZero(false);
        NumberAxis yAxis = new NumberAxis(yAxisLabel);
        yAxis.setAutoRangeIncludesZero(false);

        XYPlot plot = new XYPlot(dataset, xAxis, yAxis, null);

        XYToolTipGenerator toolTipGenerator = null;
        if (tooltips) {
            toolTipGenerator = new StandardXYToolTipGenerator();
        }

        XYURLGenerator urlGenerator = null;
        if (urls) {
            urlGenerator = new StandardXYURLGenerator();
        }
        XYItemRenderer renderer = new XYLineAndShapeRenderer(false, true);
        renderer.setBaseToolTipGenerator(toolTipGenerator);
        renderer.setURLGenerator(urlGenerator);
        plot.setRenderer(renderer);
        plot.setOrientation(orientation);

        JFreeChart chart = new JFreeChart(title, JFreeChart.DEFAULT_TITLE_FONT,
                plot, legend);
        return chart;

    }","public static JFreeChart createXYStepAreaChart(String title,
                                                   String xAxisLabel,
                                                   String yAxisLabel,
                                                   XYDataset dataset,
                                                   PlotOrientation orientation,
                                                   boolean legend,
                                                   boolean tooltips,
                                                   boolean urls) {

        if (orientation == null) {
            throw new IllegalArgumentException(""Null 'orientation' argument."");
        }
        NumberAxis xAxis = new NumberAxis(xAxisLabel);
        xAxis.setAutoRangeIncludesZero(false);
        NumberAxis yAxis = new NumberAxis(yAxisLabel);

        XYToolTipGenerator toolTipGenerator = null;
        if (tooltips) {
            toolTipGenerator = new StandardXYToolTipGenerator();
        }

        XYURLGenerator urlGenerator = null;
        if (urls) {
            urlGenerator = new StandardXYURLGenerator();
        }
        XYItemRenderer renderer = new XYStepAreaRenderer(
                XYStepAreaRenderer.AREA_AND_SHAPES, toolTipGenerator, 
                urlGenerator);

        XYPlot plot = new XYPlot(dataset, xAxis, yAxis, null);
        plot.setRenderer(renderer);
        plot.setOrientation(orientation);
        plot.setDomainCrosshairVisible(false);
        plot.setRangeCrosshairVisible(false);
        JFreeChart chart = new JFreeChart(title, JFreeChart.DEFAULT_TITLE_FONT,
                plot, legend);
        return chart;
    }",Type-3,"private interface Interface1 {
		AbstractXYItemRenderer apply(XYToolTipGenerator toolTipGenerator, XYURLGenerator urlGenerator);
	}

	@FunctionalInterface
	private interface Interface2 {
		void apply(XYItemRenderer renderer, XYToolTipGenerator toolTipGenerator, XYURLGenerator urlGenerator);
	}

	private static JFreeChart createPlot(PlotOrientation orientation, String xAxisLabel, String yAxisLabel,
			XYDataset dataset, boolean tooltips, boolean urls, String title, boolean legend, Consumer<NumberAxis> arg0,
			Interface1 arg1, Interface2 arg2, Consumer<XYPlot> arg3) {
		if (orientation == null) {
			throw new IllegalArgumentException(""Null 'orientation' argument."");
		}
		NumberAxis xAxis = new NumberAxis(xAxisLabel);
		xAxis.setAutoRangeIncludesZero(false);
		NumberAxis yAxis = new NumberAxis(yAxisLabel);
		arg0.accept(yAxis);
		XYPlot plot = new XYPlot(dataset, xAxis, yAxis, null);
		XYToolTipGenerator toolTipGenerator = null;
		if (tooltips) {
			toolTipGenerator = new StandardXYToolTipGenerator();
		}
		XYURLGenerator urlGenerator = null;
		if (urls) {
			urlGenerator = new StandardXYURLGenerator();
		}
		XYItemRenderer renderer = arg1.apply(toolTipGenerator, urlGenerator);
		arg2.apply(renderer, toolTipGenerator, urlGenerator);
		plot.setRenderer(renderer);
		plot.setOrientation(orientation);
		arg3.accept(plot);
		JFreeChart chart = new JFreeChart(title, JFreeChart.DEFAULT_TITLE_FONT, plot, legend);
		return chart;
	}

public static JFreeChart createScatterPlot(String title, String xAxisLabel,
            String yAxisLabel, XYDataset dataset, PlotOrientation orientation,
            boolean legend, boolean tooltips, boolean urls) {

        return createPlot(orientation, xAxisLabel, yAxisLabel, dataset, tooltips, urls, title, legend,
						(NumberAxis yAxis) -> {
							yAxis.setAutoRangeIncludesZero(false);
						},
						(XYToolTipGenerator toolTipGenerator,
								XYURLGenerator urlGenerator) -> new XYLineAndShapeRenderer(false, true),
						(XYItemRenderer renderer, XYToolTipGenerator toolTipGenerator, XYURLGenerator urlGenerator) -> {
							renderer.setBaseToolTipGenerator(toolTipGenerator);
							renderer.setURLGenerator(urlGenerator);
						}, (XYPlot plot) -> {
						});

    }

public static JFreeChart createXYStepAreaChart(String title,
                                                   String xAxisLabel,
                                                   String yAxisLabel,
                                                   XYDataset dataset,
                                                   PlotOrientation orientation,
                                                   boolean legend,
                                                   boolean tooltips,
                                                   boolean urls) {

        return createPlot(orientation, xAxisLabel, yAxisLabel, dataset,
															tooltips, urls, title, legend, (NumberAxis yAxis) -> {
															},
															(XYToolTipGenerator toolTipGenerator,
																	XYURLGenerator urlGenerator) -> new XYStepAreaRenderer(
																			XYStepAreaRenderer.AREA_AND_SHAPES,
																			toolTipGenerator, urlGenerator),
															(XYItemRenderer renderer,
																	XYToolTipGenerator toolTipGenerator,
																	XYURLGenerator urlGenerator) -> {
															}, (XYPlot plot) -> {
																plot.setDomainCrosshairVisible(false);
																plot.setRangeCrosshairVisible(false);
															});
    }"
"public static JFreeChart createScatterPlot(String title, String xAxisLabel,
            String yAxisLabel, XYDataset dataset, PlotOrientation orientation,
            boolean legend, boolean tooltips, boolean urls) {

        if (orientation == null) {
            throw new IllegalArgumentException(""Null 'orientation' argument."");
        }
        NumberAxis xAxis = new NumberAxis(xAxisLabel);
        xAxis.setAutoRangeIncludesZero(false);
        NumberAxis yAxis = new NumberAxis(yAxisLabel);
        yAxis.setAutoRangeIncludesZero(false);

        XYPlot plot = new XYPlot(dataset, xAxis, yAxis, null);

        XYToolTipGenerator toolTipGenerator = null;
        if (tooltips) {
            toolTipGenerator = new StandardXYToolTipGenerator();
        }

        XYURLGenerator urlGenerator = null;
        if (urls) {
            urlGenerator = new StandardXYURLGenerator();
        }
        XYItemRenderer renderer = new XYLineAndShapeRenderer(false, true);
        renderer.setBaseToolTipGenerator(toolTipGenerator);
        renderer.setURLGenerator(urlGenerator);
        plot.setRenderer(renderer);
        plot.setOrientation(orientation);

        JFreeChart chart = new JFreeChart(title, JFreeChart.DEFAULT_TITLE_FONT,
                plot, legend);
        return chart;

    }","public static JFreeChart createXYStepChart(String title,
                                               String xAxisLabel,
                                               String yAxisLabel,
                                               XYDataset dataset,
                                               PlotOrientation orientation,
                                               boolean legend,
                                               boolean tooltips,
                                               boolean urls) {

        if (orientation == null) {
            throw new IllegalArgumentException(""Null 'orientation' argument."");
        }
        DateAxis xAxis = new DateAxis(xAxisLabel);
        NumberAxis yAxis = new NumberAxis(yAxisLabel);
        yAxis.setStandardTickUnits(NumberAxis.createIntegerTickUnits());

        XYToolTipGenerator toolTipGenerator = null;
        if (tooltips) {
            toolTipGenerator = new StandardXYToolTipGenerator();
        }

        XYURLGenerator urlGenerator = null;
        if (urls) {
            urlGenerator = new StandardXYURLGenerator();
        }
        XYItemRenderer renderer 
            = new XYStepRenderer(toolTipGenerator, urlGenerator);

        XYPlot plot = new XYPlot(dataset, xAxis, yAxis, null);
        plot.setRenderer(renderer);
        plot.setOrientation(orientation);
        plot.setDomainCrosshairVisible(false);
        plot.setRangeCrosshairVisible(false);
        JFreeChart chart = new JFreeChart(title, JFreeChart.DEFAULT_TITLE_FONT,
                plot, legend);
        return chart;

    }",Type-3,"private interface Interface2 {
		XYLineAndShapeRenderer apply(XYToolTipGenerator toolTipGenerator, XYURLGenerator urlGenerator);
	}

	@FunctionalInterface
	private interface Interface3 {
		void apply(XYItemRenderer renderer, XYToolTipGenerator toolTipGenerator, XYURLGenerator urlGenerator);
	}

	private static JFreeChart createPlot(PlotOrientation orientation, String xAxisLabel, String yAxisLabel,
			XYDataset dataset, boolean tooltips, boolean urls, String title, boolean legend, Supplier<ValueAxis> arg0,
			Consumer<NumberAxis> arg1, Interface2 arg2, Interface3 arg3, Consumer<XYPlot> arg4) {
		if (orientation == null) {
			throw new IllegalArgumentException(""Null 'orientation' argument."");
		}
		ValueAxis xAxis = arg0.get();
		NumberAxis yAxis = new NumberAxis(yAxisLabel);
		arg1.accept(yAxis);
		XYPlot plot = new XYPlot(dataset, xAxis, yAxis, null);
		XYToolTipGenerator toolTipGenerator = null;
		if (tooltips) {
			toolTipGenerator = new StandardXYToolTipGenerator();
		}
		XYURLGenerator urlGenerator = null;
		if (urls) {
			urlGenerator = new StandardXYURLGenerator();
		}
		XYItemRenderer renderer = arg2.apply(toolTipGenerator, urlGenerator);
		arg3.apply(renderer, toolTipGenerator, urlGenerator);
		plot.setRenderer(renderer);
		plot.setOrientation(orientation);
		arg4.accept(plot);
		JFreeChart chart = new JFreeChart(title, JFreeChart.DEFAULT_TITLE_FONT, plot, legend);
		return chart;
	}

public static JFreeChart createScatterPlot(String title, String xAxisLabel,
            String yAxisLabel, XYDataset dataset, PlotOrientation orientation,
            boolean legend, boolean tooltips, boolean urls) {

        return createPlot(orientation, xAxisLabel, yAxisLabel, dataset, tooltips, urls, title, legend, () -> {
					NumberAxis xAxis = new NumberAxis(xAxisLabel);
					xAxis.setAutoRangeIncludesZero(false);
					return xAxis;
				}, (NumberAxis yAxis) -> {
					yAxis.setAutoRangeIncludesZero(false);
				}, (XYToolTipGenerator toolTipGenerator,
						XYURLGenerator urlGenerator) -> new XYLineAndShapeRenderer(false, true),
						(XYItemRenderer renderer, XYToolTipGenerator toolTipGenerator, XYURLGenerator urlGenerator) -> {
							renderer.setBaseToolTipGenerator(toolTipGenerator);
							renderer.setURLGenerator(urlGenerator);
						}, (XYPlot plot) -> {
						});

    }

public static JFreeChart createXYStepChart(String title,
                                               String xAxisLabel,
                                               String yAxisLabel,
                                               XYDataset dataset,
                                               PlotOrientation orientation,
                                               boolean legend,
                                               boolean tooltips,
                                               boolean urls) {

        return createPlot(orientation, xAxisLabel, yAxisLabel, dataset,
														tooltips, urls, title, legend, () -> {
															DateAxis xAxis = new DateAxis(xAxisLabel);
															return xAxis;
														}, (NumberAxis yAxis) -> {
															yAxis.setStandardTickUnits(
																	NumberAxis.createIntegerTickUnits());
														},
														(XYToolTipGenerator toolTipGenerator,
																XYURLGenerator urlGenerator) -> new XYStepRenderer(
																		toolTipGenerator, urlGenerator),
														(XYItemRenderer renderer, XYToolTipGenerator toolTipGenerator,
																XYURLGenerator urlGenerator) -> {
														}, (XYPlot plot) -> {
															plot.setDomainCrosshairVisible(false);
															plot.setRangeCrosshairVisible(false);
														});

    }"
"public static JFreeChart createScatterPlot(String title, String xAxisLabel,
            String yAxisLabel, XYDataset dataset, PlotOrientation orientation,
            boolean legend, boolean tooltips, boolean urls) {

        if (orientation == null) {
            throw new IllegalArgumentException(""Null 'orientation' argument."");
        }
        NumberAxis xAxis = new NumberAxis(xAxisLabel);
        xAxis.setAutoRangeIncludesZero(false);
        NumberAxis yAxis = new NumberAxis(yAxisLabel);
        yAxis.setAutoRangeIncludesZero(false);

        XYPlot plot = new XYPlot(dataset, xAxis, yAxis, null);

        XYToolTipGenerator toolTipGenerator = null;
        if (tooltips) {
            toolTipGenerator = new StandardXYToolTipGenerator();
        }

        XYURLGenerator urlGenerator = null;
        if (urls) {
            urlGenerator = new StandardXYURLGenerator();
        }
        XYItemRenderer renderer = new XYLineAndShapeRenderer(false, true);
        renderer.setBaseToolTipGenerator(toolTipGenerator);
        renderer.setURLGenerator(urlGenerator);
        plot.setRenderer(renderer);
        plot.setOrientation(orientation);

        JFreeChart chart = new JFreeChart(title, JFreeChart.DEFAULT_TITLE_FONT,
                plot, legend);
        return chart;

    }","public static JFreeChart createXYStepAreaChart(String title,
                                                   String xAxisLabel,
                                                   String yAxisLabel,
                                                   XYDataset dataset,
                                                   PlotOrientation orientation,
                                                   boolean legend,
                                                   boolean tooltips,
                                                   boolean urls) {

        if (orientation == null) {
            throw new IllegalArgumentException(""Null 'orientation' argument."");
        }
        NumberAxis xAxis = new NumberAxis(xAxisLabel);
        xAxis.setAutoRangeIncludesZero(false);
        NumberAxis yAxis = new NumberAxis(yAxisLabel);

        XYToolTipGenerator toolTipGenerator = null;
        if (tooltips) {
            toolTipGenerator = new StandardXYToolTipGenerator();
        }

        XYURLGenerator urlGenerator = null;
        if (urls) {
            urlGenerator = new StandardXYURLGenerator();
        }
        XYItemRenderer renderer = new XYStepAreaRenderer(
                XYStepAreaRenderer.AREA_AND_SHAPES, toolTipGenerator, 
                urlGenerator);

        XYPlot plot = new XYPlot(dataset, xAxis, yAxis, null);
        plot.setRenderer(renderer);
        plot.setOrientation(orientation);
        plot.setDomainCrosshairVisible(false);
        plot.setRangeCrosshairVisible(false);
        JFreeChart chart = new JFreeChart(title, JFreeChart.DEFAULT_TITLE_FONT,
                plot, legend);
        return chart;
    }",Type-3,"private interface Interface1 {
		AbstractXYItemRenderer apply(XYToolTipGenerator toolTipGenerator, XYURLGenerator urlGenerator);
	}

	@FunctionalInterface
	private interface Interface2 {
		void apply(XYItemRenderer renderer, XYToolTipGenerator toolTipGenerator, XYURLGenerator urlGenerator);
	}

	private static JFreeChart createPlot(PlotOrientation orientation, String xAxisLabel, String yAxisLabel,
			XYDataset dataset, boolean tooltips, boolean urls, String title, boolean legend, Consumer<NumberAxis> arg0,
			Interface1 arg1, Interface2 arg2, Consumer<XYPlot> arg3) {
		if (orientation == null) {
			throw new IllegalArgumentException(""Null 'orientation' argument."");
		}
		NumberAxis xAxis = new NumberAxis(xAxisLabel);
		xAxis.setAutoRangeIncludesZero(false);
		NumberAxis yAxis = new NumberAxis(yAxisLabel);
		arg0.accept(yAxis);
		XYPlot plot = new XYPlot(dataset, xAxis, yAxis, null);
		XYToolTipGenerator toolTipGenerator = null;
		if (tooltips) {
			toolTipGenerator = new StandardXYToolTipGenerator();
		}
		XYURLGenerator urlGenerator = null;
		if (urls) {
			urlGenerator = new StandardXYURLGenerator();
		}
		XYItemRenderer renderer = arg1.apply(toolTipGenerator, urlGenerator);
		arg2.apply(renderer, toolTipGenerator, urlGenerator);
		plot.setRenderer(renderer);
		plot.setOrientation(orientation);
		arg3.accept(plot);
		JFreeChart chart = new JFreeChart(title, JFreeChart.DEFAULT_TITLE_FONT, plot, legend);
		return chart;
	}

public static JFreeChart createScatterPlot(String title, String xAxisLabel,
            String yAxisLabel, XYDataset dataset, PlotOrientation orientation,
            boolean legend, boolean tooltips, boolean urls) {

        return createPlot(orientation, xAxisLabel, yAxisLabel, dataset, tooltips, urls, title, legend,
						(NumberAxis yAxis) -> {
							yAxis.setAutoRangeIncludesZero(false);
						},
						(XYToolTipGenerator toolTipGenerator,
								XYURLGenerator urlGenerator) -> new XYLineAndShapeRenderer(false, true),
						(XYItemRenderer renderer, XYToolTipGenerator toolTipGenerator, XYURLGenerator urlGenerator) -> {
							renderer.setBaseToolTipGenerator(toolTipGenerator);
							renderer.setURLGenerator(urlGenerator);
						}, (XYPlot plot) -> {
						});

    }

public static JFreeChart createXYStepAreaChart(String title,
                                                   String xAxisLabel,
                                                   String yAxisLabel,
                                                   XYDataset dataset,
                                                   PlotOrientation orientation,
                                                   boolean legend,
                                                   boolean tooltips,
                                                   boolean urls) {

        return createPlot(orientation, xAxisLabel, yAxisLabel, dataset,
															tooltips, urls, title, legend, (NumberAxis yAxis) -> {
															},
															(XYToolTipGenerator toolTipGenerator,
																	XYURLGenerator urlGenerator) -> new XYStepAreaRenderer(
																			XYStepAreaRenderer.AREA_AND_SHAPES,
																			toolTipGenerator, urlGenerator),
															(XYItemRenderer renderer,
																	XYToolTipGenerator toolTipGenerator,
																	XYURLGenerator urlGenerator) -> {
															}, (XYPlot plot) -> {
																plot.setDomainCrosshairVisible(false);
																plot.setRangeCrosshairVisible(false);
															});
    }"
"public static JFreeChart createStackedBarChart(String title,
                                                   String domainAxisLabel,
                                                   String rangeAxisLabel,
                                                   CategoryDataset dataset,
                                                   PlotOrientation orientation,
                                                   boolean legend,
                                                   boolean tooltips,
                                                   boolean urls) {

        if (orientation == null) {
            throw new IllegalArgumentException(""Null 'orientation' argument."");
        }

        CategoryAxis categoryAxis = new CategoryAxis(domainAxisLabel);
        ValueAxis valueAxis = new NumberAxis(rangeAxisLabel);

        StackedBarRenderer renderer = new StackedBarRenderer();
        if (tooltips) {
            renderer.setBaseToolTipGenerator(
                    new StandardCategoryToolTipGenerator());
        }
        if (urls) {
            renderer.setBaseItemURLGenerator(
                    new StandardCategoryURLGenerator());
        }

        CategoryPlot plot = new CategoryPlot(dataset, categoryAxis, valueAxis, 
                renderer);
        plot.setOrientation(orientation);
        JFreeChart chart = new JFreeChart(title, JFreeChart.DEFAULT_TITLE_FONT,
                plot, legend);

        return chart;

    }","public static JFreeChart createAreaChart(String title,
                                             String categoryAxisLabel,
                                             String valueAxisLabel,
                                             CategoryDataset dataset,
                                             PlotOrientation orientation,
                                             boolean legend,
                                             boolean tooltips,
                                             boolean urls) {

        if (orientation == null) {
            throw new IllegalArgumentException(""Null 'orientation' argument."");
        }
        CategoryAxis categoryAxis = new CategoryAxis(categoryAxisLabel);
        categoryAxis.setCategoryMargin(0.0);

        ValueAxis valueAxis = new NumberAxis(valueAxisLabel);

        AreaRenderer renderer = new AreaRenderer();
        if (tooltips) {
            renderer.setBaseToolTipGenerator(
                    new StandardCategoryToolTipGenerator());
        }
        if (urls) {
            renderer.setBaseItemURLGenerator(
                    new StandardCategoryURLGenerator());
        }

        CategoryPlot plot = new CategoryPlot(dataset, categoryAxis, valueAxis, 
                renderer);
        plot.setOrientation(orientation);
        JFreeChart chart = new JFreeChart(title, JFreeChart.DEFAULT_TITLE_FONT,
                plot, legend);

        return chart;

    }",Type-3,"private static JFreeChart createsBarChart(PlotOrientation orientation, String domainAxisLabel,
			String rangeAxisLabel, boolean tooltips, boolean urls, CategoryDataset dataset, String title,
			boolean legend, Consumer<CategoryAxis> arg0, Supplier<AbstractCategoryItemRenderer> arg1) {
		if (orientation == null) {
			throw new IllegalArgumentException(""Null 'orientation' argument."");
		}
		CategoryAxis categoryAxis = new CategoryAxis(domainAxisLabel);
		arg0.accept(categoryAxis);
		ValueAxis valueAxis = new NumberAxis(rangeAxisLabel);
		AbstractCategoryItemRenderer renderer = arg1.get();
		if (tooltips) {
			renderer.setBaseToolTipGenerator(new StandardCategoryToolTipGenerator());
		}
		if (urls) {
			renderer.setBaseItemURLGenerator(new StandardCategoryURLGenerator());
		}
		CategoryPlot plot = new CategoryPlot(dataset, categoryAxis, valueAxis, renderer);
		plot.setOrientation(orientation);
		JFreeChart chart = new JFreeChart(title, JFreeChart.DEFAULT_TITLE_FONT, plot, legend);
		return chart;
	}

public static JFreeChart createStackedBarChart(String title,
                                                   String domainAxisLabel,
                                                   String rangeAxisLabel,
                                                   CategoryDataset dataset,
                                                   PlotOrientation orientation,
                                                   boolean legend,
                                                   boolean tooltips,
                                                   boolean urls) {

        return createsBarChart(orientation, domainAxisLabel, rangeAxisLabel,
															tooltips, urls, dataset, title, legend,
															(CategoryAxis categoryAxis) -> {
															}, () -> new StackedBarRenderer());

    }

public static JFreeChart createAreaChart(String title,
                                             String categoryAxisLabel,
                                             String valueAxisLabel,
                                             CategoryDataset dataset,
                                             PlotOrientation orientation,
                                             boolean legend,
                                             boolean tooltips,
                                             boolean urls) {

        return createsBarChart(orientation, categoryAxisLabel, valueAxisLabel,
														tooltips, urls, dataset, title, legend,
														(CategoryAxis categoryAxis) -> {
															categoryAxis.setCategoryMargin(0.0);
														}, () -> new AreaRenderer());

    }"
"public static JFreeChart createAreaChart(String title,
                                             String categoryAxisLabel,
                                             String valueAxisLabel,
                                             CategoryDataset dataset,
                                             PlotOrientation orientation,
                                             boolean legend,
                                             boolean tooltips,
                                             boolean urls) {

        if (orientation == null) {
            throw new IllegalArgumentException(""Null 'orientation' argument."");
        }
        CategoryAxis categoryAxis = new CategoryAxis(categoryAxisLabel);
        categoryAxis.setCategoryMargin(0.0);

        ValueAxis valueAxis = new NumberAxis(valueAxisLabel);

        AreaRenderer renderer = new AreaRenderer();
        if (tooltips) {
            renderer.setBaseToolTipGenerator(
                    new StandardCategoryToolTipGenerator());
        }
        if (urls) {
            renderer.setBaseItemURLGenerator(
                    new StandardCategoryURLGenerator());
        }

        CategoryPlot plot = new CategoryPlot(dataset, categoryAxis, valueAxis, 
                renderer);
        plot.setOrientation(orientation);
        JFreeChart chart = new JFreeChart(title, JFreeChart.DEFAULT_TITLE_FONT,
                plot, legend);

        return chart;

    }","public static JFreeChart createStackedAreaChart(String title,
                                                    String categoryAxisLabel,
                                                    String valueAxisLabel,
                                                    CategoryDataset dataset,
                                                    PlotOrientation orientation,
                                                    boolean legend,
                                                    boolean tooltips,
                                                    boolean urls) {

        if (orientation == null) {
            throw new IllegalArgumentException(""Null 'orientation' argument."");
        }
        CategoryAxis categoryAxis = new CategoryAxis(categoryAxisLabel);
        ValueAxis valueAxis = new NumberAxis(valueAxisLabel);

        StackedAreaRenderer renderer = new StackedAreaRenderer();
        if (tooltips) {
            renderer.setBaseToolTipGenerator(
                    new StandardCategoryToolTipGenerator());
        }
        if (urls) {
            renderer.setBaseItemURLGenerator(
                    new StandardCategoryURLGenerator());
        }

        CategoryPlot plot = new CategoryPlot(dataset, categoryAxis, valueAxis, 
                renderer);
        plot.setOrientation(orientation);
        JFreeChart chart = new JFreeChart(title, JFreeChart.DEFAULT_TITLE_FONT, 
                plot, legend);

        return chart;

    }",Type-3,"private static JFreeChart createChart(PlotOrientation orientation, String categoryAxisLabel, String valueAxisLabel,
			boolean tooltips, boolean urls, CategoryDataset dataset, String title, boolean legend,
			Consumer<CategoryAxis> arg0, Supplier<AreaRenderer> arg1) {
		if (orientation == null) {
			throw new IllegalArgumentException(""Null 'orientation' argument."");
		}
		CategoryAxis categoryAxis = new CategoryAxis(categoryAxisLabel);
		arg0.accept(categoryAxis);
		ValueAxis valueAxis = new NumberAxis(valueAxisLabel);
		AreaRenderer renderer = arg1.get();
		if (tooltips) {
			renderer.setBaseToolTipGenerator(new StandardCategoryToolTipGenerator());
		}
		if (urls) {
			renderer.setBaseItemURLGenerator(new StandardCategoryURLGenerator());
		}
		CategoryPlot plot = new CategoryPlot(dataset, categoryAxis, valueAxis, renderer);
		plot.setOrientation(orientation);
		JFreeChart chart = new JFreeChart(title, JFreeChart.DEFAULT_TITLE_FONT, plot, legend);
		return chart;
	}

public static JFreeChart createStackedAreaChart(String title,
                                                    String categoryAxisLabel,
                                                    String valueAxisLabel,
                                                    CategoryDataset dataset,
                                                    PlotOrientation orientation,
                                                    boolean legend,
                                                    boolean tooltips,
                                                    boolean urls) {

        return createChart(orientation, categoryAxisLabel,
																valueAxisLabel, tooltips, urls, dataset, title, legend,
																(CategoryAxis categoryAxis) -> {
																}, () -> new StackedAreaRenderer());

    }

    public static JFreeChart createAreaChart(String title,
                                                 String categoryAxisLabel,
                                                 String valueAxisLabel,
                                                 CategoryDataset dataset,
                                                 PlotOrientation orientation,
                                                 boolean legend,
                                                 boolean tooltips,
                                                 boolean urls) {

            return createChart(orientation, categoryAxisLabel, valueAxisLabel,
    														tooltips, urls, dataset, title, legend,
    														(CategoryAxis categoryAxis) -> {
    															categoryAxis.setCategoryMargin(0.0);
    														}, () -> new AreaRenderer());

        }"
"public static JFreeChart createAreaChart(String title,
                                             String categoryAxisLabel,
                                             String valueAxisLabel,
                                             CategoryDataset dataset,
                                             PlotOrientation orientation,
                                             boolean legend,
                                             boolean tooltips,
                                             boolean urls) {

        if (orientation == null) {
            throw new IllegalArgumentException(""Null 'orientation' argument."");
        }
        CategoryAxis categoryAxis = new CategoryAxis(categoryAxisLabel);
        categoryAxis.setCategoryMargin(0.0);

        ValueAxis valueAxis = new NumberAxis(valueAxisLabel);

        AreaRenderer renderer = new AreaRenderer();
        if (tooltips) {
            renderer.setBaseToolTipGenerator(
                    new StandardCategoryToolTipGenerator());
        }
        if (urls) {
            renderer.setBaseItemURLGenerator(
                    new StandardCategoryURLGenerator());
        }

        CategoryPlot plot = new CategoryPlot(dataset, categoryAxis, valueAxis, 
                renderer);
        plot.setOrientation(orientation);
        JFreeChart chart = new JFreeChart(title, JFreeChart.DEFAULT_TITLE_FONT,
                plot, legend);

        return chart;

    }","public static JFreeChart createLineChart3D(String title,
                                               String categoryAxisLabel,
                                               String valueAxisLabel,
                                               CategoryDataset dataset,
                                               PlotOrientation orientation,
                                               boolean legend,
                                               boolean tooltips,
                                               boolean urls) {

        if (orientation == null) {
            throw new IllegalArgumentException(""Null 'orientation' argument."");
        }
        CategoryAxis categoryAxis = new CategoryAxis3D(categoryAxisLabel);
        ValueAxis valueAxis = new NumberAxis3D(valueAxisLabel);

        LineRenderer3D renderer = new LineRenderer3D();
        if (tooltips) {
            renderer.setBaseToolTipGenerator(
                    new StandardCategoryToolTipGenerator());
        }
        if (urls) {
            renderer.setBaseItemURLGenerator(
                    new StandardCategoryURLGenerator());
        }
        CategoryPlot plot = new CategoryPlot(dataset, categoryAxis, valueAxis, 
                renderer);
        plot.setOrientation(orientation);
        JFreeChart chart = new JFreeChart(title, JFreeChart.DEFAULT_TITLE_FONT,
                plot, legend);

        return chart;

    }",Type-3,"private static JFreeChart createChart(PlotOrientation orientation, String categoryAxisLabel, String valueAxisLabel,
			boolean tooltips, boolean urls, CategoryDataset dataset, String title, boolean legend,
			Supplier<CategoryAxis> arg0, Consumer<CategoryAxis> arg1, Supplier<NumberAxis> arg2,
			Supplier<AbstractCategoryItemRenderer> arg3) {
		if (orientation == null) {
			throw new IllegalArgumentException(""Null 'orientation' argument."");
		}
		CategoryAxis categoryAxis = arg0.get();
		arg1.accept(categoryAxis);
		ValueAxis valueAxis = arg2.get();
		AbstractCategoryItemRenderer renderer = arg3.get();
		if (tooltips) {
			renderer.setBaseToolTipGenerator(new StandardCategoryToolTipGenerator());
		}
		if (urls) {
			renderer.setBaseItemURLGenerator(new StandardCategoryURLGenerator());
		}
		CategoryPlot plot = new CategoryPlot(dataset, categoryAxis, valueAxis, renderer);
		plot.setOrientation(orientation);
		JFreeChart chart = new JFreeChart(title, JFreeChart.DEFAULT_TITLE_FONT, plot, legend);
		return chart;
	}

public static JFreeChart createAreaChart(String title,
                                             String categoryAxisLabel,
                                             String valueAxisLabel,
                                             CategoryDataset dataset,
                                             PlotOrientation orientation,
                                             boolean legend,
                                             boolean tooltips,
                                             boolean urls) {

        return createChart(orientation, categoryAxisLabel, valueAxisLabel,
														tooltips, urls, dataset, title, legend,
														() -> new CategoryAxis(categoryAxisLabel),
														(CategoryAxis categoryAxis) -> {
															categoryAxis.setCategoryMargin(0.0);
														}, () -> new NumberAxis(valueAxisLabel),
														() -> new AreaRenderer());

    }

public static JFreeChart createLineChart3D(String title,
                                               String categoryAxisLabel,
                                               String valueAxisLabel,
                                               CategoryDataset dataset,
                                               PlotOrientation orientation,
                                               boolean legend,
                                               boolean tooltips,
                                               boolean urls) {

        return createChart(orientation, categoryAxisLabel, valueAxisLabel,
														tooltips, urls, dataset, title, legend,
														() -> new CategoryAxis3D(categoryAxisLabel),
														(CategoryAxis categoryAxis) -> {
														}, () -> new NumberAxis3D(valueAxisLabel),
														() -> new LineRenderer3D());

    }"
"public static JFreeChart createAreaChart(String title,
                                             String categoryAxisLabel,
                                             String valueAxisLabel,
                                             CategoryDataset dataset,
                                             PlotOrientation orientation,
                                             boolean legend,
                                             boolean tooltips,
                                             boolean urls) {

        if (orientation == null) {
            throw new IllegalArgumentException(""Null 'orientation' argument."");
        }
        CategoryAxis categoryAxis = new CategoryAxis(categoryAxisLabel);
        categoryAxis.setCategoryMargin(0.0);

        ValueAxis valueAxis = new NumberAxis(valueAxisLabel);

        AreaRenderer renderer = new AreaRenderer();
        if (tooltips) {
            renderer.setBaseToolTipGenerator(
                    new StandardCategoryToolTipGenerator());
        }
        if (urls) {
            renderer.setBaseItemURLGenerator(
                    new StandardCategoryURLGenerator());
        }

        CategoryPlot plot = new CategoryPlot(dataset, categoryAxis, valueAxis, 
                renderer);
        plot.setOrientation(orientation);
        JFreeChart chart = new JFreeChart(title, JFreeChart.DEFAULT_TITLE_FONT,
                plot, legend);

        return chart;

    }","public static JFreeChart createLineChart(String title,
                                             String categoryAxisLabel,
                                             String valueAxisLabel,
                                             CategoryDataset dataset,
                                             PlotOrientation orientation,
                                             boolean legend,
                                             boolean tooltips,
                                             boolean urls) {

        if (orientation == null) {
            throw new IllegalArgumentException(""Null 'orientation' argument."");
        }
        CategoryAxis categoryAxis = new CategoryAxis(categoryAxisLabel);
        ValueAxis valueAxis = new NumberAxis(valueAxisLabel);

        LineAndShapeRenderer renderer = new LineAndShapeRenderer(true, false);
        if (tooltips) {
            renderer.setBaseToolTipGenerator(
                    new StandardCategoryToolTipGenerator());
        }
        if (urls) {
            renderer.setBaseItemURLGenerator(
                    new StandardCategoryURLGenerator());
        }
        CategoryPlot plot = new CategoryPlot(dataset, categoryAxis, valueAxis, 
                renderer);
        plot.setOrientation(orientation);
        JFreeChart chart = new JFreeChart(title, JFreeChart.DEFAULT_TITLE_FONT,
                plot, legend);

        return chart;

    }",Type-3,"private static JFreeChart createChart(PlotOrientation orientation, String categoryAxisLabel, String valueAxisLabel,
			boolean tooltips, boolean urls, CategoryDataset dataset, String title, boolean legend,
			Consumer<CategoryAxis> arg0, Supplier<AbstractCategoryItemRenderer> arg1) {
		if (orientation == null) {
			throw new IllegalArgumentException(""Null 'orientation' argument."");
		}
		CategoryAxis categoryAxis = new CategoryAxis(categoryAxisLabel);
		arg0.accept(categoryAxis);
		ValueAxis valueAxis = new NumberAxis(valueAxisLabel);
		AbstractCategoryItemRenderer renderer = arg1.get();
		if (tooltips) {
			renderer.setBaseToolTipGenerator(new StandardCategoryToolTipGenerator());
		}
		if (urls) {
			renderer.setBaseItemURLGenerator(new StandardCategoryURLGenerator());
		}
		CategoryPlot plot = new CategoryPlot(dataset, categoryAxis, valueAxis, renderer);
		plot.setOrientation(orientation);
		JFreeChart chart = new JFreeChart(title, JFreeChart.DEFAULT_TITLE_FONT, plot, legend);
		return chart;
	}

public static JFreeChart createAreaChart(String title,
                                             String categoryAxisLabel,
                                             String valueAxisLabel,
                                             CategoryDataset dataset,
                                             PlotOrientation orientation,
                                             boolean legend,
                                             boolean tooltips,
                                             boolean urls) {

        return createChart(orientation, categoryAxisLabel, valueAxisLabel,
														tooltips, urls, dataset, title, legend,
														(CategoryAxis categoryAxis) -> {
															categoryAxis.setCategoryMargin(0.0);
														}, () -> new AreaRenderer());

    }

public static JFreeChart createLineChart(String title,
                                             String categoryAxisLabel,
                                             String valueAxisLabel,
                                             CategoryDataset dataset,
                                             PlotOrientation orientation,
                                             boolean legend,
                                             boolean tooltips,
                                             boolean urls) {

        return createChart(orientation, categoryAxisLabel, valueAxisLabel,
														tooltips, urls, dataset, title, legend,
														(CategoryAxis categoryAxis) -> {
														}, () -> new LineAndShapeRenderer(true, false));

    }"
"public static JFreeChart createPieChart(String title,
                                            PieDataset dataset,
                                            boolean legend,
                                            boolean tooltips,
                                            boolean urls) {

        PiePlot plot = new PiePlot(dataset);
        plot.setLabelGenerator(new StandardPieSectionLabelGenerator());
        plot.setInsets(new RectangleInsets(0.0, 5.0, 5.0, 5.0));
        if (tooltips) {
            plot.setToolTipGenerator(new StandardPieToolTipGenerator());
        }
        if (urls) {
            plot.setURLGenerator(new StandardPieURLGenerator());
        }
        return new JFreeChart(title, JFreeChart.DEFAULT_TITLE_FONT, plot, 
                legend);

    }","public static JFreeChart createPieChart3D(String title,
                                              PieDataset dataset,
                                              boolean legend,
                                              boolean tooltips,
                                              boolean urls) {

        PiePlot3D plot = new PiePlot3D(dataset);
        plot.setInsets(new RectangleInsets(0.0, 5.0, 5.0, 5.0));
        if (tooltips) {
            plot.setToolTipGenerator(new StandardPieToolTipGenerator());
        }
        if (urls) {
            plot.setURLGenerator(new StandardPieURLGenerator());
        }
        return new JFreeChart(title, JFreeChart.DEFAULT_TITLE_FONT, plot, 
                legend);

    }",Type-3,"private static JFreeChart createChart(PieDataset dataset, boolean tooltips, boolean urls, String title,
			boolean legend, Supplier<PiePlot> arg0) {
		PiePlot plot = arg0.get();
		plot.setInsets(new RectangleInsets(0.0, 5.0, 5.0, 5.0));
		if (tooltips) {
			plot.setToolTipGenerator(new StandardPieToolTipGenerator());
		}
		if (urls) {
			plot.setURLGenerator(new StandardPieURLGenerator());
		}
		return new JFreeChart(title, JFreeChart.DEFAULT_TITLE_FONT, plot, legend);
	}

public static JFreeChart createPieChart(String title,
                                            PieDataset dataset,
                                            boolean legend,
                                            boolean tooltips,
                                            boolean urls) {

        return createChart(dataset, tooltips, urls, title, legend, () -> {
													PiePlot plot = new PiePlot(dataset);
													plot.setLabelGenerator(new StandardPieSectionLabelGenerator());
													return plot;
												});

    }

public static JFreeChart createPieChart3D(String title,
                                              PieDataset dataset,
                                              boolean legend,
                                              boolean tooltips,
                                              boolean urls) {

        return createChart(dataset, tooltips, urls, title, legend, () -> {
													PiePlot3D plot = new PiePlot3D(dataset);
													return plot;
												});

    }"
" public static JFreeChart createRingChart(String title,
                                             PieDataset dataset,
                                             boolean legend,
                                             boolean tooltips,
                                             boolean urls) {

        RingPlot plot = new RingPlot(dataset);
        plot.setLabelGenerator(new StandardPieSectionLabelGenerator());
        plot.setInsets(new RectangleInsets(0.0, 5.0, 5.0, 5.0));
        if (tooltips) {
            plot.setToolTipGenerator(new StandardPieToolTipGenerator());
        }
        if (urls) {
            plot.setURLGenerator(new StandardPieURLGenerator());
        }
        return new JFreeChart(title, JFreeChart.DEFAULT_TITLE_FONT, plot, 
                legend);

    }","public static JFreeChart createPieChart3D(String title,
                                              PieDataset dataset,
                                              boolean legend,
                                              boolean tooltips,
                                              boolean urls) {

        PiePlot3D plot = new PiePlot3D(dataset);
        plot.setInsets(new RectangleInsets(0.0, 5.0, 5.0, 5.0));
        if (tooltips) {
            plot.setToolTipGenerator(new StandardPieToolTipGenerator());
        }
        if (urls) {
            plot.setURLGenerator(new StandardPieURLGenerator());
        }
        return new JFreeChart(title, JFreeChart.DEFAULT_TITLE_FONT, plot, 
                legend);

    }",Type-3,"private static JFreeChart createChart(PieDataset dataset, boolean tooltips, boolean urls, String title,
			boolean legend, Supplier<PiePlot> arg0) {
		PiePlot plot = arg0.get();
		plot.setInsets(new RectangleInsets(0.0, 5.0, 5.0, 5.0));
		if (tooltips) {
			plot.setToolTipGenerator(new StandardPieToolTipGenerator());
		}
		if (urls) {
			plot.setURLGenerator(new StandardPieURLGenerator());
		}
		return new JFreeChart(title, JFreeChart.DEFAULT_TITLE_FONT, plot, legend);
	}

public static JFreeChart createPieChart3D(String title,
                                              PieDataset dataset,
                                              boolean legend,
                                              boolean tooltips,
                                              boolean urls) {

        return createChart(dataset, tooltips, urls, title, legend, () -> {
													PiePlot3D plot = new PiePlot3D(dataset);
													return plot;
												});

    }

    public static JFreeChart createRingChart(String title, PieDataset dataset,
                boolean legend, boolean tooltips, Locale locale) {

            RingPlot plot = new RingPlot(dataset);
            plot.setLabelGenerator(new StandardPieSectionLabelGenerator(locale));
            plot.setInsets(new RectangleInsets(0.0, 5.0, 5.0, 5.0));
            if (tooltips) {
                plot.setToolTipGenerator(new StandardPieToolTipGenerator(locale));
            }
            return new JFreeChart(title, JFreeChart.DEFAULT_TITLE_FONT, plot, 
                    legend);

        }"
"public void draw(Graphics2D g2,
                     Rectangle2D area,
                     Point2D anchor,
                     PlotState parentState,
                     PlotRenderingInfo info) {

        // set up info collection...
        if (info != null) {
            info.setPlotArea(area);
        }

        // adjust the drawing area for plot insets (if any)...
        RectangleInsets insets = getInsets();
        insets.trim(area);

        setFixedRangeAxisSpaceForSubplots(null);
        AxisSpace space = calculateAxisSpace(g2, area);
        Rectangle2D dataArea = space.shrink(area, null);

        // set the width and height of non-shared axis of all sub-plots
        setFixedRangeAxisSpaceForSubplots(space);

        // draw the shared axis
        ValueAxis axis = getDomainAxis();
        RectangleEdge edge = getDomainAxisEdge();
        double cursor = RectangleEdge.coordinate(dataArea, edge);
        AxisState axisState = axis.draw(g2, cursor, area, dataArea, edge, info);
        if (parentState == null) {
            parentState = new PlotState();
        }
        parentState.getSharedAxisStates().put(axis, axisState);

        // draw all the subplots
        for (int i = 0; i < this.subplots.size(); i++) {
            XYPlot plot = (XYPlot) this.subplots.get(i);
            PlotRenderingInfo subplotInfo = null;
            if (info != null) {
                subplotInfo = new PlotRenderingInfo(info.getOwner());
                info.addSubplotInfo(subplotInfo);
            }
            plot.draw(g2, this.subplotAreas[i], anchor, parentState,
                    subplotInfo);
        }

        if (info != null) {
            info.setDataArea(dataArea);
        }

    }","public void draw(Graphics2D g2, Rectangle2D area, Point2D anchor,
                     PlotState parentState,
                     PlotRenderingInfo info) {

        // set up info collection...
        if (info != null) {
            info.setPlotArea(area);
        }

        // adjust the drawing area for plot insets (if any)...
        RectangleInsets insets = getInsets();
        insets.trim(area);

        // calculate the data area...
        AxisSpace space = calculateAxisSpace(g2, area);
        Rectangle2D dataArea = space.shrink(area, null);

        // set the width and height of non-shared axis of all sub-plots
        setFixedDomainAxisSpaceForSubplots(space);

        // draw the shared axis
        ValueAxis axis = getRangeAxis();
        RectangleEdge rangeEdge = getRangeAxisEdge();
        double cursor = RectangleEdge.coordinate(dataArea, rangeEdge);
        AxisState state = axis.draw(g2, cursor, area, dataArea, rangeEdge, 
                info);
        if (parentState == null) {
            parentState = new PlotState();
        }
        parentState.getSharedAxisStates().put(axis, state);
        
        // draw all the charts
        for (int i = 0; i < this.subplots.size(); i++) {
            CategoryPlot plot = (CategoryPlot) this.subplots.get(i);
            PlotRenderingInfo subplotInfo = null;
            if (info != null) {
                subplotInfo = new PlotRenderingInfo(info.getOwner());
                info.addSubplotInfo(subplotInfo);
            }
            plot.draw(g2, this.subplotArea[i], null, parentState, subplotInfo);
        }

        if (info != null) {
            info.setDataArea(dataArea);
        }

    }",Type-3,"protected interface Interface0 {
		void apply();
	}

	protected void drawExtracted(PlotRenderingInfo info, Rectangle2D area, Graphics2D g2, PlotState parentState,
			Interface0 arg0, Consumer<AxisSpace> arg1, ValueAxis arg2, RectangleEdge arg3, Function<Integer, Plot> arg4,
			Supplier<Rectangle2D[]> arg5, Point2D arg6, List thisSubplots) {
		if (info != null) {
			info.setPlotArea(area);
		}
		RectangleInsets insets = getInsets();
		insets.trim(area);
		arg0.apply();
		AxisSpace space = calculateAxisSpace(g2, area);
		Rectangle2D dataArea = space.shrink(area, null);
		arg1.accept(space);
		ValueAxis axis = arg2;
		RectangleEdge edge = arg3;
		double cursor = RectangleEdge.coordinate(dataArea, edge);
		AxisState axisState = axis.draw(g2, cursor, area, dataArea, edge, info);
		if (parentState == null) {
			parentState = new PlotState();
		}
		parentState.getSharedAxisStates().put(axis, axisState);
		for (int i = 0; i < thisSubplots.size(); i++) {
			Plot plot = arg4.apply(i);
			PlotRenderingInfo subplotInfo = null;
			if (info != null) {
				subplotInfo = new PlotRenderingInfo(info.getOwner());
				info.addSubplotInfo(subplotInfo);
			}
			plot.draw(g2, arg5.get()[i], arg6, parentState, subplotInfo);
		}
		if (info != null) {
			info.setDataArea(dataArea);
		}
	}

public void draw(Graphics2D g2, Rectangle2D area, Point2D anchor,
                       PlotState parentState,
                       PlotRenderingInfo info) {

          drawExtracted(info, area, g2, parentState, () -> {
  						}, (AxisSpace space) -> {
  							setFixedDomainAxisSpaceForSubplots(space);
  						}, getRangeAxis(), getRangeAxisEdge(), (Integer i) -> (CategoryPlot) this.subplots.get((int) i),
  								() -> this.subplotArea, null, this.subplots);

      }

public void draw(Graphics2D g2,
                           Rectangle2D area,
                           Point2D anchor,
                           PlotState parentState,
                           PlotRenderingInfo info) {

              drawExtracted(info, area, g2, parentState, () -> {
      							setFixedRangeAxisSpaceForSubplots(null);
      						}, (AxisSpace space) -> {
      							setFixedRangeAxisSpaceForSubplots(space);
      						}, getDomainAxis(), getDomainAxisEdge(), (Integer i) -> (XYPlot) this.subplots.get((int) i),
      								() -> this.subplotAreas, anchor, this.subplots);

          }
"
"public void draw(Graphics2D g2,
                     Rectangle2D area,
                     Point2D anchor,
                     PlotState parentState,
                     PlotRenderingInfo info) {

        // set up info collection...
        if (info != null) {
            info.setPlotArea(area);
        }

        // adjust the drawing area for plot insets (if any)...
        RectangleInsets insets = getInsets();
        insets.trim(area);

        setFixedRangeAxisSpaceForSubplots(null);
        AxisSpace space = calculateAxisSpace(g2, area);
        Rectangle2D dataArea = space.shrink(area, null);

        // set the width and height of non-shared axis of all sub-plots
        setFixedRangeAxisSpaceForSubplots(space);

        // draw the shared axis
        ValueAxis axis = getDomainAxis();
        RectangleEdge edge = getDomainAxisEdge();
        double cursor = RectangleEdge.coordinate(dataArea, edge);
        AxisState axisState = axis.draw(g2, cursor, area, dataArea, edge, info);
        if (parentState == null) {
            parentState = new PlotState();
        }
        parentState.getSharedAxisStates().put(axis, axisState);

        // draw all the subplots
        for (int i = 0; i < this.subplots.size(); i++) {
            XYPlot plot = (XYPlot) this.subplots.get(i);
            PlotRenderingInfo subplotInfo = null;
            if (info != null) {
                subplotInfo = new PlotRenderingInfo(info.getOwner());
                info.addSubplotInfo(subplotInfo);
            }
            plot.draw(g2, this.subplotAreas[i], anchor, parentState,
                    subplotInfo);
        }

        if (info != null) {
            info.setDataArea(dataArea);
        }

    }","public void draw(Graphics2D g2,
                     Rectangle2D area,
                     Point2D anchor,
                     PlotState parentState,
                     PlotRenderingInfo info) {

        // set up info collection...
        if (info != null) {
            info.setPlotArea(area);
        }

        // adjust the drawing area for plot insets (if any)...
        RectangleInsets insets = getInsets();
        insets.trim(area);

        AxisSpace space = calculateAxisSpace(g2, area);
        Rectangle2D dataArea = space.shrink(area, null);
        //this.axisOffset.trim(dataArea);

        // set the width and height of non-shared axis of all sub-plots
        setFixedDomainAxisSpaceForSubplots(space);

        // draw the shared axis
        ValueAxis axis = getRangeAxis();
        RectangleEdge edge = getRangeAxisEdge();
        double cursor = RectangleEdge.coordinate(dataArea, edge);
        AxisState axisState = axis.draw(g2, cursor, area, dataArea, edge, info);

        if (parentState == null) {
            parentState = new PlotState();
        }
        parentState.getSharedAxisStates().put(axis, axisState);

        // draw all the charts
        for (int i = 0; i < this.subplots.size(); i++) {
            XYPlot plot = (XYPlot) this.subplots.get(i);
            PlotRenderingInfo subplotInfo = null;
            if (info != null) {
                subplotInfo = new PlotRenderingInfo(info.getOwner());
                info.addSubplotInfo(subplotInfo);
            }
            plot.draw(g2, this.subplotAreas[i], anchor, parentState,
                    subplotInfo);
        }

        if (info != null) {
            info.setDataArea(dataArea);
        }

    }",Type-3,"protected interface Interface0 {
		void apply();
	}

	protected void drawExtracted(PlotRenderingInfo info, Rectangle2D area, Graphics2D g2, PlotState parentState,
			Point2D anchor, Interface0 arg0, Consumer<AxisSpace> arg1, ValueAxis arg2, RectangleEdge arg3,
			List thisSubplots) {
		if (info != null) {
			info.setPlotArea(area);
		}
		RectangleInsets insets = getInsets();
		insets.trim(area);
		arg0.apply();
		AxisSpace space = calculateAxisSpace(g2, area);
		Rectangle2D dataArea = space.shrink(area, null);
		arg1.accept(space);
		ValueAxis axis = arg2;
		RectangleEdge edge = arg3;
		double cursor = RectangleEdge.coordinate(dataArea, edge);
		AxisState axisState = axis.draw(g2, cursor, area, dataArea, edge, info);
		if (parentState == null) {
			parentState = new PlotState();
		}
		parentState.getSharedAxisStates().put(axis, axisState);
		for (int i = 0; i < thisSubplots.size(); i++) {
			XYPlot plot = (XYPlot) thisSubplots.get(i);
			PlotRenderingInfo subplotInfo = null;
			if (info != null) {
				subplotInfo = new PlotRenderingInfo(info.getOwner());
				info.addSubplotInfo(subplotInfo);
			}
			plot.draw(g2, this.subplotAreas[i], anchor, parentState, subplotInfo);
		}
		if (info != null) {
			info.setDataArea(dataArea);
		}
	}

  public void draw(Graphics2D g2,
                       Rectangle2D area,
                       Point2D anchor,
                       PlotState parentState,
                       PlotRenderingInfo info) {

          drawExtracted(info, area, g2, parentState, anchor, () -> {
  						}, (AxisSpace space) -> {
  							setFixedDomainAxisSpaceForSubplots(space);
  						}, getRangeAxis(), getRangeAxisEdge(), this.subplots);

      }
      
  public void draw(Graphics2D g2,
                           Rectangle2D area,
                           Point2D anchor,
                           PlotState parentState,
                           PlotRenderingInfo info) {

              drawExtracted(info, area, g2, parentState, anchor, () -> {
      							setFixedRangeAxisSpaceForSubplots(null);
      						}, (AxisSpace space) -> {
      							setFixedRangeAxisSpaceForSubplots(space);
      						}, getDomainAxis(), getDomainAxisEdge(), this.subplots);

          }"
"public static double calculateColumnTotal(Values2D data, int column) {
        double total = 0.0;
        int rowCount = data.getRowCount();
        for (int r = 0; r < rowCount; r++) {
            Number n = data.getValue(r, column);
            if (n != null) {
                total += n.doubleValue();   
            }
        }
        return total;
    }","public static double calculateStackTotal(TableXYDataset dataset, int item) {
        double total = 0.0;
        int seriesCount = dataset.getSeriesCount();
        for (int s = 0; s < seriesCount; s++) {
            double value = dataset.getYValue(s, item);
            if (!Double.isNaN(value)) {
                total = total + value;
            }
        }
        return total;
    }",Type-3,"public interface Interface0 {
		double apply(int r, double total);
	}

	public static double calculateTotal(int rowCount, Interface0 arg0) {
		double total = 0.0;
		for (int r = 0; r < rowCount; r++) {
			total = arg0.apply(r, total);
		}
		return total;


    public static double calculateStackTotal(TableXYDataset dataset, int item) {
            int seriesCount = dataset.getSeriesCount();
    		return Utility.calculateTotal(seriesCount, (int s, double total) -> {
    			double value = dataset.getYValue(s, item);
    			if (!Double.isNaN(value)) {
    				total = total + value;
    			}
    			return total;
    		});

        public static double calculateColumnTotal(Values2D data, int column) {
              int rowCount = data.getRowCount();
      		return Utility.calculateTotal(rowCount, (int r, double total) -> {
      			Number n = data.getValue(r, column);
      			if (n != null) {
      				total += n.doubleValue();
      			}
      			return total;
      		});
          }"
"public static double calculateRowTotal(Values2D data, int row) {
        double total = 0.0;
        int columnCount = data.getColumnCount();
        for (int c = 0; c < columnCount; c++) {
            Number n = data.getValue(row, c);
            if (n != null) {
                total += n.doubleValue();   
            }
        }
        return total;
    }","public static double calculateStackTotal(TableXYDataset dataset, int item) {
        double total = 0.0;
        int seriesCount = dataset.getSeriesCount();
        for (int s = 0; s < seriesCount; s++) {
            double value = dataset.getYValue(s, item);
            if (!Double.isNaN(value)) {
                total = total + value;
            }
        }
        return total;
    }",Type-3,"public interface Interface0 {
		double apply(int c, double total);
	}

	public static double calculateTotal(int columnCount, Interface0 arg0) {
		double total = 0.0;
		for (int c = 0; c < columnCount; c++) {
			total = arg0.apply(c, total);
		}
		return total;
	}


  public static double calculateStackTotal(TableXYDataset dataset, int item) {
          int seriesCount = dataset.getSeriesCount();
  		return Utility.calculateTotal(seriesCount, (int s, double total) -> {
  			double value = dataset.getYValue(s, item);
  			if (!Double.isNaN(value)) {
  				total = total + value;
  			}
  			return total;
  		});
      }

      public static double calculateRowTotal(Values2D data, int row) {
            int columnCount = data.getColumnCount();
    		return Utility.calculateTotal(columnCount, (int c, double total) -> {
    			Number n = data.getValue(row, c);
    			if (n != null) {
    				total += n.doubleValue();
    			}
    			return total;
    		});
        }"
"if (orientation == PlotOrientation.VERTICAL) {
                    left.moveTo(transX1, transStack1);
                    left.lineTo(transX1, transY1);
                    left.lineTo(transXLeft, transStackLeft);
            	}
            	else {
                    left.moveTo(transStack1, transX1);
                    left.lineTo(transY1, transX1);
                    left.lineTo(transStackLeft, transXLeft);
            	}
                left.closePath();","if (orientation == PlotOrientation.VERTICAL) {
                    right.moveTo(transX1, transStack1);
                    right.lineTo(transX1, transY1);
                    right.lineTo(transXRight, transStackRight);
            	}
            	else {
                    right.moveTo(transStack1, transX1);
                    right.lineTo(transY1, transX1);
                    right.lineTo(transStackRight, transXRight);
            	}
                right.closePath();",Type-3,"""public static JFreeChart createStackedBarChart(String title,
                                                   String domainAxisLabel,
                                                   String rangeAxisLabel,
                                                   CategoryDataset dataset,
                                                   PlotOrientation orientation,
                                                   boolean legend,
                                                   boolean tooltips,
                                                   boolean urls) {

        if (orientation == null) {
            throw new IllegalArgumentException(""""Null 'orientation' argument."""");
        }

        CategoryAxis categoryAxis = new CategoryAxis(domainAxisLabel);
        ValueAxis valueAxis = new NumberAxis(rangeAxisLabel);

        StackedBarRenderer renderer = new StackedBarRenderer();
        if (tooltips) {
            renderer.setBaseToolTipGenerator(
                    new StandardCategoryToolTipGenerator());
        }
        if (urls) {
            renderer.setBaseItemURLGenerator(
                    new StandardCategoryURLGenerator());
        }

        CategoryPlot plot = new CategoryPlot(dataset, categoryAxis, valueAxis, 
                renderer);
        plot.setOrientation(orientation);
        JFreeChart chart = new JFreeChart(title, JFreeChart.DEFAULT_TITLE_FONT,
                plot, legend);

        return chart;

    }""	""public static JFreeChart createAreaChart(String title,
                                             String categoryAxisLabel,
                                             String valueAxisLabel,
                                             CategoryDataset dataset,
                                             PlotOrientation orientation,
                                             boolean legend,
                                             boolean tooltips,
                                             boolean urls) {

        if (orientation == null) {
            throw new IllegalArgumentException(""""Null 'orientation' argument."""");
        }
        CategoryAxis categoryAxis = new CategoryAxis(categoryAxisLabel);
        categoryAxis.setCategoryMargin(0.0);

        ValueAxis valueAxis = new NumberAxis(valueAxisLabel);

        AreaRenderer renderer = new AreaRenderer();
        if (tooltips) {
            renderer.setBaseToolTipGenerator(
                    new StandardCategoryToolTipGenerator());
        }
        if (urls) {
            renderer.setBaseItemURLGenerator(
                    new StandardCategoryURLGenerator());
        }

        CategoryPlot plot = new CategoryPlot(dataset, categoryAxis, valueAxis, 
                renderer);
        plot.setOrientation(orientation);
        JFreeChart chart = new JFreeChart(title, JFreeChart.DEFAULT_TITLE_FONT,
                plot, legend);

        return chart;

    }""	Type-3	""private static JFreeChart createsBarChart(PlotOrientation orientation, String domainAxisLabel,
			String rangeAxisLabel, boolean tooltips, boolean urls, CategoryDataset dataset, String title,
			boolean legend, Consumer<CategoryAxis> arg0, Supplier<AbstractCategoryItemRenderer> arg1) {
		if (orientation == null) {
			throw new IllegalArgumentException(""""Null 'orientation' argument."""");
		}
		CategoryAxis categoryAxis = new CategoryAxis(domainAxisLabel);
		arg0.accept(categoryAxis);
		ValueAxis valueAxis = new NumberAxis(rangeAxisLabel);
		AbstractCategoryItemRenderer renderer = arg1.get();
		if (tooltips) {
			renderer.setBaseToolTipGenerator(new StandardCategoryToolTipGenerator());
		}
		if (urls) {
			renderer.setBaseItemURLGenerator(new StandardCategoryURLGenerator());
		}
		CategoryPlot plot = new CategoryPlot(dataset, categoryAxis, valueAxis, renderer);
		plot.setOrientation(orientation);
		JFreeChart chart = new JFreeChart(title, JFreeChart.DEFAULT_TITLE_FONT, plot, legend);
		return chart;
	}

public static JFreeChart createStackedBarChart(String title,
                                                   String domainAxisLabel,
                                                   String rangeAxisLabel,
                                                   CategoryDataset dataset,
                                                   PlotOrientation orientation,
                                                   boolean legend,
                                                   boolean tooltips,
                                                   boolean urls) {

        return createsBarChart(orientation, domainAxisLabel, rangeAxisLabel,
															tooltips, urls, dataset, title, legend,
															(CategoryAxis categoryAxis) -> {
															}, () -> new StackedBarRenderer());

    }

public static JFreeChart createAreaChart(String title,
                                             String categoryAxisLabel,
                                             String valueAxisLabel,
                                             CategoryDataset dataset,
                                             PlotOrientation orientation,
                                             boolean legend,
                                             boolean tooltips,
                                             boolean urls) {

        return createsBarChart(orientation, categoryAxisLabel, valueAxisLabel,
														tooltips, urls, dataset, title, legend,
														(CategoryAxis categoryAxis) -> {
															categoryAxis.setCategoryMargin(0.0);
														}, () -> new AreaRenderer());

    }""
""public static JFreeChart createAreaChart(String title,
                                             String categoryAxisLabel,
                                             String valueAxisLabel,
                                             CategoryDataset dataset,
                                             PlotOrientation orientation,
                                             boolean legend,
                                             boolean tooltips,
                                             boolean urls) {

        if (orientation == null) {
            throw new IllegalArgumentException(""""Null 'orientation' argument."""");
        }
        CategoryAxis categoryAxis = new CategoryAxis(categoryAxisLabel);
        categoryAxis.setCategoryMargin(0.0);

        ValueAxis valueAxis = new NumberAxis(valueAxisLabel);

        AreaRenderer renderer = new AreaRenderer();
        if (tooltips) {
            renderer.setBaseToolTipGenerator(
                    new StandardCategoryToolTipGenerator());
        }
        if (urls) {
            renderer.setBaseItemURLGenerator(
                    new StandardCategoryURLGenerator());
        }

        CategoryPlot plot = new CategoryPlot(dataset, categoryAxis, valueAxis, 
                renderer);
        plot.setOrientation(orientation);
        JFreeChart chart = new JFreeChart(title, JFreeChart.DEFAULT_TITLE_FONT,
                plot, legend);

        return chart;

    }""	""public static JFreeChart createStackedAreaChart(String title,
                                                    String categoryAxisLabel,
                                                    String valueAxisLabel,
                                                    CategoryDataset dataset,
                                                    PlotOrientation orientation,
                                                    boolean legend,
                                                    boolean tooltips,
                                                    boolean urls) {

        if (orientation == null) {
            throw new IllegalArgumentException(""""Null 'orientation' argument."""");
        }
        CategoryAxis categoryAxis = new CategoryAxis(categoryAxisLabel);
        ValueAxis valueAxis = new NumberAxis(valueAxisLabel);

        StackedAreaRenderer renderer = new StackedAreaRenderer();
        if (tooltips) {
            renderer.setBaseToolTipGenerator(
                    new StandardCategoryToolTipGenerator());
        }
        if (urls) {
            renderer.setBaseItemURLGenerator(
                    new StandardCategoryURLGenerator());
        }

        CategoryPlot plot = new CategoryPlot(dataset, categoryAxis, valueAxis, 
                renderer);
        plot.setOrientation(orientation);
        JFreeChart chart = new JFreeChart(title, JFreeChart.DEFAULT_TITLE_FONT, 
                plot, legend);

        return chart;

    }""	Type-3	""private static JFreeChart createChart(PlotOrientation orientation, String categoryAxisLabel, String valueAxisLabel,
			boolean tooltips, boolean urls, CategoryDataset dataset, String title, boolean legend,
			Consumer<CategoryAxis> arg0, Supplier<AreaRenderer> arg1) {
		if (orientation == null) {
			throw new IllegalArgumentException(""""Null 'orientation' argument."""");
		}
		CategoryAxis categoryAxis = new CategoryAxis(categoryAxisLabel);
		arg0.accept(categoryAxis);
		ValueAxis valueAxis = new NumberAxis(valueAxisLabel);
		AreaRenderer renderer = arg1.get();
		if (tooltips) {
			renderer.setBaseToolTipGenerator(new StandardCategoryToolTipGenerator());
		}
		if (urls) {
			renderer.setBaseItemURLGenerator(new StandardCategoryURLGenerator());
		}
		CategoryPlot plot = new CategoryPlot(dataset, categoryAxis, valueAxis, renderer);
		plot.setOrientation(orientation);
		JFreeChart chart = new JFreeChart(title, JFreeChart.DEFAULT_TITLE_FONT, plot, legend);
		return chart;
	}

public static JFreeChart createStackedAreaChart(String title,
                                                    String categoryAxisLabel,
                                                    String valueAxisLabel,
                                                    CategoryDataset dataset,
                                                    PlotOrientation orientation,
                                                    boolean legend,
                                                    boolean tooltips,
                                                    boolean urls) {

        return createChart(orientation, categoryAxisLabel,
																valueAxisLabel, tooltips, urls, dataset, title, legend,
																(CategoryAxis categoryAxis) -> {
																}, () -> new StackedAreaRenderer());

    }

    public static JFreeChart createAreaChart(String title,
                                                 String categoryAxisLabel,
                                                 String valueAxisLabel,
                                                 CategoryDataset dataset,
                                                 PlotOrientation orientation,
                                                 boolean legend,
                                                 boolean tooltips,
                                                 boolean urls) {

            return createChart(orientation, categoryAxisLabel, valueAxisLabel,
    														tooltips, urls, dataset, title, legend,
    														(CategoryAxis categoryAxis) -> {
    															categoryAxis.setCategoryMargin(0.0);
    														}, () -> new AreaRenderer());

        }""
""public static JFreeChart createAreaChart(String title,
                                             String categoryAxisLabel,
                                             String valueAxisLabel,
                                             CategoryDataset dataset,
                                             PlotOrientation orientation,
                                             boolean legend,
                                             boolean tooltips,
                                             boolean urls) {

        if (orientation == null) {
            throw new IllegalArgumentException(""""Null 'orientation' argument."""");
        }
        CategoryAxis categoryAxis = new CategoryAxis(categoryAxisLabel);
        categoryAxis.setCategoryMargin(0.0);

        ValueAxis valueAxis = new NumberAxis(valueAxisLabel);

        AreaRenderer renderer = new AreaRenderer();
        if (tooltips) {
            renderer.setBaseToolTipGenerator(
                    new StandardCategoryToolTipGenerator());
        }
        if (urls) {
            renderer.setBaseItemURLGenerator(
                    new StandardCategoryURLGenerator());
        }

        CategoryPlot plot = new CategoryPlot(dataset, categoryAxis, valueAxis, 
                renderer);
        plot.setOrientation(orientation);
        JFreeChart chart = new JFreeChart(title, JFreeChart.DEFAULT_TITLE_FONT,
                plot, legend);

        return chart;

    }""	""public static JFreeChart createLineChart3D(String title,
                                               String categoryAxisLabel,
                                               String valueAxisLabel,
                                               CategoryDataset dataset,
                                               PlotOrientation orientation,
                                               boolean legend,
                                               boolean tooltips,
                                               boolean urls) {

        if (orientation == null) {
            throw new IllegalArgumentException(""""Null 'orientation' argument."""");
        }
        CategoryAxis categoryAxis = new CategoryAxis3D(categoryAxisLabel);
        ValueAxis valueAxis = new NumberAxis3D(valueAxisLabel);

        LineRenderer3D renderer = new LineRenderer3D();
        if (tooltips) {
            renderer.setBaseToolTipGenerator(
                    new StandardCategoryToolTipGenerator());
        }
        if (urls) {
            renderer.setBaseItemURLGenerator(
                    new StandardCategoryURLGenerator());
        }
        CategoryPlot plot = new CategoryPlot(dataset, categoryAxis, valueAxis, 
                renderer);
        plot.setOrientation(orientation);
        JFreeChart chart = new JFreeChart(title, JFreeChart.DEFAULT_TITLE_FONT,
                plot, legend);

        return chart;

    }""	Type-3	""private static JFreeChart createChart(PlotOrientation orientation, String categoryAxisLabel, String valueAxisLabel,
			boolean tooltips, boolean urls, CategoryDataset dataset, String title, boolean legend,
			Supplier<CategoryAxis> arg0, Consumer<CategoryAxis> arg1, Supplier<NumberAxis> arg2,
			Supplier<AbstractCategoryItemRenderer> arg3) {
		if (orientation == null) {
			throw new IllegalArgumentException(""""Null 'orientation' argument."""");
		}
		CategoryAxis categoryAxis = arg0.get();
		arg1.accept(categoryAxis);
		ValueAxis valueAxis = arg2.get();
		AbstractCategoryItemRenderer renderer = arg3.get();
		if (tooltips) {
			renderer.setBaseToolTipGenerator(new StandardCategoryToolTipGenerator());
		}
		if (urls) {
			renderer.setBaseItemURLGenerator(new StandardCategoryURLGenerator());
		}
		CategoryPlot plot = new CategoryPlot(dataset, categoryAxis, valueAxis, renderer);
		plot.setOrientation(orientation);
		JFreeChart chart = new JFreeChart(title, JFreeChart.DEFAULT_TITLE_FONT, plot, legend);
		return chart;
	}

public static JFreeChart createAreaChart(String title,
                                             String categoryAxisLabel,
                                             String valueAxisLabel,
                                             CategoryDataset dataset,
                                             PlotOrientation orientation,
                                             boolean legend,
                                             boolean tooltips,
                                             boolean urls) {

        return createChart(orientation, categoryAxisLabel, valueAxisLabel,
														tooltips, urls, dataset, title, legend,
														() -> new CategoryAxis(categoryAxisLabel),
														(CategoryAxis categoryAxis) -> {
															categoryAxis.setCategoryMargin(0.0);
														}, () -> new NumberAxis(valueAxisLabel),
														() -> new AreaRenderer());

    }

public static JFreeChart createLineChart3D(String title,
                                               String categoryAxisLabel,
                                               String valueAxisLabel,
                                               CategoryDataset dataset,
                                               PlotOrientation orientation,
                                               boolean legend,
                                               boolean tooltips,
                                               boolean urls) {

        return createChart(orientation, categoryAxisLabel, valueAxisLabel,
														tooltips, urls, dataset, title, legend,
														() -> new CategoryAxis3D(categoryAxisLabel),
														(CategoryAxis categoryAxis) -> {
														}, () -> new NumberAxis3D(valueAxisLabel),
														() -> new LineRenderer3D());

    }""
""public static JFreeChart createAreaChart(String title,
                                             String categoryAxisLabel,
                                             String valueAxisLabel,
                                             CategoryDataset dataset,
                                             PlotOrientation orientation,
                                             boolean legend,
                                             boolean tooltips,
                                             boolean urls) {

        if (orientation == null) {
            throw new IllegalArgumentException(""""Null 'orientation' argument."""");
        }
        CategoryAxis categoryAxis = new CategoryAxis(categoryAxisLabel);
        categoryAxis.setCategoryMargin(0.0);

        ValueAxis valueAxis = new NumberAxis(valueAxisLabel);

        AreaRenderer renderer = new AreaRenderer();
        if (tooltips) {
            renderer.setBaseToolTipGenerator(
                    new StandardCategoryToolTipGenerator());
        }
        if (urls) {
            renderer.setBaseItemURLGenerator(
                    new StandardCategoryURLGenerator());
        }

        CategoryPlot plot = new CategoryPlot(dataset, categoryAxis, valueAxis, 
                renderer);
        plot.setOrientation(orientation);
        JFreeChart chart = new JFreeChart(title, JFreeChart.DEFAULT_TITLE_FONT,
                plot, legend);

        return chart;

    }""	""public static JFreeChart createLineChart(String title,
                                             String categoryAxisLabel,
                                             String valueAxisLabel,
                                             CategoryDataset dataset,
                                             PlotOrientation orientation,
                                             boolean legend,
                                             boolean tooltips,
                                             boolean urls) {

        if (orientation == null) {
            throw new IllegalArgumentException(""""Null 'orientation' argument."""");
        }
        CategoryAxis categoryAxis = new CategoryAxis(categoryAxisLabel);
        ValueAxis valueAxis = new NumberAxis(valueAxisLabel);

        LineAndShapeRenderer renderer = new LineAndShapeRenderer(true, false);
        if (tooltips) {
            renderer.setBaseToolTipGenerator(
                    new StandardCategoryToolTipGenerator());
        }
        if (urls) {
            renderer.setBaseItemURLGenerator(
                    new StandardCategoryURLGenerator());
        }
        CategoryPlot plot = new CategoryPlot(dataset, categoryAxis, valueAxis, 
                renderer);
        plot.setOrientation(orientation);
        JFreeChart chart = new JFreeChart(title, JFreeChart.DEFAULT_TITLE_FONT,
                plot, legend);

        return chart;

    }""	Type-3	""private static JFreeChart createChart(PlotOrientation orientation, String categoryAxisLabel, String valueAxisLabel,
			boolean tooltips, boolean urls, CategoryDataset dataset, String title, boolean legend,
			Consumer<CategoryAxis> arg0, Supplier<AbstractCategoryItemRenderer> arg1) {
		if (orientation == null) {
			throw new IllegalArgumentException(""""Null 'orientation' argument."""");
		}
		CategoryAxis categoryAxis = new CategoryAxis(categoryAxisLabel);
		arg0.accept(categoryAxis);
		ValueAxis valueAxis = new NumberAxis(valueAxisLabel);
		AbstractCategoryItemRenderer renderer = arg1.get();
		if (tooltips) {
			renderer.setBaseToolTipGenerator(new StandardCategoryToolTipGenerator());
		}
		if (urls) {
			renderer.setBaseItemURLGenerator(new StandardCategoryURLGenerator());
		}
		CategoryPlot plot = new CategoryPlot(dataset, categoryAxis, valueAxis, renderer);
		plot.setOrientation(orientation);
		JFreeChart chart = new JFreeChart(title, JFreeChart.DEFAULT_TITLE_FONT, plot, legend);
		return chart;
	}

public static JFreeChart createAreaChart(String title,
                                             String categoryAxisLabel,
                                             String valueAxisLabel,
                                             CategoryDataset dataset,
                                             PlotOrientation orientation,
                                             boolean legend,
                                             boolean tooltips,
                                             boolean urls) {

        return createChart(orientation, categoryAxisLabel, valueAxisLabel,
														tooltips, urls, dataset, title, legend,
														(CategoryAxis categoryAxis) -> {
															categoryAxis.setCategoryMargin(0.0);
														}, () -> new AreaRenderer());

    }

public static JFreeChart createLineChart(String title,
                                             String categoryAxisLabel,
                                             String valueAxisLabel,
                                             CategoryDataset dataset,
                                             PlotOrientation orientation,
                                             boolean legend,
                                             boolean tooltips,
                                             boolean urls) {

        return createChart(orientation, categoryAxisLabel, valueAxisLabel,
														tooltips, urls, dataset, title, legend,
														(CategoryAxis categoryAxis) -> {
														}, () -> new LineAndShapeRenderer(true, false));

    }""
""public static JFreeChart createPieChart(String title,
                                            PieDataset dataset,
                                            boolean legend,
                                            boolean tooltips,
                                            boolean urls) {

        PiePlot plot = new PiePlot(dataset);
        plot.setLabelGenerator(new StandardPieSectionLabelGenerator());
        plot.setInsets(new RectangleInsets(0.0, 5.0, 5.0, 5.0));
        if (tooltips) {
            plot.setToolTipGenerator(new StandardPieToolTipGenerator());
        }
        if (urls) {
            plot.setURLGenerator(new StandardPieURLGenerator());
        }
        return new JFreeChart(title, JFreeChart.DEFAULT_TITLE_FONT, plot, 
                legend);

    }""	""public static JFreeChart createPieChart3D(String title,
                                              PieDataset dataset,
                                              boolean legend,
                                              boolean tooltips,
                                              boolean urls) {

        PiePlot3D plot = new PiePlot3D(dataset);
        plot.setInsets(new RectangleInsets(0.0, 5.0, 5.0, 5.0));
        if (tooltips) {
            plot.setToolTipGenerator(new StandardPieToolTipGenerator());
        }
        if (urls) {
            plot.setURLGenerator(new StandardPieURLGenerator());
        }
        return new JFreeChart(title, JFreeChart.DEFAULT_TITLE_FONT, plot, 
                legend);

    }""	Type-3	""private static JFreeChart createChart(PieDataset dataset, boolean tooltips, boolean urls, String title,
			boolean legend, Supplier<PiePlot> arg0) {
		PiePlot plot = arg0.get();
		plot.setInsets(new RectangleInsets(0.0, 5.0, 5.0, 5.0));
		if (tooltips) {
			plot.setToolTipGenerator(new StandardPieToolTipGenerator());
		}
		if (urls) {
			plot.setURLGenerator(new StandardPieURLGenerator());
		}
		return new JFreeChart(title, JFreeChart.DEFAULT_TITLE_FONT, plot, legend);
	}

public static JFreeChart createPieChart(String title,
                                            PieDataset dataset,
                                            boolean legend,
                                            boolean tooltips,
                                            boolean urls) {

        return createChart(dataset, tooltips, urls, title, legend, () -> {
													PiePlot plot = new PiePlot(dataset);
													plot.setLabelGenerator(new StandardPieSectionLabelGenerator());
													return plot;
												});

    }

public static JFreeChart createPieChart3D(String title,
                                              PieDataset dataset,
                                              boolean legend,
                                              boolean tooltips,
                                              boolean urls) {

        return createChart(dataset, tooltips, urls, title, legend, () -> {
													PiePlot3D plot = new PiePlot3D(dataset);
													return plot;
												});

    }"""
"public static JFreeChart createScatterPlot(String title, String xAxisLabel,
            String yAxisLabel, XYDataset dataset, PlotOrientation orientation,
            boolean legend, boolean tooltips, boolean urls) {

        if (orientation == null) {
            throw new IllegalArgumentException(""Null 'orientation' argument."");
        }
        NumberAxis xAxis = new NumberAxis(xAxisLabel);
        xAxis.setAutoRangeIncludesZero(false);
        NumberAxis yAxis = new NumberAxis(yAxisLabel);
        yAxis.setAutoRangeIncludesZero(false);

        XYPlot plot = new XYPlot(dataset, xAxis, yAxis, null);

        XYToolTipGenerator toolTipGenerator = null;
        if (tooltips) {
            toolTipGenerator = new StandardXYToolTipGenerator();
        }

        XYURLGenerator urlGenerator = null;
        if (urls) {
            urlGenerator = new StandardXYURLGenerator();
        }
        XYItemRenderer renderer = new XYLineAndShapeRenderer(false, true);
        renderer.setBaseToolTipGenerator(toolTipGenerator);
        renderer.setURLGenerator(urlGenerator);
        plot.setRenderer(renderer);
        plot.setOrientation(orientation);

        JFreeChart chart = new JFreeChart(title, JFreeChart.DEFAULT_TITLE_FONT,
                plot, legend);
        return chart;

    }","public static JFreeChart createXYStepChart(String title,
                                               String xAxisLabel,
                                               String yAxisLabel,
                                               XYDataset dataset,
                                               PlotOrientation orientation,
                                               boolean legend,
                                               boolean tooltips,
                                               boolean urls) {

        if (orientation == null) {
            throw new IllegalArgumentException(""Null 'orientation' argument."");
        }
        DateAxis xAxis = new DateAxis(xAxisLabel);
        NumberAxis yAxis = new NumberAxis(yAxisLabel);
        yAxis.setStandardTickUnits(NumberAxis.createIntegerTickUnits());

        XYToolTipGenerator toolTipGenerator = null;
        if (tooltips) {
            toolTipGenerator = new StandardXYToolTipGenerator();
        }

        XYURLGenerator urlGenerator = null;
        if (urls) {
            urlGenerator = new StandardXYURLGenerator();
        }
        XYItemRenderer renderer 
            = new XYStepRenderer(toolTipGenerator, urlGenerator);

        XYPlot plot = new XYPlot(dataset, xAxis, yAxis, null);
        plot.setRenderer(renderer);
        plot.setOrientation(orientation);
        plot.setDomainCrosshairVisible(false);
        plot.setRangeCrosshairVisible(false);
        JFreeChart chart = new JFreeChart(title, JFreeChart.DEFAULT_TITLE_FONT,
                plot, legend);
        return chart;

    }",Type-3,"private interface Interface2 {
		XYLineAndShapeRenderer apply(XYToolTipGenerator toolTipGenerator, XYURLGenerator urlGenerator);
	}

	@FunctionalInterface
	private interface Interface3 {
		void apply(XYItemRenderer renderer, XYToolTipGenerator toolTipGenerator, XYURLGenerator urlGenerator);
	}

	private static JFreeChart createPlot(PlotOrientation orientation, String xAxisLabel, String yAxisLabel,
			XYDataset dataset, boolean tooltips, boolean urls, String title, boolean legend, Supplier<ValueAxis> arg0,
			Consumer<NumberAxis> arg1, Interface2 arg2, Interface3 arg3, Consumer<XYPlot> arg4) {
		if (orientation == null) {
			throw new IllegalArgumentException(""Null 'orientation' argument."");
		}
		ValueAxis xAxis = arg0.get();
		NumberAxis yAxis = new NumberAxis(yAxisLabel);
		arg1.accept(yAxis);
		XYPlot plot = new XYPlot(dataset, xAxis, yAxis, null);
		XYToolTipGenerator toolTipGenerator = null;
		if (tooltips) {
			toolTipGenerator = new StandardXYToolTipGenerator();
		}
		XYURLGenerator urlGenerator = null;
		if (urls) {
			urlGenerator = new StandardXYURLGenerator();
		}
		XYItemRenderer renderer = arg2.apply(toolTipGenerator, urlGenerator);
		arg3.apply(renderer, toolTipGenerator, urlGenerator);
		plot.setRenderer(renderer);
		plot.setOrientation(orientation);
		arg4.accept(plot);
		JFreeChart chart = new JFreeChart(title, JFreeChart.DEFAULT_TITLE_FONT, plot, legend);
		return chart;
	}

public static JFreeChart createScatterPlot(String title, String xAxisLabel,
            String yAxisLabel, XYDataset dataset, PlotOrientation orientation,
            boolean legend, boolean tooltips, boolean urls) {

        return createPlot(orientation, xAxisLabel, yAxisLabel, dataset, tooltips, urls, title, legend, () -> {
					NumberAxis xAxis = new NumberAxis(xAxisLabel);
					xAxis.setAutoRangeIncludesZero(false);
					return xAxis;
				}, (NumberAxis yAxis) -> {
					yAxis.setAutoRangeIncludesZero(false);
				}, (XYToolTipGenerator toolTipGenerator,
						XYURLGenerator urlGenerator) -> new XYLineAndShapeRenderer(false, true),
						(XYItemRenderer renderer, XYToolTipGenerator toolTipGenerator, XYURLGenerator urlGenerator) -> {
							renderer.setBaseToolTipGenerator(toolTipGenerator);
							renderer.setURLGenerator(urlGenerator);
						}, (XYPlot plot) -> {
						});

    }

public static JFreeChart createXYStepChart(String title,
                                               String xAxisLabel,
                                               String yAxisLabel,
                                               XYDataset dataset,
                                               PlotOrientation orientation,
                                               boolean legend,
                                               boolean tooltips,
                                               boolean urls) {

        return createPlot(orientation, xAxisLabel, yAxisLabel, dataset,
														tooltips, urls, title, legend, () -> {
															DateAxis xAxis = new DateAxis(xAxisLabel);
															return xAxis;
														}, (NumberAxis yAxis) -> {
															yAxis.setStandardTickUnits(
																	NumberAxis.createIntegerTickUnits());
														},
														(XYToolTipGenerator toolTipGenerator,
																XYURLGenerator urlGenerator) -> new XYStepRenderer(
																		toolTipGenerator, urlGenerator),
														(XYItemRenderer renderer, XYToolTipGenerator toolTipGenerator,
																XYURLGenerator urlGenerator) -> {
														}, (XYPlot plot) -> {
															plot.setDomainCrosshairVisible(false);
															plot.setRangeCrosshairVisible(false);
														});

    }"
"public static JFreeChart createScatterPlot(String title, String xAxisLabel,
            String yAxisLabel, XYDataset dataset, PlotOrientation orientation,
            boolean legend, boolean tooltips, boolean urls) {

        if (orientation == null) {
            throw new IllegalArgumentException(""Null 'orientation' argument."");
        }
        NumberAxis xAxis = new NumberAxis(xAxisLabel);
        xAxis.setAutoRangeIncludesZero(false);
        NumberAxis yAxis = new NumberAxis(yAxisLabel);
        yAxis.setAutoRangeIncludesZero(false);

        XYPlot plot = new XYPlot(dataset, xAxis, yAxis, null);

        XYToolTipGenerator toolTipGenerator = null;
        if (tooltips) {
            toolTipGenerator = new StandardXYToolTipGenerator();
        }

        XYURLGenerator urlGenerator = null;
        if (urls) {
            urlGenerator = new StandardXYURLGenerator();
        }
        XYItemRenderer renderer = new XYLineAndShapeRenderer(false, true);
        renderer.setBaseToolTipGenerator(toolTipGenerator);
        renderer.setURLGenerator(urlGenerator);
        plot.setRenderer(renderer);
        plot.setOrientation(orientation);

        JFreeChart chart = new JFreeChart(title, JFreeChart.DEFAULT_TITLE_FONT,
                plot, legend);
        return chart;

    }","public static JFreeChart createXYStepAreaChart(String title,
                                                   String xAxisLabel,
                                                   String yAxisLabel,
                                                   XYDataset dataset,
                                                   PlotOrientation orientation,
                                                   boolean legend,
                                                   boolean tooltips,
                                                   boolean urls) {

        if (orientation == null) {
            throw new IllegalArgumentException(""Null 'orientation' argument."");
        }
        NumberAxis xAxis = new NumberAxis(xAxisLabel);
        xAxis.setAutoRangeIncludesZero(false);
        NumberAxis yAxis = new NumberAxis(yAxisLabel);

        XYToolTipGenerator toolTipGenerator = null;
        if (tooltips) {
            toolTipGenerator = new StandardXYToolTipGenerator();
        }

        XYURLGenerator urlGenerator = null;
        if (urls) {
            urlGenerator = new StandardXYURLGenerator();
        }
        XYItemRenderer renderer = new XYStepAreaRenderer(
                XYStepAreaRenderer.AREA_AND_SHAPES, toolTipGenerator, 
                urlGenerator);

        XYPlot plot = new XYPlot(dataset, xAxis, yAxis, null);
        plot.setRenderer(renderer);
        plot.setOrientation(orientation);
        plot.setDomainCrosshairVisible(false);
        plot.setRangeCrosshairVisible(false);
        JFreeChart chart = new JFreeChart(title, JFreeChart.DEFAULT_TITLE_FONT,
                plot, legend);
        return chart;
    }",Type-3,"private interface Interface1 {
		AbstractXYItemRenderer apply(XYToolTipGenerator toolTipGenerator, XYURLGenerator urlGenerator);
	}

	@FunctionalInterface
	private interface Interface2 {
		void apply(XYItemRenderer renderer, XYToolTipGenerator toolTipGenerator, XYURLGenerator urlGenerator);
	}

	private static JFreeChart createPlot(PlotOrientation orientation, String xAxisLabel, String yAxisLabel,
			XYDataset dataset, boolean tooltips, boolean urls, String title, boolean legend, Consumer<NumberAxis> arg0,
			Interface1 arg1, Interface2 arg2, Consumer<XYPlot> arg3) {
		if (orientation == null) {
			throw new IllegalArgumentException(""Null 'orientation' argument."");
		}
		NumberAxis xAxis = new NumberAxis(xAxisLabel);
		xAxis.setAutoRangeIncludesZero(false);
		NumberAxis yAxis = new NumberAxis(yAxisLabel);
		arg0.accept(yAxis);
		XYPlot plot = new XYPlot(dataset, xAxis, yAxis, null);
		XYToolTipGenerator toolTipGenerator = null;
		if (tooltips) {
			toolTipGenerator = new StandardXYToolTipGenerator();
		}
		XYURLGenerator urlGenerator = null;
		if (urls) {
			urlGenerator = new StandardXYURLGenerator();
		}
		XYItemRenderer renderer = arg1.apply(toolTipGenerator, urlGenerator);
		arg2.apply(renderer, toolTipGenerator, urlGenerator);
		plot.setRenderer(renderer);
		plot.setOrientation(orientation);
		arg3.accept(plot);
		JFreeChart chart = new JFreeChart(title, JFreeChart.DEFAULT_TITLE_FONT, plot, legend);
		return chart;
	}

public static JFreeChart createScatterPlot(String title, String xAxisLabel,
            String yAxisLabel, XYDataset dataset, PlotOrientation orientation,
            boolean legend, boolean tooltips, boolean urls) {

        return createPlot(orientation, xAxisLabel, yAxisLabel, dataset, tooltips, urls, title, legend,
						(NumberAxis yAxis) -> {
							yAxis.setAutoRangeIncludesZero(false);
						},
						(XYToolTipGenerator toolTipGenerator,
								XYURLGenerator urlGenerator) -> new XYLineAndShapeRenderer(false, true),
						(XYItemRenderer renderer, XYToolTipGenerator toolTipGenerator, XYURLGenerator urlGenerator) -> {
							renderer.setBaseToolTipGenerator(toolTipGenerator);
							renderer.setURLGenerator(urlGenerator);
						}, (XYPlot plot) -> {
						});

    }

public static JFreeChart createXYStepAreaChart(String title,
                                                   String xAxisLabel,
                                                   String yAxisLabel,
                                                   XYDataset dataset,
                                                   PlotOrientation orientation,
                                                   boolean legend,
                                                   boolean tooltips,
                                                   boolean urls) {

        return createPlot(orientation, xAxisLabel, yAxisLabel, dataset,
															tooltips, urls, title, legend, (NumberAxis yAxis) -> {
															},
															(XYToolTipGenerator toolTipGenerator,
																	XYURLGenerator urlGenerator) -> new XYStepAreaRenderer(
																			XYStepAreaRenderer.AREA_AND_SHAPES,
																			toolTipGenerator, urlGenerator),
															(XYItemRenderer renderer,
																	XYToolTipGenerator toolTipGenerator,
																	XYURLGenerator urlGenerator) -> {
															}, (XYPlot plot) -> {
																plot.setDomainCrosshairVisible(false);
																plot.setRangeCrosshairVisible(false);
															});
    }"
"public static JFreeChart createStackedBarChart(String title,
                                                   String domainAxisLabel,
                                                   String rangeAxisLabel,
                                                   CategoryDataset dataset,
                                                   PlotOrientation orientation,
                                                   boolean legend,
                                                   boolean tooltips,
                                                   boolean urls) {

        if (orientation == null) {
            throw new IllegalArgumentException(""Null 'orientation' argument."");
        }

        CategoryAxis categoryAxis = new CategoryAxis(domainAxisLabel);
        ValueAxis valueAxis = new NumberAxis(rangeAxisLabel);

        StackedBarRenderer renderer = new StackedBarRenderer();
        if (tooltips) {
            renderer.setBaseToolTipGenerator(
                    new StandardCategoryToolTipGenerator());
        }
        if (urls) {
            renderer.setBaseItemURLGenerator(
                    new StandardCategoryURLGenerator());
        }

        CategoryPlot plot = new CategoryPlot(dataset, categoryAxis, valueAxis, 
                renderer);
        plot.setOrientation(orientation);
        JFreeChart chart = new JFreeChart(title, JFreeChart.DEFAULT_TITLE_FONT,
                plot, legend);

        return chart;

    }","public static JFreeChart createAreaChart(String title,
                                             String categoryAxisLabel,
                                             String valueAxisLabel,
                                             CategoryDataset dataset,
                                             PlotOrientation orientation,
                                             boolean legend,
                                             boolean tooltips,
                                             boolean urls) {

        if (orientation == null) {
            throw new IllegalArgumentException(""Null 'orientation' argument."");
        }
        CategoryAxis categoryAxis = new CategoryAxis(categoryAxisLabel);
        categoryAxis.setCategoryMargin(0.0);

        ValueAxis valueAxis = new NumberAxis(valueAxisLabel);

        AreaRenderer renderer = new AreaRenderer();
        if (tooltips) {
            renderer.setBaseToolTipGenerator(
                    new StandardCategoryToolTipGenerator());
        }
        if (urls) {
            renderer.setBaseItemURLGenerator(
                    new StandardCategoryURLGenerator());
        }

        CategoryPlot plot = new CategoryPlot(dataset, categoryAxis, valueAxis, 
                renderer);
        plot.setOrientation(orientation);
        JFreeChart chart = new JFreeChart(title, JFreeChart.DEFAULT_TITLE_FONT,
                plot, legend);

        return chart;

    }",Type-3,"private static JFreeChart createsBarChart(PlotOrientation orientation, String domainAxisLabel,
			String rangeAxisLabel, boolean tooltips, boolean urls, CategoryDataset dataset, String title,
			boolean legend, Consumer<CategoryAxis> arg0, Supplier<AbstractCategoryItemRenderer> arg1) {
		if (orientation == null) {
			throw new IllegalArgumentException(""Null 'orientation' argument."");
		}
		CategoryAxis categoryAxis = new CategoryAxis(domainAxisLabel);
		arg0.accept(categoryAxis);
		ValueAxis valueAxis = new NumberAxis(rangeAxisLabel);
		AbstractCategoryItemRenderer renderer = arg1.get();
		if (tooltips) {
			renderer.setBaseToolTipGenerator(new StandardCategoryToolTipGenerator());
		}
		if (urls) {
			renderer.setBaseItemURLGenerator(new StandardCategoryURLGenerator());
		}
		CategoryPlot plot = new CategoryPlot(dataset, categoryAxis, valueAxis, renderer);
		plot.setOrientation(orientation);
		JFreeChart chart = new JFreeChart(title, JFreeChart.DEFAULT_TITLE_FONT, plot, legend);
		return chart;
	}

public static JFreeChart createStackedBarChart(String title,
                                                   String domainAxisLabel,
                                                   String rangeAxisLabel,
                                                   CategoryDataset dataset,
                                                   PlotOrientation orientation,
                                                   boolean legend,
                                                   boolean tooltips,
                                                   boolean urls) {

        return createsBarChart(orientation, domainAxisLabel, rangeAxisLabel,
															tooltips, urls, dataset, title, legend,
															(CategoryAxis categoryAxis) -> {
															}, () -> new StackedBarRenderer());

    }

public static JFreeChart createAreaChart(String title,
                                             String categoryAxisLabel,
                                             String valueAxisLabel,
                                             CategoryDataset dataset,
                                             PlotOrientation orientation,
                                             boolean legend,
                                             boolean tooltips,
                                             boolean urls) {

        return createsBarChart(orientation, categoryAxisLabel, valueAxisLabel,
														tooltips, urls, dataset, title, legend,
														(CategoryAxis categoryAxis) -> {
															categoryAxis.setCategoryMargin(0.0);
														}, () -> new AreaRenderer());

    }"
"public static JFreeChart createAreaChart(String title,
                                             String categoryAxisLabel,
                                             String valueAxisLabel,
                                             CategoryDataset dataset,
                                             PlotOrientation orientation,
                                             boolean legend,
                                             boolean tooltips,
                                             boolean urls) {

        if (orientation == null) {
            throw new IllegalArgumentException(""Null 'orientation' argument."");
        }
        CategoryAxis categoryAxis = new CategoryAxis(categoryAxisLabel);
        categoryAxis.setCategoryMargin(0.0);

        ValueAxis valueAxis = new NumberAxis(valueAxisLabel);

        AreaRenderer renderer = new AreaRenderer();
        if (tooltips) {
            renderer.setBaseToolTipGenerator(
                    new StandardCategoryToolTipGenerator());
        }
        if (urls) {
            renderer.setBaseItemURLGenerator(
                    new StandardCategoryURLGenerator());
        }

        CategoryPlot plot = new CategoryPlot(dataset, categoryAxis, valueAxis, 
                renderer);
        plot.setOrientation(orientation);
        JFreeChart chart = new JFreeChart(title, JFreeChart.DEFAULT_TITLE_FONT,
                plot, legend);

        return chart;

    }","public static JFreeChart createStackedAreaChart(String title,
                                                    String categoryAxisLabel,
                                                    String valueAxisLabel,
                                                    CategoryDataset dataset,
                                                    PlotOrientation orientation,
                                                    boolean legend,
                                                    boolean tooltips,
                                                    boolean urls) {

        if (orientation == null) {
            throw new IllegalArgumentException(""Null 'orientation' argument."");
        }
        CategoryAxis categoryAxis = new CategoryAxis(categoryAxisLabel);
        ValueAxis valueAxis = new NumberAxis(valueAxisLabel);

        StackedAreaRenderer renderer = new StackedAreaRenderer();
        if (tooltips) {
            renderer.setBaseToolTipGenerator(
                    new StandardCategoryToolTipGenerator());
        }
        if (urls) {
            renderer.setBaseItemURLGenerator(
                    new StandardCategoryURLGenerator());
        }

        CategoryPlot plot = new CategoryPlot(dataset, categoryAxis, valueAxis, 
                renderer);
        plot.setOrientation(orientation);
        JFreeChart chart = new JFreeChart(title, JFreeChart.DEFAULT_TITLE_FONT, 
                plot, legend);

        return chart;

    }",Type-3,"private static JFreeChart createChart(PlotOrientation orientation, String categoryAxisLabel, String valueAxisLabel,
			boolean tooltips, boolean urls, CategoryDataset dataset, String title, boolean legend,
			Consumer<CategoryAxis> arg0, Supplier<AreaRenderer> arg1) {
		if (orientation == null) {
			throw new IllegalArgumentException(""Null 'orientation' argument."");
		}
		CategoryAxis categoryAxis = new CategoryAxis(categoryAxisLabel);
		arg0.accept(categoryAxis);
		ValueAxis valueAxis = new NumberAxis(valueAxisLabel);
		AreaRenderer renderer = arg1.get();
		if (tooltips) {
			renderer.setBaseToolTipGenerator(new StandardCategoryToolTipGenerator());
		}
		if (urls) {
			renderer.setBaseItemURLGenerator(new StandardCategoryURLGenerator());
		}
		CategoryPlot plot = new CategoryPlot(dataset, categoryAxis, valueAxis, renderer);
		plot.setOrientation(orientation);
		JFreeChart chart = new JFreeChart(title, JFreeChart.DEFAULT_TITLE_FONT, plot, legend);
		return chart;
	}

public static JFreeChart createStackedAreaChart(String title,
                                                    String categoryAxisLabel,
                                                    String valueAxisLabel,
                                                    CategoryDataset dataset,
                                                    PlotOrientation orientation,
                                                    boolean legend,
                                                    boolean tooltips,
                                                    boolean urls) {

        return createChart(orientation, categoryAxisLabel,
																valueAxisLabel, tooltips, urls, dataset, title, legend,
																(CategoryAxis categoryAxis) -> {
																}, () -> new StackedAreaRenderer());

    }

    public static JFreeChart createAreaChart(String title,
                                                 String categoryAxisLabel,
                                                 String valueAxisLabel,
                                                 CategoryDataset dataset,
                                                 PlotOrientation orientation,
                                                 boolean legend,
                                                 boolean tooltips,
                                                 boolean urls) {

            return createChart(orientation, categoryAxisLabel, valueAxisLabel,
    														tooltips, urls, dataset, title, legend,
    														(CategoryAxis categoryAxis) -> {
    															categoryAxis.setCategoryMargin(0.0);
    														}, () -> new AreaRenderer());

        }"
"public static JFreeChart createAreaChart(String title,
                                             String categoryAxisLabel,
                                             String valueAxisLabel,
                                             CategoryDataset dataset,
                                             PlotOrientation orientation,
                                             boolean legend,
                                             boolean tooltips,
                                             boolean urls) {

        if (orientation == null) {
            throw new IllegalArgumentException(""Null 'orientation' argument."");
        }
        CategoryAxis categoryAxis = new CategoryAxis(categoryAxisLabel);
        categoryAxis.setCategoryMargin(0.0);

        ValueAxis valueAxis = new NumberAxis(valueAxisLabel);

        AreaRenderer renderer = new AreaRenderer();
        if (tooltips) {
            renderer.setBaseToolTipGenerator(
                    new StandardCategoryToolTipGenerator());
        }
        if (urls) {
            renderer.setBaseItemURLGenerator(
                    new StandardCategoryURLGenerator());
        }

        CategoryPlot plot = new CategoryPlot(dataset, categoryAxis, valueAxis, 
                renderer);
        plot.setOrientation(orientation);
        JFreeChart chart = new JFreeChart(title, JFreeChart.DEFAULT_TITLE_FONT,
                plot, legend);

        return chart;

    }","public static JFreeChart createLineChart3D(String title,
                                               String categoryAxisLabel,
                                               String valueAxisLabel,
                                               CategoryDataset dataset,
                                               PlotOrientation orientation,
                                               boolean legend,
                                               boolean tooltips,
                                               boolean urls) {

        if (orientation == null) {
            throw new IllegalArgumentException(""Null 'orientation' argument."");
        }
        CategoryAxis categoryAxis = new CategoryAxis3D(categoryAxisLabel);
        ValueAxis valueAxis = new NumberAxis3D(valueAxisLabel);

        LineRenderer3D renderer = new LineRenderer3D();
        if (tooltips) {
            renderer.setBaseToolTipGenerator(
                    new StandardCategoryToolTipGenerator());
        }
        if (urls) {
            renderer.setBaseItemURLGenerator(
                    new StandardCategoryURLGenerator());
        }
        CategoryPlot plot = new CategoryPlot(dataset, categoryAxis, valueAxis, 
                renderer);
        plot.setOrientation(orientation);
        JFreeChart chart = new JFreeChart(title, JFreeChart.DEFAULT_TITLE_FONT,
                plot, legend);

        return chart;

    }",Type-3,"private static JFreeChart createChart(PlotOrientation orientation, String categoryAxisLabel, String valueAxisLabel,
			boolean tooltips, boolean urls, CategoryDataset dataset, String title, boolean legend,
			Supplier<CategoryAxis> arg0, Consumer<CategoryAxis> arg1, Supplier<NumberAxis> arg2,
			Supplier<AbstractCategoryItemRenderer> arg3) {
		if (orientation == null) {
			throw new IllegalArgumentException(""Null 'orientation' argument."");
		}
		CategoryAxis categoryAxis = arg0.get();
		arg1.accept(categoryAxis);
		ValueAxis valueAxis = arg2.get();
		AbstractCategoryItemRenderer renderer = arg3.get();
		if (tooltips) {
			renderer.setBaseToolTipGenerator(new StandardCategoryToolTipGenerator());
		}
		if (urls) {
			renderer.setBaseItemURLGenerator(new StandardCategoryURLGenerator());
		}
		CategoryPlot plot = new CategoryPlot(dataset, categoryAxis, valueAxis, renderer);
		plot.setOrientation(orientation);
		JFreeChart chart = new JFreeChart(title, JFreeChart.DEFAULT_TITLE_FONT, plot, legend);
		return chart;
	}

public static JFreeChart createAreaChart(String title,
                                             String categoryAxisLabel,
                                             String valueAxisLabel,
                                             CategoryDataset dataset,
                                             PlotOrientation orientation,
                                             boolean legend,
                                             boolean tooltips,
                                             boolean urls) {

        return createChart(orientation, categoryAxisLabel, valueAxisLabel,
														tooltips, urls, dataset, title, legend,
														() -> new CategoryAxis(categoryAxisLabel),
														(CategoryAxis categoryAxis) -> {
															categoryAxis.setCategoryMargin(0.0);
														}, () -> new NumberAxis(valueAxisLabel),
														() -> new AreaRenderer());

    }

public static JFreeChart createLineChart3D(String title,
                                               String categoryAxisLabel,
                                               String valueAxisLabel,
                                               CategoryDataset dataset,
                                               PlotOrientation orientation,
                                               boolean legend,
                                               boolean tooltips,
                                               boolean urls) {

        return createChart(orientation, categoryAxisLabel, valueAxisLabel,
														tooltips, urls, dataset, title, legend,
														() -> new CategoryAxis3D(categoryAxisLabel),
														(CategoryAxis categoryAxis) -> {
														}, () -> new NumberAxis3D(valueAxisLabel),
														() -> new LineRenderer3D());

    }"
"public static JFreeChart createAreaChart(String title,
                                             String categoryAxisLabel,
                                             String valueAxisLabel,
                                             CategoryDataset dataset,
                                             PlotOrientation orientation,
                                             boolean legend,
                                             boolean tooltips,
                                             boolean urls) {

        if (orientation == null) {
            throw new IllegalArgumentException(""Null 'orientation' argument."");
        }
        CategoryAxis categoryAxis = new CategoryAxis(categoryAxisLabel);
        categoryAxis.setCategoryMargin(0.0);

        ValueAxis valueAxis = new NumberAxis(valueAxisLabel);

        AreaRenderer renderer = new AreaRenderer();
        if (tooltips) {
            renderer.setBaseToolTipGenerator(
                    new StandardCategoryToolTipGenerator());
        }
        if (urls) {
            renderer.setBaseItemURLGenerator(
                    new StandardCategoryURLGenerator());
        }

        CategoryPlot plot = new CategoryPlot(dataset, categoryAxis, valueAxis, 
                renderer);
        plot.setOrientation(orientation);
        JFreeChart chart = new JFreeChart(title, JFreeChart.DEFAULT_TITLE_FONT,
                plot, legend);

        return chart;

    }","public static JFreeChart createLineChart(String title,
                                             String categoryAxisLabel,
                                             String valueAxisLabel,
                                             CategoryDataset dataset,
                                             PlotOrientation orientation,
                                             boolean legend,
                                             boolean tooltips,
                                             boolean urls) {

        if (orientation == null) {
            throw new IllegalArgumentException(""Null 'orientation' argument."");
        }
        CategoryAxis categoryAxis = new CategoryAxis(categoryAxisLabel);
        ValueAxis valueAxis = new NumberAxis(valueAxisLabel);

        LineAndShapeRenderer renderer = new LineAndShapeRenderer(true, false);
        if (tooltips) {
            renderer.setBaseToolTipGenerator(
                    new StandardCategoryToolTipGenerator());
        }
        if (urls) {
            renderer.setBaseItemURLGenerator(
                    new StandardCategoryURLGenerator());
        }
        CategoryPlot plot = new CategoryPlot(dataset, categoryAxis, valueAxis, 
                renderer);
        plot.setOrientation(orientation);
        JFreeChart chart = new JFreeChart(title, JFreeChart.DEFAULT_TITLE_FONT,
                plot, legend);

        return chart;

    }",Type-3,"private static JFreeChart createChart(PlotOrientation orientation, String categoryAxisLabel, String valueAxisLabel,
			boolean tooltips, boolean urls, CategoryDataset dataset, String title, boolean legend,
			Consumer<CategoryAxis> arg0, Supplier<AbstractCategoryItemRenderer> arg1) {
		if (orientation == null) {
			throw new IllegalArgumentException(""Null 'orientation' argument."");
		}
		CategoryAxis categoryAxis = new CategoryAxis(categoryAxisLabel);
		arg0.accept(categoryAxis);
		ValueAxis valueAxis = new NumberAxis(valueAxisLabel);
		AbstractCategoryItemRenderer renderer = arg1.get();
		if (tooltips) {
			renderer.setBaseToolTipGenerator(new StandardCategoryToolTipGenerator());
		}
		if (urls) {
			renderer.setBaseItemURLGenerator(new StandardCategoryURLGenerator());
		}
		CategoryPlot plot = new CategoryPlot(dataset, categoryAxis, valueAxis, renderer);
		plot.setOrientation(orientation);
		JFreeChart chart = new JFreeChart(title, JFreeChart.DEFAULT_TITLE_FONT, plot, legend);
		return chart;
	}

public static JFreeChart createAreaChart(String title,
                                             String categoryAxisLabel,
                                             String valueAxisLabel,
                                             CategoryDataset dataset,
                                             PlotOrientation orientation,
                                             boolean legend,
                                             boolean tooltips,
                                             boolean urls) {

        return createChart(orientation, categoryAxisLabel, valueAxisLabel,
														tooltips, urls, dataset, title, legend,
														(CategoryAxis categoryAxis) -> {
															categoryAxis.setCategoryMargin(0.0);
														}, () -> new AreaRenderer());

    }

public static JFreeChart createLineChart(String title,
                                             String categoryAxisLabel,
                                             String valueAxisLabel,
                                             CategoryDataset dataset,
                                             PlotOrientation orientation,
                                             boolean legend,
                                             boolean tooltips,
                                             boolean urls) {

        return createChart(orientation, categoryAxisLabel, valueAxisLabel,
														tooltips, urls, dataset, title, legend,
														(CategoryAxis categoryAxis) -> {
														}, () -> new LineAndShapeRenderer(true, false));

    }"
"public static JFreeChart createPieChart(String title,
                                            PieDataset dataset,
                                            boolean legend,
                                            boolean tooltips,
                                            boolean urls) {

        PiePlot plot = new PiePlot(dataset);
        plot.setLabelGenerator(new StandardPieSectionLabelGenerator());
        plot.setInsets(new RectangleInsets(0.0, 5.0, 5.0, 5.0));
        if (tooltips) {
            plot.setToolTipGenerator(new StandardPieToolTipGenerator());
        }
        if (urls) {
            plot.setURLGenerator(new StandardPieURLGenerator());
        }
        return new JFreeChart(title, JFreeChart.DEFAULT_TITLE_FONT, plot, 
                legend);

    }","public static JFreeChart createPieChart3D(String title,
                                              PieDataset dataset,
                                              boolean legend,
                                              boolean tooltips,
                                              boolean urls) {

        PiePlot3D plot = new PiePlot3D(dataset);
        plot.setInsets(new RectangleInsets(0.0, 5.0, 5.0, 5.0));
        if (tooltips) {
            plot.setToolTipGenerator(new StandardPieToolTipGenerator());
        }
        if (urls) {
            plot.setURLGenerator(new StandardPieURLGenerator());
        }
        return new JFreeChart(title, JFreeChart.DEFAULT_TITLE_FONT, plot, 
                legend);

    }",Type-3,"private static JFreeChart createChart(PieDataset dataset, boolean tooltips, boolean urls, String title,
			boolean legend, Supplier<PiePlot> arg0) {
		PiePlot plot = arg0.get();
		plot.setInsets(new RectangleInsets(0.0, 5.0, 5.0, 5.0));
		if (tooltips) {
			plot.setToolTipGenerator(new StandardPieToolTipGenerator());
		}
		if (urls) {
			plot.setURLGenerator(new StandardPieURLGenerator());
		}
		return new JFreeChart(title, JFreeChart.DEFAULT_TITLE_FONT, plot, legend);
	}

public static JFreeChart createPieChart(String title,
                                            PieDataset dataset,
                                            boolean legend,
                                            boolean tooltips,
                                            boolean urls) {

        return createChart(dataset, tooltips, urls, title, legend, () -> {
													PiePlot plot = new PiePlot(dataset);
													plot.setLabelGenerator(new StandardPieSectionLabelGenerator());
													return plot;
												});

    }

public static JFreeChart createPieChart3D(String title,
                                              PieDataset dataset,
                                              boolean legend,
                                              boolean tooltips,
                                              boolean urls) {

        return createChart(dataset, tooltips, urls, title, legend, () -> {
													PiePlot3D plot = new PiePlot3D(dataset);
													return plot;
												});

    }"
" public static JFreeChart createRingChart(String title,
                                             PieDataset dataset,
                                             boolean legend,
                                             boolean tooltips,
                                             boolean urls) {

        RingPlot plot = new RingPlot(dataset);
        plot.setLabelGenerator(new StandardPieSectionLabelGenerator());
        plot.setInsets(new RectangleInsets(0.0, 5.0, 5.0, 5.0));
        if (tooltips) {
            plot.setToolTipGenerator(new StandardPieToolTipGenerator());
        }
        if (urls) {
            plot.setURLGenerator(new StandardPieURLGenerator());
        }
        return new JFreeChart(title, JFreeChart.DEFAULT_TITLE_FONT, plot, 
                legend);

    }","public static JFreeChart createPieChart3D(String title,
                                              PieDataset dataset,
                                              boolean legend,
                                              boolean tooltips,
                                              boolean urls) {

        PiePlot3D plot = new PiePlot3D(dataset);
        plot.setInsets(new RectangleInsets(0.0, 5.0, 5.0, 5.0));
        if (tooltips) {
            plot.setToolTipGenerator(new StandardPieToolTipGenerator());
        }
        if (urls) {
            plot.setURLGenerator(new StandardPieURLGenerator());
        }
        return new JFreeChart(title, JFreeChart.DEFAULT_TITLE_FONT, plot, 
                legend);

    }",Type-3,"private static JFreeChart createChart(PieDataset dataset, boolean tooltips, boolean urls, String title,
			boolean legend, Supplier<PiePlot> arg0) {
		PiePlot plot = arg0.get();
		plot.setInsets(new RectangleInsets(0.0, 5.0, 5.0, 5.0));
		if (tooltips) {
			plot.setToolTipGenerator(new StandardPieToolTipGenerator());
		}
		if (urls) {
			plot.setURLGenerator(new StandardPieURLGenerator());
		}
		return new JFreeChart(title, JFreeChart.DEFAULT_TITLE_FONT, plot, legend);
	}

public static JFreeChart createPieChart3D(String title,
                                              PieDataset dataset,
                                              boolean legend,
                                              boolean tooltips,
                                              boolean urls) {

        return createChart(dataset, tooltips, urls, title, legend, () -> {
													PiePlot3D plot = new PiePlot3D(dataset);
													return plot;
												});

    }

    public static JFreeChart createRingChart(String title, PieDataset dataset,
                boolean legend, boolean tooltips, Locale locale) {

            RingPlot plot = new RingPlot(dataset);
            plot.setLabelGenerator(new StandardPieSectionLabelGenerator(locale));
            plot.setInsets(new RectangleInsets(0.0, 5.0, 5.0, 5.0));
            if (tooltips) {
                plot.setToolTipGenerator(new StandardPieToolTipGenerator(locale));
            }
            return new JFreeChart(title, JFreeChart.DEFAULT_TITLE_FONT, plot, 
                    legend);

        }"
"public void draw(Graphics2D g2,
                     Rectangle2D area,
                     Point2D anchor,
                     PlotState parentState,
                     PlotRenderingInfo info) {

        // set up info collection...
        if (info != null) {
            info.setPlotArea(area);
        }

        // adjust the drawing area for plot insets (if any)...
        RectangleInsets insets = getInsets();
        insets.trim(area);

        setFixedRangeAxisSpaceForSubplots(null);
        AxisSpace space = calculateAxisSpace(g2, area);
        Rectangle2D dataArea = space.shrink(area, null);

        // set the width and height of non-shared axis of all sub-plots
        setFixedRangeAxisSpaceForSubplots(space);

        // draw the shared axis
        ValueAxis axis = getDomainAxis();
        RectangleEdge edge = getDomainAxisEdge();
        double cursor = RectangleEdge.coordinate(dataArea, edge);
        AxisState axisState = axis.draw(g2, cursor, area, dataArea, edge, info);
        if (parentState == null) {
            parentState = new PlotState();
        }
        parentState.getSharedAxisStates().put(axis, axisState);

        // draw all the subplots
        for (int i = 0; i < this.subplots.size(); i++) {
            XYPlot plot = (XYPlot) this.subplots.get(i);
            PlotRenderingInfo subplotInfo = null;
            if (info != null) {
                subplotInfo = new PlotRenderingInfo(info.getOwner());
                info.addSubplotInfo(subplotInfo);
            }
            plot.draw(g2, this.subplotAreas[i], anchor, parentState,
                    subplotInfo);
        }

        if (info != null) {
            info.setDataArea(dataArea);
        }

    }","public void draw(Graphics2D g2, Rectangle2D area, Point2D anchor,
                     PlotState parentState,
                     PlotRenderingInfo info) {

        // set up info collection...
        if (info != null) {
            info.setPlotArea(area);
        }

        // adjust the drawing area for plot insets (if any)...
        RectangleInsets insets = getInsets();
        insets.trim(area);

        // calculate the data area...
        AxisSpace space = calculateAxisSpace(g2, area);
        Rectangle2D dataArea = space.shrink(area, null);

        // set the width and height of non-shared axis of all sub-plots
        setFixedDomainAxisSpaceForSubplots(space);

        // draw the shared axis
        ValueAxis axis = getRangeAxis();
        RectangleEdge rangeEdge = getRangeAxisEdge();
        double cursor = RectangleEdge.coordinate(dataArea, rangeEdge);
        AxisState state = axis.draw(g2, cursor, area, dataArea, rangeEdge, 
                info);
        if (parentState == null) {
            parentState = new PlotState();
        }
        parentState.getSharedAxisStates().put(axis, state);
        
        // draw all the charts
        for (int i = 0; i < this.subplots.size(); i++) {
            CategoryPlot plot = (CategoryPlot) this.subplots.get(i);
            PlotRenderingInfo subplotInfo = null;
            if (info != null) {
                subplotInfo = new PlotRenderingInfo(info.getOwner());
                info.addSubplotInfo(subplotInfo);
            }
            plot.draw(g2, this.subplotArea[i], null, parentState, subplotInfo);
        }

        if (info != null) {
            info.setDataArea(dataArea);
        }

    }",Type-3,"protected interface Interface0 {
		void apply();
	}

	protected void drawExtracted(PlotRenderingInfo info, Rectangle2D area, Graphics2D g2, PlotState parentState,
			Interface0 arg0, Consumer<AxisSpace> arg1, ValueAxis arg2, RectangleEdge arg3, Function<Integer, Plot> arg4,
			Supplier<Rectangle2D[]> arg5, Point2D arg6, List thisSubplots) {
		if (info != null) {
			info.setPlotArea(area);
		}
		RectangleInsets insets = getInsets();
		insets.trim(area);
		arg0.apply();
		AxisSpace space = calculateAxisSpace(g2, area);
		Rectangle2D dataArea = space.shrink(area, null);
		arg1.accept(space);
		ValueAxis axis = arg2;
		RectangleEdge edge = arg3;
		double cursor = RectangleEdge.coordinate(dataArea, edge);
		AxisState axisState = axis.draw(g2, cursor, area, dataArea, edge, info);
		if (parentState == null) {
			parentState = new PlotState();
		}
		parentState.getSharedAxisStates().put(axis, axisState);
		for (int i = 0; i < thisSubplots.size(); i++) {
			Plot plot = arg4.apply(i);
			PlotRenderingInfo subplotInfo = null;
			if (info != null) {
				subplotInfo = new PlotRenderingInfo(info.getOwner());
				info.addSubplotInfo(subplotInfo);
			}
			plot.draw(g2, arg5.get()[i], arg6, parentState, subplotInfo);
		}
		if (info != null) {
			info.setDataArea(dataArea);
		}
	}

public void draw(Graphics2D g2, Rectangle2D area, Point2D anchor,
                       PlotState parentState,
                       PlotRenderingInfo info) {

          drawExtracted(info, area, g2, parentState, () -> {
  						}, (AxisSpace space) -> {
  							setFixedDomainAxisSpaceForSubplots(space);
  						}, getRangeAxis(), getRangeAxisEdge(), (Integer i) -> (CategoryPlot) this.subplots.get((int) i),
  								() -> this.subplotArea, null, this.subplots);

      }

public void draw(Graphics2D g2,
                           Rectangle2D area,
                           Point2D anchor,
                           PlotState parentState,
                           PlotRenderingInfo info) {

              drawExtracted(info, area, g2, parentState, () -> {
      							setFixedRangeAxisSpaceForSubplots(null);
      						}, (AxisSpace space) -> {
      							setFixedRangeAxisSpaceForSubplots(space);
      						}, getDomainAxis(), getDomainAxisEdge(), (Integer i) -> (XYPlot) this.subplots.get((int) i),
      								() -> this.subplotAreas, anchor, this.subplots);

          }
"
"public static JFreeChart createScatterPlot(String title, String xAxisLabel,
            String yAxisLabel, XYDataset dataset, PlotOrientation orientation,
            boolean legend, boolean tooltips, boolean urls) {

        if (orientation == null) {
            throw new IllegalArgumentException(""Null 'orientation' argument."");
        }
        NumberAxis xAxis = new NumberAxis(xAxisLabel);
        xAxis.setAutoRangeIncludesZero(false);
        NumberAxis yAxis = new NumberAxis(yAxisLabel);
        yAxis.setAutoRangeIncludesZero(false);

        XYPlot plot = new XYPlot(dataset, xAxis, yAxis, null);

        XYToolTipGenerator toolTipGenerator = null;
        if (tooltips) {
            toolTipGenerator = new StandardXYToolTipGenerator();
        }

        XYURLGenerator urlGenerator = null;
        if (urls) {
            urlGenerator = new StandardXYURLGenerator();
        }
        XYItemRenderer renderer = new XYLineAndShapeRenderer(false, true);
        renderer.setBaseToolTipGenerator(toolTipGenerator);
        renderer.setURLGenerator(urlGenerator);
        plot.setRenderer(renderer);
        plot.setOrientation(orientation);

        JFreeChart chart = new JFreeChart(title, JFreeChart.DEFAULT_TITLE_FONT,
                plot, legend);
        return chart;

    }","public static JFreeChart createXYStepChart(String title,
                                               String xAxisLabel,
                                               String yAxisLabel,
                                               XYDataset dataset,
                                               PlotOrientation orientation,
                                               boolean legend,
                                               boolean tooltips,
                                               boolean urls) {

        if (orientation == null) {
            throw new IllegalArgumentException(""Null 'orientation' argument."");
        }
        DateAxis xAxis = new DateAxis(xAxisLabel);
        NumberAxis yAxis = new NumberAxis(yAxisLabel);
        yAxis.setStandardTickUnits(NumberAxis.createIntegerTickUnits());

        XYToolTipGenerator toolTipGenerator = null;
        if (tooltips) {
            toolTipGenerator = new StandardXYToolTipGenerator();
        }

        XYURLGenerator urlGenerator = null;
        if (urls) {
            urlGenerator = new StandardXYURLGenerator();
        }
        XYItemRenderer renderer 
            = new XYStepRenderer(toolTipGenerator, urlGenerator);

        XYPlot plot = new XYPlot(dataset, xAxis, yAxis, null);
        plot.setRenderer(renderer);
        plot.setOrientation(orientation);
        plot.setDomainCrosshairVisible(false);
        plot.setRangeCrosshairVisible(false);
        JFreeChart chart = new JFreeChart(title, JFreeChart.DEFAULT_TITLE_FONT,
                plot, legend);
        return chart;

    }",Type-3,"private interface Interface2 {
		XYLineAndShapeRenderer apply(XYToolTipGenerator toolTipGenerator, XYURLGenerator urlGenerator);
	}

	@FunctionalInterface
	private interface Interface3 {
		void apply(XYItemRenderer renderer, XYToolTipGenerator toolTipGenerator, XYURLGenerator urlGenerator);
	}

	private static JFreeChart createPlot(PlotOrientation orientation, String xAxisLabel, String yAxisLabel,
			XYDataset dataset, boolean tooltips, boolean urls, String title, boolean legend, Supplier<ValueAxis> arg0,
			Consumer<NumberAxis> arg1, Interface2 arg2, Interface3 arg3, Consumer<XYPlot> arg4) {
		if (orientation == null) {
			throw new IllegalArgumentException(""Null 'orientation' argument."");
		}
		ValueAxis xAxis = arg0.get();
		NumberAxis yAxis = new NumberAxis(yAxisLabel);
		arg1.accept(yAxis);
		XYPlot plot = new XYPlot(dataset, xAxis, yAxis, null);
		XYToolTipGenerator toolTipGenerator = null;
		if (tooltips) {
			toolTipGenerator = new StandardXYToolTipGenerator();
		}
		XYURLGenerator urlGenerator = null;
		if (urls) {
			urlGenerator = new StandardXYURLGenerator();
		}
		XYItemRenderer renderer = arg2.apply(toolTipGenerator, urlGenerator);
		arg3.apply(renderer, toolTipGenerator, urlGenerator);
		plot.setRenderer(renderer);
		plot.setOrientation(orientation);
		arg4.accept(plot);
		JFreeChart chart = new JFreeChart(title, JFreeChart.DEFAULT_TITLE_FONT, plot, legend);
		return chart;
	}

public static JFreeChart createScatterPlot(String title, String xAxisLabel,
            String yAxisLabel, XYDataset dataset, PlotOrientation orientation,
            boolean legend, boolean tooltips, boolean urls) {

        return createPlot(orientation, xAxisLabel, yAxisLabel, dataset, tooltips, urls, title, legend, () -> {
					NumberAxis xAxis = new NumberAxis(xAxisLabel);
					xAxis.setAutoRangeIncludesZero(false);
					return xAxis;
				}, (NumberAxis yAxis) -> {
					yAxis.setAutoRangeIncludesZero(false);
				}, (XYToolTipGenerator toolTipGenerator,
						XYURLGenerator urlGenerator) -> new XYLineAndShapeRenderer(false, true),
						(XYItemRenderer renderer, XYToolTipGenerator toolTipGenerator, XYURLGenerator urlGenerator) -> {
							renderer.setBaseToolTipGenerator(toolTipGenerator);
							renderer.setURLGenerator(urlGenerator);
						}, (XYPlot plot) -> {
						});

    }

public static JFreeChart createXYStepChart(String title,
                                               String xAxisLabel,
                                               String yAxisLabel,
                                               XYDataset dataset,
                                               PlotOrientation orientation,
                                               boolean legend,
                                               boolean tooltips,
                                               boolean urls) {

        return createPlot(orientation, xAxisLabel, yAxisLabel, dataset,
														tooltips, urls, title, legend, () -> {
															DateAxis xAxis = new DateAxis(xAxisLabel);
															return xAxis;
														}, (NumberAxis yAxis) -> {
															yAxis.setStandardTickUnits(
																	NumberAxis.createIntegerTickUnits());
														},
														(XYToolTipGenerator toolTipGenerator,
																XYURLGenerator urlGenerator) -> new XYStepRenderer(
																		toolTipGenerator, urlGenerator),
														(XYItemRenderer renderer, XYToolTipGenerator toolTipGenerator,
																XYURLGenerator urlGenerator) -> {
														}, (XYPlot plot) -> {
															plot.setDomainCrosshairVisible(false);
															plot.setRangeCrosshairVisible(false);
														});

    }"
"public static JFreeChart createScatterPlot(String title, String xAxisLabel,
            String yAxisLabel, XYDataset dataset, PlotOrientation orientation,
            boolean legend, boolean tooltips, boolean urls) {

        if (orientation == null) {
            throw new IllegalArgumentException(""Null 'orientation' argument."");
        }
        NumberAxis xAxis = new NumberAxis(xAxisLabel);
        xAxis.setAutoRangeIncludesZero(false);
        NumberAxis yAxis = new NumberAxis(yAxisLabel);
        yAxis.setAutoRangeIncludesZero(false);

        XYPlot plot = new XYPlot(dataset, xAxis, yAxis, null);

        XYToolTipGenerator toolTipGenerator = null;
        if (tooltips) {
            toolTipGenerator = new StandardXYToolTipGenerator();
        }

        XYURLGenerator urlGenerator = null;
        if (urls) {
            urlGenerator = new StandardXYURLGenerator();
        }
        XYItemRenderer renderer = new XYLineAndShapeRenderer(false, true);
        renderer.setBaseToolTipGenerator(toolTipGenerator);
        renderer.setURLGenerator(urlGenerator);
        plot.setRenderer(renderer);
        plot.setOrientation(orientation);

        JFreeChart chart = new JFreeChart(title, JFreeChart.DEFAULT_TITLE_FONT,
                plot, legend);
        return chart;

    }","public static JFreeChart createXYStepAreaChart(String title,
                                                   String xAxisLabel,
                                                   String yAxisLabel,
                                                   XYDataset dataset,
                                                   PlotOrientation orientation,
                                                   boolean legend,
                                                   boolean tooltips,
                                                   boolean urls) {

        if (orientation == null) {
            throw new IllegalArgumentException(""Null 'orientation' argument."");
        }
        NumberAxis xAxis = new NumberAxis(xAxisLabel);
        xAxis.setAutoRangeIncludesZero(false);
        NumberAxis yAxis = new NumberAxis(yAxisLabel);

        XYToolTipGenerator toolTipGenerator = null;
        if (tooltips) {
            toolTipGenerator = new StandardXYToolTipGenerator();
        }

        XYURLGenerator urlGenerator = null;
        if (urls) {
            urlGenerator = new StandardXYURLGenerator();
        }
        XYItemRenderer renderer = new XYStepAreaRenderer(
                XYStepAreaRenderer.AREA_AND_SHAPES, toolTipGenerator, 
                urlGenerator);

        XYPlot plot = new XYPlot(dataset, xAxis, yAxis, null);
        plot.setRenderer(renderer);
        plot.setOrientation(orientation);
        plot.setDomainCrosshairVisible(false);
        plot.setRangeCrosshairVisible(false);
        JFreeChart chart = new JFreeChart(title, JFreeChart.DEFAULT_TITLE_FONT,
                plot, legend);
        return chart;
    }",Type-3,"private interface Interface1 {
		AbstractXYItemRenderer apply(XYToolTipGenerator toolTipGenerator, XYURLGenerator urlGenerator);
	}

	@FunctionalInterface
	private interface Interface2 {
		void apply(XYItemRenderer renderer, XYToolTipGenerator toolTipGenerator, XYURLGenerator urlGenerator);
	}

	private static JFreeChart createPlot(PlotOrientation orientation, String xAxisLabel, String yAxisLabel,
			XYDataset dataset, boolean tooltips, boolean urls, String title, boolean legend, Consumer<NumberAxis> arg0,
			Interface1 arg1, Interface2 arg2, Consumer<XYPlot> arg3) {
		if (orientation == null) {
			throw new IllegalArgumentException(""Null 'orientation' argument."");
		}
		NumberAxis xAxis = new NumberAxis(xAxisLabel);
		xAxis.setAutoRangeIncludesZero(false);
		NumberAxis yAxis = new NumberAxis(yAxisLabel);
		arg0.accept(yAxis);
		XYPlot plot = new XYPlot(dataset, xAxis, yAxis, null);
		XYToolTipGenerator toolTipGenerator = null;
		if (tooltips) {
			toolTipGenerator = new StandardXYToolTipGenerator();
		}
		XYURLGenerator urlGenerator = null;
		if (urls) {
			urlGenerator = new StandardXYURLGenerator();
		}
		XYItemRenderer renderer = arg1.apply(toolTipGenerator, urlGenerator);
		arg2.apply(renderer, toolTipGenerator, urlGenerator);
		plot.setRenderer(renderer);
		plot.setOrientation(orientation);
		arg3.accept(plot);
		JFreeChart chart = new JFreeChart(title, JFreeChart.DEFAULT_TITLE_FONT, plot, legend);
		return chart;
	}

public static JFreeChart createScatterPlot(String title, String xAxisLabel,
            String yAxisLabel, XYDataset dataset, PlotOrientation orientation,
            boolean legend, boolean tooltips, boolean urls) {

        return createPlot(orientation, xAxisLabel, yAxisLabel, dataset, tooltips, urls, title, legend,
						(NumberAxis yAxis) -> {
							yAxis.setAutoRangeIncludesZero(false);
						},
						(XYToolTipGenerator toolTipGenerator,
								XYURLGenerator urlGenerator) -> new XYLineAndShapeRenderer(false, true),
						(XYItemRenderer renderer, XYToolTipGenerator toolTipGenerator, XYURLGenerator urlGenerator) -> {
							renderer.setBaseToolTipGenerator(toolTipGenerator);
							renderer.setURLGenerator(urlGenerator);
						}, (XYPlot plot) -> {
						});

    }

public static JFreeChart createXYStepAreaChart(String title,
                                                   String xAxisLabel,
                                                   String yAxisLabel,
                                                   XYDataset dataset,
                                                   PlotOrientation orientation,
                                                   boolean legend,
                                                   boolean tooltips,
                                                   boolean urls) {

        return createPlot(orientation, xAxisLabel, yAxisLabel, dataset,
															tooltips, urls, title, legend, (NumberAxis yAxis) -> {
															},
															(XYToolTipGenerator toolTipGenerator,
																	XYURLGenerator urlGenerator) -> new XYStepAreaRenderer(
																			XYStepAreaRenderer.AREA_AND_SHAPES,
																			toolTipGenerator, urlGenerator),
															(XYItemRenderer renderer,
																	XYToolTipGenerator toolTipGenerator,
																	XYURLGenerator urlGenerator) -> {
															}, (XYPlot plot) -> {
																plot.setDomainCrosshairVisible(false);
																plot.setRangeCrosshairVisible(false);
															});
    }"
"public static JFreeChart createStackedBarChart(String title,
                                                   String domainAxisLabel,
                                                   String rangeAxisLabel,
                                                   CategoryDataset dataset,
                                                   PlotOrientation orientation,
                                                   boolean legend,
                                                   boolean tooltips,
                                                   boolean urls) {

        if (orientation == null) {
            throw new IllegalArgumentException(""Null 'orientation' argument."");
        }

        CategoryAxis categoryAxis = new CategoryAxis(domainAxisLabel);
        ValueAxis valueAxis = new NumberAxis(rangeAxisLabel);

        StackedBarRenderer renderer = new StackedBarRenderer();
        if (tooltips) {
            renderer.setBaseToolTipGenerator(
                    new StandardCategoryToolTipGenerator());
        }
        if (urls) {
            renderer.setBaseItemURLGenerator(
                    new StandardCategoryURLGenerator());
        }

        CategoryPlot plot = new CategoryPlot(dataset, categoryAxis, valueAxis, 
                renderer);
        plot.setOrientation(orientation);
        JFreeChart chart = new JFreeChart(title, JFreeChart.DEFAULT_TITLE_FONT,
                plot, legend);

        return chart;

    }","public static JFreeChart createAreaChart(String title,
                                             String categoryAxisLabel,
                                             String valueAxisLabel,
                                             CategoryDataset dataset,
                                             PlotOrientation orientation,
                                             boolean legend,
                                             boolean tooltips,
                                             boolean urls) {

        if (orientation == null) {
            throw new IllegalArgumentException(""Null 'orientation' argument."");
        }
        CategoryAxis categoryAxis = new CategoryAxis(categoryAxisLabel);
        categoryAxis.setCategoryMargin(0.0);

        ValueAxis valueAxis = new NumberAxis(valueAxisLabel);

        AreaRenderer renderer = new AreaRenderer();
        if (tooltips) {
            renderer.setBaseToolTipGenerator(
                    new StandardCategoryToolTipGenerator());
        }
        if (urls) {
            renderer.setBaseItemURLGenerator(
                    new StandardCategoryURLGenerator());
        }

        CategoryPlot plot = new CategoryPlot(dataset, categoryAxis, valueAxis, 
                renderer);
        plot.setOrientation(orientation);
        JFreeChart chart = new JFreeChart(title, JFreeChart.DEFAULT_TITLE_FONT,
                plot, legend);

        return chart;

    }",Type-3,"private static JFreeChart createsBarChart(PlotOrientation orientation, String domainAxisLabel,
			String rangeAxisLabel, boolean tooltips, boolean urls, CategoryDataset dataset, String title,
			boolean legend, Consumer<CategoryAxis> arg0, Supplier<AbstractCategoryItemRenderer> arg1) {
		if (orientation == null) {
			throw new IllegalArgumentException(""Null 'orientation' argument."");
		}
		CategoryAxis categoryAxis = new CategoryAxis(domainAxisLabel);
		arg0.accept(categoryAxis);
		ValueAxis valueAxis = new NumberAxis(rangeAxisLabel);
		AbstractCategoryItemRenderer renderer = arg1.get();
		if (tooltips) {
			renderer.setBaseToolTipGenerator(new StandardCategoryToolTipGenerator());
		}
		if (urls) {
			renderer.setBaseItemURLGenerator(new StandardCategoryURLGenerator());
		}
		CategoryPlot plot = new CategoryPlot(dataset, categoryAxis, valueAxis, renderer);
		plot.setOrientation(orientation);
		JFreeChart chart = new JFreeChart(title, JFreeChart.DEFAULT_TITLE_FONT, plot, legend);
		return chart;
	}

public static JFreeChart createStackedBarChart(String title,
                                                   String domainAxisLabel,
                                                   String rangeAxisLabel,
                                                   CategoryDataset dataset,
                                                   PlotOrientation orientation,
                                                   boolean legend,
                                                   boolean tooltips,
                                                   boolean urls) {

        return createsBarChart(orientation, domainAxisLabel, rangeAxisLabel,
															tooltips, urls, dataset, title, legend,
															(CategoryAxis categoryAxis) -> {
															}, () -> new StackedBarRenderer());

    }

public static JFreeChart createAreaChart(String title,
                                             String categoryAxisLabel,
                                             String valueAxisLabel,
                                             CategoryDataset dataset,
                                             PlotOrientation orientation,
                                             boolean legend,
                                             boolean tooltips,
                                             boolean urls) {

        return createsBarChart(orientation, categoryAxisLabel, valueAxisLabel,
														tooltips, urls, dataset, title, legend,
														(CategoryAxis categoryAxis) -> {
															categoryAxis.setCategoryMargin(0.0);
														}, () -> new AreaRenderer());

    }"
"public static JFreeChart createAreaChart(String title,
                                             String categoryAxisLabel,
                                             String valueAxisLabel,
                                             CategoryDataset dataset,
                                             PlotOrientation orientation,
                                             boolean legend,
                                             boolean tooltips,
                                             boolean urls) {

        if (orientation == null) {
            throw new IllegalArgumentException(""Null 'orientation' argument."");
        }
        CategoryAxis categoryAxis = new CategoryAxis(categoryAxisLabel);
        categoryAxis.setCategoryMargin(0.0);

        ValueAxis valueAxis = new NumberAxis(valueAxisLabel);

        AreaRenderer renderer = new AreaRenderer();
        if (tooltips) {
            renderer.setBaseToolTipGenerator(
                    new StandardCategoryToolTipGenerator());
        }
        if (urls) {
            renderer.setBaseItemURLGenerator(
                    new StandardCategoryURLGenerator());
        }

        CategoryPlot plot = new CategoryPlot(dataset, categoryAxis, valueAxis, 
                renderer);
        plot.setOrientation(orientation);
        JFreeChart chart = new JFreeChart(title, JFreeChart.DEFAULT_TITLE_FONT,
                plot, legend);

        return chart;

    }","public static JFreeChart createStackedAreaChart(String title,
                                                    String categoryAxisLabel,
                                                    String valueAxisLabel,
                                                    CategoryDataset dataset,
                                                    PlotOrientation orientation,
                                                    boolean legend,
                                                    boolean tooltips,
                                                    boolean urls) {

        if (orientation == null) {
            throw new IllegalArgumentException(""Null 'orientation' argument."");
        }
        CategoryAxis categoryAxis = new CategoryAxis(categoryAxisLabel);
        ValueAxis valueAxis = new NumberAxis(valueAxisLabel);

        StackedAreaRenderer renderer = new StackedAreaRenderer();
        if (tooltips) {
            renderer.setBaseToolTipGenerator(
                    new StandardCategoryToolTipGenerator());
        }
        if (urls) {
            renderer.setBaseItemURLGenerator(
                    new StandardCategoryURLGenerator());
        }

        CategoryPlot plot = new CategoryPlot(dataset, categoryAxis, valueAxis, 
                renderer);
        plot.setOrientation(orientation);
        JFreeChart chart = new JFreeChart(title, JFreeChart.DEFAULT_TITLE_FONT, 
                plot, legend);

        return chart;

    }",Type-3,"private static JFreeChart createChart(PlotOrientation orientation, String categoryAxisLabel, String valueAxisLabel,
			boolean tooltips, boolean urls, CategoryDataset dataset, String title, boolean legend,
			Consumer<CategoryAxis> arg0, Supplier<AreaRenderer> arg1) {
		if (orientation == null) {
			throw new IllegalArgumentException(""Null 'orientation' argument."");
		}
		CategoryAxis categoryAxis = new CategoryAxis(categoryAxisLabel);
		arg0.accept(categoryAxis);
		ValueAxis valueAxis = new NumberAxis(valueAxisLabel);
		AreaRenderer renderer = arg1.get();
		if (tooltips) {
			renderer.setBaseToolTipGenerator(new StandardCategoryToolTipGenerator());
		}
		if (urls) {
			renderer.setBaseItemURLGenerator(new StandardCategoryURLGenerator());
		}
		CategoryPlot plot = new CategoryPlot(dataset, categoryAxis, valueAxis, renderer);
		plot.setOrientation(orientation);
		JFreeChart chart = new JFreeChart(title, JFreeChart.DEFAULT_TITLE_FONT, plot, legend);
		return chart;
	}

public static JFreeChart createStackedAreaChart(String title,
                                                    String categoryAxisLabel,
                                                    String valueAxisLabel,
                                                    CategoryDataset dataset,
                                                    PlotOrientation orientation,
                                                    boolean legend,
                                                    boolean tooltips,
                                                    boolean urls) {

        return createChart(orientation, categoryAxisLabel,
																valueAxisLabel, tooltips, urls, dataset, title, legend,
																(CategoryAxis categoryAxis) -> {
																}, () -> new StackedAreaRenderer());

    }

    public static JFreeChart createAreaChart(String title,
                                                 String categoryAxisLabel,
                                                 String valueAxisLabel,
                                                 CategoryDataset dataset,
                                                 PlotOrientation orientation,
                                                 boolean legend,
                                                 boolean tooltips,
                                                 boolean urls) {

            return createChart(orientation, categoryAxisLabel, valueAxisLabel,
    														tooltips, urls, dataset, title, legend,
    														(CategoryAxis categoryAxis) -> {
    															categoryAxis.setCategoryMargin(0.0);
    														}, () -> new AreaRenderer());

        }"
"public static JFreeChart createAreaChart(String title,
                                             String categoryAxisLabel,
                                             String valueAxisLabel,
                                             CategoryDataset dataset,
                                             PlotOrientation orientation,
                                             boolean legend,
                                             boolean tooltips,
                                             boolean urls) {

        if (orientation == null) {
            throw new IllegalArgumentException(""Null 'orientation' argument."");
        }
        CategoryAxis categoryAxis = new CategoryAxis(categoryAxisLabel);
        categoryAxis.setCategoryMargin(0.0);

        ValueAxis valueAxis = new NumberAxis(valueAxisLabel);

        AreaRenderer renderer = new AreaRenderer();
        if (tooltips) {
            renderer.setBaseToolTipGenerator(
                    new StandardCategoryToolTipGenerator());
        }
        if (urls) {
            renderer.setBaseItemURLGenerator(
                    new StandardCategoryURLGenerator());
        }

        CategoryPlot plot = new CategoryPlot(dataset, categoryAxis, valueAxis, 
                renderer);
        plot.setOrientation(orientation);
        JFreeChart chart = new JFreeChart(title, JFreeChart.DEFAULT_TITLE_FONT,
                plot, legend);

        return chart;

    }","public static JFreeChart createLineChart3D(String title,
                                               String categoryAxisLabel,
                                               String valueAxisLabel,
                                               CategoryDataset dataset,
                                               PlotOrientation orientation,
                                               boolean legend,
                                               boolean tooltips,
                                               boolean urls) {

        if (orientation == null) {
            throw new IllegalArgumentException(""Null 'orientation' argument."");
        }
        CategoryAxis categoryAxis = new CategoryAxis3D(categoryAxisLabel);
        ValueAxis valueAxis = new NumberAxis3D(valueAxisLabel);

        LineRenderer3D renderer = new LineRenderer3D();
        if (tooltips) {
            renderer.setBaseToolTipGenerator(
                    new StandardCategoryToolTipGenerator());
        }
        if (urls) {
            renderer.setBaseItemURLGenerator(
                    new StandardCategoryURLGenerator());
        }
        CategoryPlot plot = new CategoryPlot(dataset, categoryAxis, valueAxis, 
                renderer);
        plot.setOrientation(orientation);
        JFreeChart chart = new JFreeChart(title, JFreeChart.DEFAULT_TITLE_FONT,
                plot, legend);

        return chart;

    }",Type-3,"private static JFreeChart createChart(PlotOrientation orientation, String categoryAxisLabel, String valueAxisLabel,
			boolean tooltips, boolean urls, CategoryDataset dataset, String title, boolean legend,
			Supplier<CategoryAxis> arg0, Consumer<CategoryAxis> arg1, Supplier<NumberAxis> arg2,
			Supplier<AbstractCategoryItemRenderer> arg3) {
		if (orientation == null) {
			throw new IllegalArgumentException(""Null 'orientation' argument."");
		}
		CategoryAxis categoryAxis = arg0.get();
		arg1.accept(categoryAxis);
		ValueAxis valueAxis = arg2.get();
		AbstractCategoryItemRenderer renderer = arg3.get();
		if (tooltips) {
			renderer.setBaseToolTipGenerator(new StandardCategoryToolTipGenerator());
		}
		if (urls) {
			renderer.setBaseItemURLGenerator(new StandardCategoryURLGenerator());
		}
		CategoryPlot plot = new CategoryPlot(dataset, categoryAxis, valueAxis, renderer);
		plot.setOrientation(orientation);
		JFreeChart chart = new JFreeChart(title, JFreeChart.DEFAULT_TITLE_FONT, plot, legend);
		return chart;
	}

public static JFreeChart createAreaChart(String title,
                                             String categoryAxisLabel,
                                             String valueAxisLabel,
                                             CategoryDataset dataset,
                                             PlotOrientation orientation,
                                             boolean legend,
                                             boolean tooltips,
                                             boolean urls) {

        return createChart(orientation, categoryAxisLabel, valueAxisLabel,
														tooltips, urls, dataset, title, legend,
														() -> new CategoryAxis(categoryAxisLabel),
														(CategoryAxis categoryAxis) -> {
															categoryAxis.setCategoryMargin(0.0);
														}, () -> new NumberAxis(valueAxisLabel),
														() -> new AreaRenderer());

    }

public static JFreeChart createLineChart3D(String title,
                                               String categoryAxisLabel,
                                               String valueAxisLabel,
                                               CategoryDataset dataset,
                                               PlotOrientation orientation,
                                               boolean legend,
                                               boolean tooltips,
                                               boolean urls) {

        return createChart(orientation, categoryAxisLabel, valueAxisLabel,
														tooltips, urls, dataset, title, legend,
														() -> new CategoryAxis3D(categoryAxisLabel),
														(CategoryAxis categoryAxis) -> {
														}, () -> new NumberAxis3D(valueAxisLabel),
														() -> new LineRenderer3D());

    }"
"public static JFreeChart createAreaChart(String title,
                                             String categoryAxisLabel,
                                             String valueAxisLabel,
                                             CategoryDataset dataset,
                                             PlotOrientation orientation,
                                             boolean legend,
                                             boolean tooltips,
                                             boolean urls) {

        if (orientation == null) {
            throw new IllegalArgumentException(""Null 'orientation' argument."");
        }
        CategoryAxis categoryAxis = new CategoryAxis(categoryAxisLabel);
        categoryAxis.setCategoryMargin(0.0);

        ValueAxis valueAxis = new NumberAxis(valueAxisLabel);

        AreaRenderer renderer = new AreaRenderer();
        if (tooltips) {
            renderer.setBaseToolTipGenerator(
                    new StandardCategoryToolTipGenerator());
        }
        if (urls) {
            renderer.setBaseItemURLGenerator(
                    new StandardCategoryURLGenerator());
        }

        CategoryPlot plot = new CategoryPlot(dataset, categoryAxis, valueAxis, 
                renderer);
        plot.setOrientation(orientation);
        JFreeChart chart = new JFreeChart(title, JFreeChart.DEFAULT_TITLE_FONT,
                plot, legend);

        return chart;

    }","public static JFreeChart createLineChart(String title,
                                             String categoryAxisLabel,
                                             String valueAxisLabel,
                                             CategoryDataset dataset,
                                             PlotOrientation orientation,
                                             boolean legend,
                                             boolean tooltips,
                                             boolean urls) {

        if (orientation == null) {
            throw new IllegalArgumentException(""Null 'orientation' argument."");
        }
        CategoryAxis categoryAxis = new CategoryAxis(categoryAxisLabel);
        ValueAxis valueAxis = new NumberAxis(valueAxisLabel);

        LineAndShapeRenderer renderer = new LineAndShapeRenderer(true, false);
        if (tooltips) {
            renderer.setBaseToolTipGenerator(
                    new StandardCategoryToolTipGenerator());
        }
        if (urls) {
            renderer.setBaseItemURLGenerator(
                    new StandardCategoryURLGenerator());
        }
        CategoryPlot plot = new CategoryPlot(dataset, categoryAxis, valueAxis, 
                renderer);
        plot.setOrientation(orientation);
        JFreeChart chart = new JFreeChart(title, JFreeChart.DEFAULT_TITLE_FONT,
                plot, legend);

        return chart;

    }",Type-3,"private static JFreeChart createChart(PlotOrientation orientation, String categoryAxisLabel, String valueAxisLabel,
			boolean tooltips, boolean urls, CategoryDataset dataset, String title, boolean legend,
			Consumer<CategoryAxis> arg0, Supplier<AbstractCategoryItemRenderer> arg1) {
		if (orientation == null) {
			throw new IllegalArgumentException(""Null 'orientation' argument."");
		}
		CategoryAxis categoryAxis = new CategoryAxis(categoryAxisLabel);
		arg0.accept(categoryAxis);
		ValueAxis valueAxis = new NumberAxis(valueAxisLabel);
		AbstractCategoryItemRenderer renderer = arg1.get();
		if (tooltips) {
			renderer.setBaseToolTipGenerator(new StandardCategoryToolTipGenerator());
		}
		if (urls) {
			renderer.setBaseItemURLGenerator(new StandardCategoryURLGenerator());
		}
		CategoryPlot plot = new CategoryPlot(dataset, categoryAxis, valueAxis, renderer);
		plot.setOrientation(orientation);
		JFreeChart chart = new JFreeChart(title, JFreeChart.DEFAULT_TITLE_FONT, plot, legend);
		return chart;
	}

public static JFreeChart createAreaChart(String title,
                                             String categoryAxisLabel,
                                             String valueAxisLabel,
                                             CategoryDataset dataset,
                                             PlotOrientation orientation,
                                             boolean legend,
                                             boolean tooltips,
                                             boolean urls) {

        return createChart(orientation, categoryAxisLabel, valueAxisLabel,
														tooltips, urls, dataset, title, legend,
														(CategoryAxis categoryAxis) -> {
															categoryAxis.setCategoryMargin(0.0);
														}, () -> new AreaRenderer());

    }

public static JFreeChart createLineChart(String title,
                                             String categoryAxisLabel,
                                             String valueAxisLabel,
                                             CategoryDataset dataset,
                                             PlotOrientation orientation,
                                             boolean legend,
                                             boolean tooltips,
                                             boolean urls) {

        return createChart(orientation, categoryAxisLabel, valueAxisLabel,
														tooltips, urls, dataset, title, legend,
														(CategoryAxis categoryAxis) -> {
														}, () -> new LineAndShapeRenderer(true, false));

    }"
"public static JFreeChart createPieChart(String title,
                                            PieDataset dataset,
                                            boolean legend,
                                            boolean tooltips,
                                            boolean urls) {

        PiePlot plot = new PiePlot(dataset);
        plot.setLabelGenerator(new StandardPieSectionLabelGenerator());
        plot.setInsets(new RectangleInsets(0.0, 5.0, 5.0, 5.0));
        if (tooltips) {
            plot.setToolTipGenerator(new StandardPieToolTipGenerator());
        }
        if (urls) {
            plot.setURLGenerator(new StandardPieURLGenerator());
        }
        return new JFreeChart(title, JFreeChart.DEFAULT_TITLE_FONT, plot, 
                legend);

    }","public static JFreeChart createPieChart3D(String title,
                                              PieDataset dataset,
                                              boolean legend,
                                              boolean tooltips,
                                              boolean urls) {

        PiePlot3D plot = new PiePlot3D(dataset);
        plot.setInsets(new RectangleInsets(0.0, 5.0, 5.0, 5.0));
        if (tooltips) {
            plot.setToolTipGenerator(new StandardPieToolTipGenerator());
        }
        if (urls) {
            plot.setURLGenerator(new StandardPieURLGenerator());
        }
        return new JFreeChart(title, JFreeChart.DEFAULT_TITLE_FONT, plot, 
                legend);

    }",Type-3,"private static JFreeChart createChart(PieDataset dataset, boolean tooltips, boolean urls, String title,
			boolean legend, Supplier<PiePlot> arg0) {
		PiePlot plot = arg0.get();
		plot.setInsets(new RectangleInsets(0.0, 5.0, 5.0, 5.0));
		if (tooltips) {
			plot.setToolTipGenerator(new StandardPieToolTipGenerator());
		}
		if (urls) {
			plot.setURLGenerator(new StandardPieURLGenerator());
		}
		return new JFreeChart(title, JFreeChart.DEFAULT_TITLE_FONT, plot, legend);
	}

public static JFreeChart createPieChart(String title,
                                            PieDataset dataset,
                                            boolean legend,
                                            boolean tooltips,
                                            boolean urls) {

        return createChart(dataset, tooltips, urls, title, legend, () -> {
													PiePlot plot = new PiePlot(dataset);
													plot.setLabelGenerator(new StandardPieSectionLabelGenerator());
													return plot;
												});

    }

public static JFreeChart createPieChart3D(String title,
                                              PieDataset dataset,
                                              boolean legend,
                                              boolean tooltips,
                                              boolean urls) {

        return createChart(dataset, tooltips, urls, title, legend, () -> {
													PiePlot3D plot = new PiePlot3D(dataset);
													return plot;
												});

    }"
" public static JFreeChart createRingChart(String title,
                                             PieDataset dataset,
                                             boolean legend,
                                             boolean tooltips,
                                             boolean urls) {

        RingPlot plot = new RingPlot(dataset);
        plot.setLabelGenerator(new StandardPieSectionLabelGenerator());
        plot.setInsets(new RectangleInsets(0.0, 5.0, 5.0, 5.0));
        if (tooltips) {
            plot.setToolTipGenerator(new StandardPieToolTipGenerator());
        }
        if (urls) {
            plot.setURLGenerator(new StandardPieURLGenerator());
        }
        return new JFreeChart(title, JFreeChart.DEFAULT_TITLE_FONT, plot, 
                legend);

    }","public static JFreeChart createPieChart3D(String title,
                                              PieDataset dataset,
                                              boolean legend,
                                              boolean tooltips,
                                              boolean urls) {

        PiePlot3D plot = new PiePlot3D(dataset);
        plot.setInsets(new RectangleInsets(0.0, 5.0, 5.0, 5.0));
        if (tooltips) {
            plot.setToolTipGenerator(new StandardPieToolTipGenerator());
        }
        if (urls) {
            plot.setURLGenerator(new StandardPieURLGenerator());
        }
        return new JFreeChart(title, JFreeChart.DEFAULT_TITLE_FONT, plot, 
                legend);

    }",Type-3,"private static JFreeChart createChart(PieDataset dataset, boolean tooltips, boolean urls, String title,
			boolean legend, Supplier<PiePlot> arg0) {
		PiePlot plot = arg0.get();
		plot.setInsets(new RectangleInsets(0.0, 5.0, 5.0, 5.0));
		if (tooltips) {
			plot.setToolTipGenerator(new StandardPieToolTipGenerator());
		}
		if (urls) {
			plot.setURLGenerator(new StandardPieURLGenerator());
		}
		return new JFreeChart(title, JFreeChart.DEFAULT_TITLE_FONT, plot, legend);
	}

public static JFreeChart createPieChart3D(String title,
                                              PieDataset dataset,
                                              boolean legend,
                                              boolean tooltips,
                                              boolean urls) {

        return createChart(dataset, tooltips, urls, title, legend, () -> {
													PiePlot3D plot = new PiePlot3D(dataset);
													return plot;
												});

    }

    public static JFreeChart createRingChart(String title, PieDataset dataset,
                boolean legend, boolean tooltips, Locale locale) {

            RingPlot plot = new RingPlot(dataset);
            plot.setLabelGenerator(new StandardPieSectionLabelGenerator(locale));
            plot.setInsets(new RectangleInsets(0.0, 5.0, 5.0, 5.0));
            if (tooltips) {
                plot.setToolTipGenerator(new StandardPieToolTipGenerator(locale));
            }
            return new JFreeChart(title, JFreeChart.DEFAULT_TITLE_FONT, plot, 
                    legend);

        }"
"public void draw(Graphics2D g2,
                     Rectangle2D area,
                     Point2D anchor,
                     PlotState parentState,
                     PlotRenderingInfo info) {

        // set up info collection...
        if (info != null) {
            info.setPlotArea(area);
        }

        // adjust the drawing area for plot insets (if any)...
        RectangleInsets insets = getInsets();
        insets.trim(area);

        setFixedRangeAxisSpaceForSubplots(null);
        AxisSpace space = calculateAxisSpace(g2, area);
        Rectangle2D dataArea = space.shrink(area, null);

        // set the width and height of non-shared axis of all sub-plots
        setFixedRangeAxisSpaceForSubplots(space);

        // draw the shared axis
        ValueAxis axis = getDomainAxis();
        RectangleEdge edge = getDomainAxisEdge();
        double cursor = RectangleEdge.coordinate(dataArea, edge);
        AxisState axisState = axis.draw(g2, cursor, area, dataArea, edge, info);
        if (parentState == null) {
            parentState = new PlotState();
        }
        parentState.getSharedAxisStates().put(axis, axisState);

        // draw all the subplots
        for (int i = 0; i < this.subplots.size(); i++) {
            XYPlot plot = (XYPlot) this.subplots.get(i);
            PlotRenderingInfo subplotInfo = null;
            if (info != null) {
                subplotInfo = new PlotRenderingInfo(info.getOwner());
                info.addSubplotInfo(subplotInfo);
            }
            plot.draw(g2, this.subplotAreas[i], anchor, parentState,
                    subplotInfo);
        }

        if (info != null) {
            info.setDataArea(dataArea);
        }

    }","public void draw(Graphics2D g2, Rectangle2D area, Point2D anchor,
                     PlotState parentState,
                     PlotRenderingInfo info) {

        // set up info collection...
        if (info != null) {
            info.setPlotArea(area);
        }

        // adjust the drawing area for plot insets (if any)...
        RectangleInsets insets = getInsets();
        insets.trim(area);

        // calculate the data area...
        AxisSpace space = calculateAxisSpace(g2, area);
        Rectangle2D dataArea = space.shrink(area, null);

        // set the width and height of non-shared axis of all sub-plots
        setFixedDomainAxisSpaceForSubplots(space);

        // draw the shared axis
        ValueAxis axis = getRangeAxis();
        RectangleEdge rangeEdge = getRangeAxisEdge();
        double cursor = RectangleEdge.coordinate(dataArea, rangeEdge);
        AxisState state = axis.draw(g2, cursor, area, dataArea, rangeEdge, 
                info);
        if (parentState == null) {
            parentState = new PlotState();
        }
        parentState.getSharedAxisStates().put(axis, state);
        
        // draw all the charts
        for (int i = 0; i < this.subplots.size(); i++) {
            CategoryPlot plot = (CategoryPlot) this.subplots.get(i);
            PlotRenderingInfo subplotInfo = null;
            if (info != null) {
                subplotInfo = new PlotRenderingInfo(info.getOwner());
                info.addSubplotInfo(subplotInfo);
            }
            plot.draw(g2, this.subplotArea[i], null, parentState, subplotInfo);
        }

        if (info != null) {
            info.setDataArea(dataArea);
        }

    }",Type-3,"protected interface Interface0 {
		void apply();
	}

	protected void drawExtracted(PlotRenderingInfo info, Rectangle2D area, Graphics2D g2, PlotState parentState,
			Interface0 arg0, Consumer<AxisSpace> arg1, ValueAxis arg2, RectangleEdge arg3, Function<Integer, Plot> arg4,
			Supplier<Rectangle2D[]> arg5, Point2D arg6, List thisSubplots) {
		if (info != null) {
			info.setPlotArea(area);
		}
		RectangleInsets insets = getInsets();
		insets.trim(area);
		arg0.apply();
		AxisSpace space = calculateAxisSpace(g2, area);
		Rectangle2D dataArea = space.shrink(area, null);
		arg1.accept(space);
		ValueAxis axis = arg2;
		RectangleEdge edge = arg3;
		double cursor = RectangleEdge.coordinate(dataArea, edge);
		AxisState axisState = axis.draw(g2, cursor, area, dataArea, edge, info);
		if (parentState == null) {
			parentState = new PlotState();
		}
		parentState.getSharedAxisStates().put(axis, axisState);
		for (int i = 0; i < thisSubplots.size(); i++) {
			Plot plot = arg4.apply(i);
			PlotRenderingInfo subplotInfo = null;
			if (info != null) {
				subplotInfo = new PlotRenderingInfo(info.getOwner());
				info.addSubplotInfo(subplotInfo);
			}
			plot.draw(g2, arg5.get()[i], arg6, parentState, subplotInfo);
		}
		if (info != null) {
			info.setDataArea(dataArea);
		}
	}

public void draw(Graphics2D g2, Rectangle2D area, Point2D anchor,
                       PlotState parentState,
                       PlotRenderingInfo info) {

          drawExtracted(info, area, g2, parentState, () -> {
  						}, (AxisSpace space) -> {
  							setFixedDomainAxisSpaceForSubplots(space);
  						}, getRangeAxis(), getRangeAxisEdge(), (Integer i) -> (CategoryPlot) this.subplots.get((int) i),
  								() -> this.subplotArea, null, this.subplots);

      }

public void draw(Graphics2D g2,
                           Rectangle2D area,
                           Point2D anchor,
                           PlotState parentState,
                           PlotRenderingInfo info) {

              drawExtracted(info, area, g2, parentState, () -> {
      							setFixedRangeAxisSpaceForSubplots(null);
      						}, (AxisSpace space) -> {
      							setFixedRangeAxisSpaceForSubplots(space);
      						}, getDomainAxis(), getDomainAxisEdge(), (Integer i) -> (XYPlot) this.subplots.get((int) i),
      								() -> this.subplotAreas, anchor, this.subplots);

          }
"
"public static JFreeChart createScatterPlot(String title, String xAxisLabel,
            String yAxisLabel, XYDataset dataset, PlotOrientation orientation,
            boolean legend, boolean tooltips, boolean urls) {

        if (orientation == null) {
            throw new IllegalArgumentException(""Null 'orientation' argument."");
        }
        NumberAxis xAxis = new NumberAxis(xAxisLabel);
        xAxis.setAutoRangeIncludesZero(false);
        NumberAxis yAxis = new NumberAxis(yAxisLabel);
        yAxis.setAutoRangeIncludesZero(false);

        XYPlot plot = new XYPlot(dataset, xAxis, yAxis, null);

        XYToolTipGenerator toolTipGenerator = null;
        if (tooltips) {
            toolTipGenerator = new StandardXYToolTipGenerator();
        }

        XYURLGenerator urlGenerator = null;
        if (urls) {
            urlGenerator = new StandardXYURLGenerator();
        }
        XYItemRenderer renderer = new XYLineAndShapeRenderer(false, true);
        renderer.setBaseToolTipGenerator(toolTipGenerator);
        renderer.setURLGenerator(urlGenerator);
        plot.setRenderer(renderer);
        plot.setOrientation(orientation);

        JFreeChart chart = new JFreeChart(title, JFreeChart.DEFAULT_TITLE_FONT,
                plot, legend);
        return chart;

    }","public static JFreeChart createXYStepChart(String title,
                                               String xAxisLabel,
                                               String yAxisLabel,
                                               XYDataset dataset,
                                               PlotOrientation orientation,
                                               boolean legend,
                                               boolean tooltips,
                                               boolean urls) {

        if (orientation == null) {
            throw new IllegalArgumentException(""Null 'orientation' argument."");
        }
        DateAxis xAxis = new DateAxis(xAxisLabel);
        NumberAxis yAxis = new NumberAxis(yAxisLabel);
        yAxis.setStandardTickUnits(NumberAxis.createIntegerTickUnits());

        XYToolTipGenerator toolTipGenerator = null;
        if (tooltips) {
            toolTipGenerator = new StandardXYToolTipGenerator();
        }

        XYURLGenerator urlGenerator = null;
        if (urls) {
            urlGenerator = new StandardXYURLGenerator();
        }
        XYItemRenderer renderer 
            = new XYStepRenderer(toolTipGenerator, urlGenerator);

        XYPlot plot = new XYPlot(dataset, xAxis, yAxis, null);
        plot.setRenderer(renderer);
        plot.setOrientation(orientation);
        plot.setDomainCrosshairVisible(false);
        plot.setRangeCrosshairVisible(false);
        JFreeChart chart = new JFreeChart(title, JFreeChart.DEFAULT_TITLE_FONT,
                plot, legend);
        return chart;

    }",Type-3,"private interface Interface2 {
		XYLineAndShapeRenderer apply(XYToolTipGenerator toolTipGenerator, XYURLGenerator urlGenerator);
	}

	@FunctionalInterface
	private interface Interface3 {
		void apply(XYItemRenderer renderer, XYToolTipGenerator toolTipGenerator, XYURLGenerator urlGenerator);
	}

	private static JFreeChart createPlot(PlotOrientation orientation, String xAxisLabel, String yAxisLabel,
			XYDataset dataset, boolean tooltips, boolean urls, String title, boolean legend, Supplier<ValueAxis> arg0,
			Consumer<NumberAxis> arg1, Interface2 arg2, Interface3 arg3, Consumer<XYPlot> arg4) {
		if (orientation == null) {
			throw new IllegalArgumentException(""Null 'orientation' argument."");
		}
		ValueAxis xAxis = arg0.get();
		NumberAxis yAxis = new NumberAxis(yAxisLabel);
		arg1.accept(yAxis);
		XYPlot plot = new XYPlot(dataset, xAxis, yAxis, null);
		XYToolTipGenerator toolTipGenerator = null;
		if (tooltips) {
			toolTipGenerator = new StandardXYToolTipGenerator();
		}
		XYURLGenerator urlGenerator = null;
		if (urls) {
			urlGenerator = new StandardXYURLGenerator();
		}
		XYItemRenderer renderer = arg2.apply(toolTipGenerator, urlGenerator);
		arg3.apply(renderer, toolTipGenerator, urlGenerator);
		plot.setRenderer(renderer);
		plot.setOrientation(orientation);
		arg4.accept(plot);
		JFreeChart chart = new JFreeChart(title, JFreeChart.DEFAULT_TITLE_FONT, plot, legend);
		return chart;
	}

public static JFreeChart createScatterPlot(String title, String xAxisLabel,
            String yAxisLabel, XYDataset dataset, PlotOrientation orientation,
            boolean legend, boolean tooltips, boolean urls) {

        return createPlot(orientation, xAxisLabel, yAxisLabel, dataset, tooltips, urls, title, legend, () -> {
					NumberAxis xAxis = new NumberAxis(xAxisLabel);
					xAxis.setAutoRangeIncludesZero(false);
					return xAxis;
				}, (NumberAxis yAxis) -> {
					yAxis.setAutoRangeIncludesZero(false);
				}, (XYToolTipGenerator toolTipGenerator,
						XYURLGenerator urlGenerator) -> new XYLineAndShapeRenderer(false, true),
						(XYItemRenderer renderer, XYToolTipGenerator toolTipGenerator, XYURLGenerator urlGenerator) -> {
							renderer.setBaseToolTipGenerator(toolTipGenerator);
							renderer.setURLGenerator(urlGenerator);
						}, (XYPlot plot) -> {
						});

    }

public static JFreeChart createXYStepChart(String title,
                                               String xAxisLabel,
                                               String yAxisLabel,
                                               XYDataset dataset,
                                               PlotOrientation orientation,
                                               boolean legend,
                                               boolean tooltips,
                                               boolean urls) {

        return createPlot(orientation, xAxisLabel, yAxisLabel, dataset,
														tooltips, urls, title, legend, () -> {
															DateAxis xAxis = new DateAxis(xAxisLabel);
															return xAxis;
														}, (NumberAxis yAxis) -> {
															yAxis.setStandardTickUnits(
																	NumberAxis.createIntegerTickUnits());
														},
														(XYToolTipGenerator toolTipGenerator,
																XYURLGenerator urlGenerator) -> new XYStepRenderer(
																		toolTipGenerator, urlGenerator),
														(XYItemRenderer renderer, XYToolTipGenerator toolTipGenerator,
																XYURLGenerator urlGenerator) -> {
														}, (XYPlot plot) -> {
															plot.setDomainCrosshairVisible(false);
															plot.setRangeCrosshairVisible(false);
														});

    }"
"public static JFreeChart createScatterPlot(String title, String xAxisLabel,
            String yAxisLabel, XYDataset dataset, PlotOrientation orientation,
            boolean legend, boolean tooltips, boolean urls) {

        if (orientation == null) {
            throw new IllegalArgumentException(""Null 'orientation' argument."");
        }
        NumberAxis xAxis = new NumberAxis(xAxisLabel);
        xAxis.setAutoRangeIncludesZero(false);
        NumberAxis yAxis = new NumberAxis(yAxisLabel);
        yAxis.setAutoRangeIncludesZero(false);

        XYPlot plot = new XYPlot(dataset, xAxis, yAxis, null);

        XYToolTipGenerator toolTipGenerator = null;
        if (tooltips) {
            toolTipGenerator = new StandardXYToolTipGenerator();
        }

        XYURLGenerator urlGenerator = null;
        if (urls) {
            urlGenerator = new StandardXYURLGenerator();
        }
        XYItemRenderer renderer = new XYLineAndShapeRenderer(false, true);
        renderer.setBaseToolTipGenerator(toolTipGenerator);
        renderer.setURLGenerator(urlGenerator);
        plot.setRenderer(renderer);
        plot.setOrientation(orientation);

        JFreeChart chart = new JFreeChart(title, JFreeChart.DEFAULT_TITLE_FONT,
                plot, legend);
        return chart;

    }","public static JFreeChart createXYStepAreaChart(String title,
                                                   String xAxisLabel,
                                                   String yAxisLabel,
                                                   XYDataset dataset,
                                                   PlotOrientation orientation,
                                                   boolean legend,
                                                   boolean tooltips,
                                                   boolean urls) {

        if (orientation == null) {
            throw new IllegalArgumentException(""Null 'orientation' argument."");
        }
        NumberAxis xAxis = new NumberAxis(xAxisLabel);
        xAxis.setAutoRangeIncludesZero(false);
        NumberAxis yAxis = new NumberAxis(yAxisLabel);

        XYToolTipGenerator toolTipGenerator = null;
        if (tooltips) {
            toolTipGenerator = new StandardXYToolTipGenerator();
        }

        XYURLGenerator urlGenerator = null;
        if (urls) {
            urlGenerator = new StandardXYURLGenerator();
        }
        XYItemRenderer renderer = new XYStepAreaRenderer(
                XYStepAreaRenderer.AREA_AND_SHAPES, toolTipGenerator, 
                urlGenerator);

        XYPlot plot = new XYPlot(dataset, xAxis, yAxis, null);
        plot.setRenderer(renderer);
        plot.setOrientation(orientation);
        plot.setDomainCrosshairVisible(false);
        plot.setRangeCrosshairVisible(false);
        JFreeChart chart = new JFreeChart(title, JFreeChart.DEFAULT_TITLE_FONT,
                plot, legend);
        return chart;
    }",Type-3,"private interface Interface1 {
		AbstractXYItemRenderer apply(XYToolTipGenerator toolTipGenerator, XYURLGenerator urlGenerator);
	}

	@FunctionalInterface
	private interface Interface2 {
		void apply(XYItemRenderer renderer, XYToolTipGenerator toolTipGenerator, XYURLGenerator urlGenerator);
	}

	private static JFreeChart createPlot(PlotOrientation orientation, String xAxisLabel, String yAxisLabel,
			XYDataset dataset, boolean tooltips, boolean urls, String title, boolean legend, Consumer<NumberAxis> arg0,
			Interface1 arg1, Interface2 arg2, Consumer<XYPlot> arg3) {
		if (orientation == null) {
			throw new IllegalArgumentException(""Null 'orientation' argument."");
		}
		NumberAxis xAxis = new NumberAxis(xAxisLabel);
		xAxis.setAutoRangeIncludesZero(false);
		NumberAxis yAxis = new NumberAxis(yAxisLabel);
		arg0.accept(yAxis);
		XYPlot plot = new XYPlot(dataset, xAxis, yAxis, null);
		XYToolTipGenerator toolTipGenerator = null;
		if (tooltips) {
			toolTipGenerator = new StandardXYToolTipGenerator();
		}
		XYURLGenerator urlGenerator = null;
		if (urls) {
			urlGenerator = new StandardXYURLGenerator();
		}
		XYItemRenderer renderer = arg1.apply(toolTipGenerator, urlGenerator);
		arg2.apply(renderer, toolTipGenerator, urlGenerator);
		plot.setRenderer(renderer);
		plot.setOrientation(orientation);
		arg3.accept(plot);
		JFreeChart chart = new JFreeChart(title, JFreeChart.DEFAULT_TITLE_FONT, plot, legend);
		return chart;
	}

public static JFreeChart createScatterPlot(String title, String xAxisLabel,
            String yAxisLabel, XYDataset dataset, PlotOrientation orientation,
            boolean legend, boolean tooltips, boolean urls) {

        return createPlot(orientation, xAxisLabel, yAxisLabel, dataset, tooltips, urls, title, legend,
						(NumberAxis yAxis) -> {
							yAxis.setAutoRangeIncludesZero(false);
						},
						(XYToolTipGenerator toolTipGenerator,
								XYURLGenerator urlGenerator) -> new XYLineAndShapeRenderer(false, true),
						(XYItemRenderer renderer, XYToolTipGenerator toolTipGenerator, XYURLGenerator urlGenerator) -> {
							renderer.setBaseToolTipGenerator(toolTipGenerator);
							renderer.setURLGenerator(urlGenerator);
						}, (XYPlot plot) -> {
						});

    }

public static JFreeChart createXYStepAreaChart(String title,
                                                   String xAxisLabel,
                                                   String yAxisLabel,
                                                   XYDataset dataset,
                                                   PlotOrientation orientation,
                                                   boolean legend,
                                                   boolean tooltips,
                                                   boolean urls) {

        return createPlot(orientation, xAxisLabel, yAxisLabel, dataset,
															tooltips, urls, title, legend, (NumberAxis yAxis) -> {
															},
															(XYToolTipGenerator toolTipGenerator,
																	XYURLGenerator urlGenerator) -> new XYStepAreaRenderer(
																			XYStepAreaRenderer.AREA_AND_SHAPES,
																			toolTipGenerator, urlGenerator),
															(XYItemRenderer renderer,
																	XYToolTipGenerator toolTipGenerator,
																	XYURLGenerator urlGenerator) -> {
															}, (XYPlot plot) -> {
																plot.setDomainCrosshairVisible(false);
																plot.setRangeCrosshairVisible(false);
															});
    }"
"public static JFreeChart createStackedBarChart(String title,
                                                   String domainAxisLabel,
                                                   String rangeAxisLabel,
                                                   CategoryDataset dataset,
                                                   PlotOrientation orientation,
                                                   boolean legend,
                                                   boolean tooltips,
                                                   boolean urls) {

        if (orientation == null) {
            throw new IllegalArgumentException(""Null 'orientation' argument."");
        }

        CategoryAxis categoryAxis = new CategoryAxis(domainAxisLabel);
        ValueAxis valueAxis = new NumberAxis(rangeAxisLabel);

        StackedBarRenderer renderer = new StackedBarRenderer();
        if (tooltips) {
            renderer.setBaseToolTipGenerator(
                    new StandardCategoryToolTipGenerator());
        }
        if (urls) {
            renderer.setBaseItemURLGenerator(
                    new StandardCategoryURLGenerator());
        }

        CategoryPlot plot = new CategoryPlot(dataset, categoryAxis, valueAxis, 
                renderer);
        plot.setOrientation(orientation);
        JFreeChart chart = new JFreeChart(title, JFreeChart.DEFAULT_TITLE_FONT,
                plot, legend);

        return chart;

    }","public static JFreeChart createAreaChart(String title,
                                             String categoryAxisLabel,
                                             String valueAxisLabel,
                                             CategoryDataset dataset,
                                             PlotOrientation orientation,
                                             boolean legend,
                                             boolean tooltips,
                                             boolean urls) {

        if (orientation == null) {
            throw new IllegalArgumentException(""Null 'orientation' argument."");
        }
        CategoryAxis categoryAxis = new CategoryAxis(categoryAxisLabel);
        categoryAxis.setCategoryMargin(0.0);

        ValueAxis valueAxis = new NumberAxis(valueAxisLabel);

        AreaRenderer renderer = new AreaRenderer();
        if (tooltips) {
            renderer.setBaseToolTipGenerator(
                    new StandardCategoryToolTipGenerator());
        }
        if (urls) {
            renderer.setBaseItemURLGenerator(
                    new StandardCategoryURLGenerator());
        }

        CategoryPlot plot = new CategoryPlot(dataset, categoryAxis, valueAxis, 
                renderer);
        plot.setOrientation(orientation);
        JFreeChart chart = new JFreeChart(title, JFreeChart.DEFAULT_TITLE_FONT,
                plot, legend);

        return chart;

    }",Type-3,"private static JFreeChart createsBarChart(PlotOrientation orientation, String domainAxisLabel,
			String rangeAxisLabel, boolean tooltips, boolean urls, CategoryDataset dataset, String title,
			boolean legend, Consumer<CategoryAxis> arg0, Supplier<AbstractCategoryItemRenderer> arg1) {
		if (orientation == null) {
			throw new IllegalArgumentException(""Null 'orientation' argument."");
		}
		CategoryAxis categoryAxis = new CategoryAxis(domainAxisLabel);
		arg0.accept(categoryAxis);
		ValueAxis valueAxis = new NumberAxis(rangeAxisLabel);
		AbstractCategoryItemRenderer renderer = arg1.get();
		if (tooltips) {
			renderer.setBaseToolTipGenerator(new StandardCategoryToolTipGenerator());
		}
		if (urls) {
			renderer.setBaseItemURLGenerator(new StandardCategoryURLGenerator());
		}
		CategoryPlot plot = new CategoryPlot(dataset, categoryAxis, valueAxis, renderer);
		plot.setOrientation(orientation);
		JFreeChart chart = new JFreeChart(title, JFreeChart.DEFAULT_TITLE_FONT, plot, legend);
		return chart;
	}

public static JFreeChart createStackedBarChart(String title,
                                                   String domainAxisLabel,
                                                   String rangeAxisLabel,
                                                   CategoryDataset dataset,
                                                   PlotOrientation orientation,
                                                   boolean legend,
                                                   boolean tooltips,
                                                   boolean urls) {

        return createsBarChart(orientation, domainAxisLabel, rangeAxisLabel,
															tooltips, urls, dataset, title, legend,
															(CategoryAxis categoryAxis) -> {
															}, () -> new StackedBarRenderer());

    }

public static JFreeChart createAreaChart(String title,
                                             String categoryAxisLabel,
                                             String valueAxisLabel,
                                             CategoryDataset dataset,
                                             PlotOrientation orientation,
                                             boolean legend,
                                             boolean tooltips,
                                             boolean urls) {

        return createsBarChart(orientation, categoryAxisLabel, valueAxisLabel,
														tooltips, urls, dataset, title, legend,
														(CategoryAxis categoryAxis) -> {
															categoryAxis.setCategoryMargin(0.0);
														}, () -> new AreaRenderer());

    }"
"public static JFreeChart createAreaChart(String title,
                                             String categoryAxisLabel,
                                             String valueAxisLabel,
                                             CategoryDataset dataset,
                                             PlotOrientation orientation,
                                             boolean legend,
                                             boolean tooltips,
                                             boolean urls) {

        if (orientation == null) {
            throw new IllegalArgumentException(""Null 'orientation' argument."");
        }
        CategoryAxis categoryAxis = new CategoryAxis(categoryAxisLabel);
        categoryAxis.setCategoryMargin(0.0);

        ValueAxis valueAxis = new NumberAxis(valueAxisLabel);

        AreaRenderer renderer = new AreaRenderer();
        if (tooltips) {
            renderer.setBaseToolTipGenerator(
                    new StandardCategoryToolTipGenerator());
        }
        if (urls) {
            renderer.setBaseItemURLGenerator(
                    new StandardCategoryURLGenerator());
        }

        CategoryPlot plot = new CategoryPlot(dataset, categoryAxis, valueAxis, 
                renderer);
        plot.setOrientation(orientation);
        JFreeChart chart = new JFreeChart(title, JFreeChart.DEFAULT_TITLE_FONT,
                plot, legend);

        return chart;

    }","public static JFreeChart createStackedAreaChart(String title,
                                                    String categoryAxisLabel,
                                                    String valueAxisLabel,
                                                    CategoryDataset dataset,
                                                    PlotOrientation orientation,
                                                    boolean legend,
                                                    boolean tooltips,
                                                    boolean urls) {

        if (orientation == null) {
            throw new IllegalArgumentException(""Null 'orientation' argument."");
        }
        CategoryAxis categoryAxis = new CategoryAxis(categoryAxisLabel);
        ValueAxis valueAxis = new NumberAxis(valueAxisLabel);

        StackedAreaRenderer renderer = new StackedAreaRenderer();
        if (tooltips) {
            renderer.setBaseToolTipGenerator(
                    new StandardCategoryToolTipGenerator());
        }
        if (urls) {
            renderer.setBaseItemURLGenerator(
                    new StandardCategoryURLGenerator());
        }

        CategoryPlot plot = new CategoryPlot(dataset, categoryAxis, valueAxis, 
                renderer);
        plot.setOrientation(orientation);
        JFreeChart chart = new JFreeChart(title, JFreeChart.DEFAULT_TITLE_FONT, 
                plot, legend);

        return chart;

    }",Type-3,"private static JFreeChart createChart(PlotOrientation orientation, String categoryAxisLabel, String valueAxisLabel,
			boolean tooltips, boolean urls, CategoryDataset dataset, String title, boolean legend,
			Consumer<CategoryAxis> arg0, Supplier<AreaRenderer> arg1) {
		if (orientation == null) {
			throw new IllegalArgumentException(""Null 'orientation' argument."");
		}
		CategoryAxis categoryAxis = new CategoryAxis(categoryAxisLabel);
		arg0.accept(categoryAxis);
		ValueAxis valueAxis = new NumberAxis(valueAxisLabel);
		AreaRenderer renderer = arg1.get();
		if (tooltips) {
			renderer.setBaseToolTipGenerator(new StandardCategoryToolTipGenerator());
		}
		if (urls) {
			renderer.setBaseItemURLGenerator(new StandardCategoryURLGenerator());
		}
		CategoryPlot plot = new CategoryPlot(dataset, categoryAxis, valueAxis, renderer);
		plot.setOrientation(orientation);
		JFreeChart chart = new JFreeChart(title, JFreeChart.DEFAULT_TITLE_FONT, plot, legend);
		return chart;
	}

public static JFreeChart createStackedAreaChart(String title,
                                                    String categoryAxisLabel,
                                                    String valueAxisLabel,
                                                    CategoryDataset dataset,
                                                    PlotOrientation orientation,
                                                    boolean legend,
                                                    boolean tooltips,
                                                    boolean urls) {

        return createChart(orientation, categoryAxisLabel,
																valueAxisLabel, tooltips, urls, dataset, title, legend,
																(CategoryAxis categoryAxis) -> {
																}, () -> new StackedAreaRenderer());

    }

    public static JFreeChart createAreaChart(String title,
                                                 String categoryAxisLabel,
                                                 String valueAxisLabel,
                                                 CategoryDataset dataset,
                                                 PlotOrientation orientation,
                                                 boolean legend,
                                                 boolean tooltips,
                                                 boolean urls) {

            return createChart(orientation, categoryAxisLabel, valueAxisLabel,
    														tooltips, urls, dataset, title, legend,
    														(CategoryAxis categoryAxis) -> {
    															categoryAxis.setCategoryMargin(0.0);
    														}, () -> new AreaRenderer());

        }"
"public static JFreeChart createAreaChart(String title,
                                             String categoryAxisLabel,
                                             String valueAxisLabel,
                                             CategoryDataset dataset,
                                             PlotOrientation orientation,
                                             boolean legend,
                                             boolean tooltips,
                                             boolean urls) {

        if (orientation == null) {
            throw new IllegalArgumentException(""Null 'orientation' argument."");
        }
        CategoryAxis categoryAxis = new CategoryAxis(categoryAxisLabel);
        categoryAxis.setCategoryMargin(0.0);

        ValueAxis valueAxis = new NumberAxis(valueAxisLabel);

        AreaRenderer renderer = new AreaRenderer();
        if (tooltips) {
            renderer.setBaseToolTipGenerator(
                    new StandardCategoryToolTipGenerator());
        }
        if (urls) {
            renderer.setBaseItemURLGenerator(
                    new StandardCategoryURLGenerator());
        }

        CategoryPlot plot = new CategoryPlot(dataset, categoryAxis, valueAxis, 
                renderer);
        plot.setOrientation(orientation);
        JFreeChart chart = new JFreeChart(title, JFreeChart.DEFAULT_TITLE_FONT,
                plot, legend);

        return chart;

    }","public static JFreeChart createLineChart3D(String title,
                                               String categoryAxisLabel,
                                               String valueAxisLabel,
                                               CategoryDataset dataset,
                                               PlotOrientation orientation,
                                               boolean legend,
                                               boolean tooltips,
                                               boolean urls) {

        if (orientation == null) {
            throw new IllegalArgumentException(""Null 'orientation' argument."");
        }
        CategoryAxis categoryAxis = new CategoryAxis3D(categoryAxisLabel);
        ValueAxis valueAxis = new NumberAxis3D(valueAxisLabel);

        LineRenderer3D renderer = new LineRenderer3D();
        if (tooltips) {
            renderer.setBaseToolTipGenerator(
                    new StandardCategoryToolTipGenerator());
        }
        if (urls) {
            renderer.setBaseItemURLGenerator(
                    new StandardCategoryURLGenerator());
        }
        CategoryPlot plot = new CategoryPlot(dataset, categoryAxis, valueAxis, 
                renderer);
        plot.setOrientation(orientation);
        JFreeChart chart = new JFreeChart(title, JFreeChart.DEFAULT_TITLE_FONT,
                plot, legend);

        return chart;

    }",Type-3,"private static JFreeChart createChart(PlotOrientation orientation, String categoryAxisLabel, String valueAxisLabel,
			boolean tooltips, boolean urls, CategoryDataset dataset, String title, boolean legend,
			Supplier<CategoryAxis> arg0, Consumer<CategoryAxis> arg1, Supplier<NumberAxis> arg2,
			Supplier<AbstractCategoryItemRenderer> arg3) {
		if (orientation == null) {
			throw new IllegalArgumentException(""Null 'orientation' argument."");
		}
		CategoryAxis categoryAxis = arg0.get();
		arg1.accept(categoryAxis);
		ValueAxis valueAxis = arg2.get();
		AbstractCategoryItemRenderer renderer = arg3.get();
		if (tooltips) {
			renderer.setBaseToolTipGenerator(new StandardCategoryToolTipGenerator());
		}
		if (urls) {
			renderer.setBaseItemURLGenerator(new StandardCategoryURLGenerator());
		}
		CategoryPlot plot = new CategoryPlot(dataset, categoryAxis, valueAxis, renderer);
		plot.setOrientation(orientation);
		JFreeChart chart = new JFreeChart(title, JFreeChart.DEFAULT_TITLE_FONT, plot, legend);
		return chart;
	}

public static JFreeChart createAreaChart(String title,
                                             String categoryAxisLabel,
                                             String valueAxisLabel,
                                             CategoryDataset dataset,
                                             PlotOrientation orientation,
                                             boolean legend,
                                             boolean tooltips,
                                             boolean urls) {

        return createChart(orientation, categoryAxisLabel, valueAxisLabel,
														tooltips, urls, dataset, title, legend,
														() -> new CategoryAxis(categoryAxisLabel),
														(CategoryAxis categoryAxis) -> {
															categoryAxis.setCategoryMargin(0.0);
														}, () -> new NumberAxis(valueAxisLabel),
														() -> new AreaRenderer());

    }

public static JFreeChart createLineChart3D(String title,
                                               String categoryAxisLabel,
                                               String valueAxisLabel,
                                               CategoryDataset dataset,
                                               PlotOrientation orientation,
                                               boolean legend,
                                               boolean tooltips,
                                               boolean urls) {

        return createChart(orientation, categoryAxisLabel, valueAxisLabel,
														tooltips, urls, dataset, title, legend,
														() -> new CategoryAxis3D(categoryAxisLabel),
														(CategoryAxis categoryAxis) -> {
														}, () -> new NumberAxis3D(valueAxisLabel),
														() -> new LineRenderer3D());

    }"
"public static JFreeChart createAreaChart(String title,
                                             String categoryAxisLabel,
                                             String valueAxisLabel,
                                             CategoryDataset dataset,
                                             PlotOrientation orientation,
                                             boolean legend,
                                             boolean tooltips,
                                             boolean urls) {

        if (orientation == null) {
            throw new IllegalArgumentException(""Null 'orientation' argument."");
        }
        CategoryAxis categoryAxis = new CategoryAxis(categoryAxisLabel);
        categoryAxis.setCategoryMargin(0.0);

        ValueAxis valueAxis = new NumberAxis(valueAxisLabel);

        AreaRenderer renderer = new AreaRenderer();
        if (tooltips) {
            renderer.setBaseToolTipGenerator(
                    new StandardCategoryToolTipGenerator());
        }
        if (urls) {
            renderer.setBaseItemURLGenerator(
                    new StandardCategoryURLGenerator());
        }

        CategoryPlot plot = new CategoryPlot(dataset, categoryAxis, valueAxis, 
                renderer);
        plot.setOrientation(orientation);
        JFreeChart chart = new JFreeChart(title, JFreeChart.DEFAULT_TITLE_FONT,
                plot, legend);

        return chart;

    }","public static JFreeChart createLineChart(String title,
                                             String categoryAxisLabel,
                                             String valueAxisLabel,
                                             CategoryDataset dataset,
                                             PlotOrientation orientation,
                                             boolean legend,
                                             boolean tooltips,
                                             boolean urls) {

        if (orientation == null) {
            throw new IllegalArgumentException(""Null 'orientation' argument."");
        }
        CategoryAxis categoryAxis = new CategoryAxis(categoryAxisLabel);
        ValueAxis valueAxis = new NumberAxis(valueAxisLabel);

        LineAndShapeRenderer renderer = new LineAndShapeRenderer(true, false);
        if (tooltips) {
            renderer.setBaseToolTipGenerator(
                    new StandardCategoryToolTipGenerator());
        }
        if (urls) {
            renderer.setBaseItemURLGenerator(
                    new StandardCategoryURLGenerator());
        }
        CategoryPlot plot = new CategoryPlot(dataset, categoryAxis, valueAxis, 
                renderer);
        plot.setOrientation(orientation);
        JFreeChart chart = new JFreeChart(title, JFreeChart.DEFAULT_TITLE_FONT,
                plot, legend);

        return chart;

    }",Type-3,"private static JFreeChart createChart(PlotOrientation orientation, String categoryAxisLabel, String valueAxisLabel,
			boolean tooltips, boolean urls, CategoryDataset dataset, String title, boolean legend,
			Consumer<CategoryAxis> arg0, Supplier<AbstractCategoryItemRenderer> arg1) {
		if (orientation == null) {
			throw new IllegalArgumentException(""Null 'orientation' argument."");
		}
		CategoryAxis categoryAxis = new CategoryAxis(categoryAxisLabel);
		arg0.accept(categoryAxis);
		ValueAxis valueAxis = new NumberAxis(valueAxisLabel);
		AbstractCategoryItemRenderer renderer = arg1.get();
		if (tooltips) {
			renderer.setBaseToolTipGenerator(new StandardCategoryToolTipGenerator());
		}
		if (urls) {
			renderer.setBaseItemURLGenerator(new StandardCategoryURLGenerator());
		}
		CategoryPlot plot = new CategoryPlot(dataset, categoryAxis, valueAxis, renderer);
		plot.setOrientation(orientation);
		JFreeChart chart = new JFreeChart(title, JFreeChart.DEFAULT_TITLE_FONT, plot, legend);
		return chart;
	}

public static JFreeChart createAreaChart(String title,
                                             String categoryAxisLabel,
                                             String valueAxisLabel,
                                             CategoryDataset dataset,
                                             PlotOrientation orientation,
                                             boolean legend,
                                             boolean tooltips,
                                             boolean urls) {

        return createChart(orientation, categoryAxisLabel, valueAxisLabel,
														tooltips, urls, dataset, title, legend,
														(CategoryAxis categoryAxis) -> {
															categoryAxis.setCategoryMargin(0.0);
														}, () -> new AreaRenderer());

    }

public static JFreeChart createLineChart(String title,
                                             String categoryAxisLabel,
                                             String valueAxisLabel,
                                             CategoryDataset dataset,
                                             PlotOrientation orientation,
                                             boolean legend,
                                             boolean tooltips,
                                             boolean urls) {

        return createChart(orientation, categoryAxisLabel, valueAxisLabel,
														tooltips, urls, dataset, title, legend,
														(CategoryAxis categoryAxis) -> {
														}, () -> new LineAndShapeRenderer(true, false));

    }"
"public static JFreeChart createPieChart(String title,
                                            PieDataset dataset,
                                            boolean legend,
                                            boolean tooltips,
                                            boolean urls) {

        PiePlot plot = new PiePlot(dataset);
        plot.setLabelGenerator(new StandardPieSectionLabelGenerator());
        plot.setInsets(new RectangleInsets(0.0, 5.0, 5.0, 5.0));
        if (tooltips) {
            plot.setToolTipGenerator(new StandardPieToolTipGenerator());
        }
        if (urls) {
            plot.setURLGenerator(new StandardPieURLGenerator());
        }
        return new JFreeChart(title, JFreeChart.DEFAULT_TITLE_FONT, plot, 
                legend);

    }","public static JFreeChart createPieChart3D(String title,
                                              PieDataset dataset,
                                              boolean legend,
                                              boolean tooltips,
                                              boolean urls) {

        PiePlot3D plot = new PiePlot3D(dataset);
        plot.setInsets(new RectangleInsets(0.0, 5.0, 5.0, 5.0));
        if (tooltips) {
            plot.setToolTipGenerator(new StandardPieToolTipGenerator());
        }
        if (urls) {
            plot.setURLGenerator(new StandardPieURLGenerator());
        }
        return new JFreeChart(title, JFreeChart.DEFAULT_TITLE_FONT, plot, 
                legend);

    }",Type-3,"private static JFreeChart createChart(PieDataset dataset, boolean tooltips, boolean urls, String title,
			boolean legend, Supplier<PiePlot> arg0) {
		PiePlot plot = arg0.get();
		plot.setInsets(new RectangleInsets(0.0, 5.0, 5.0, 5.0));
		if (tooltips) {
			plot.setToolTipGenerator(new StandardPieToolTipGenerator());
		}
		if (urls) {
			plot.setURLGenerator(new StandardPieURLGenerator());
		}
		return new JFreeChart(title, JFreeChart.DEFAULT_TITLE_FONT, plot, legend);
	}

public static JFreeChart createPieChart(String title,
                                            PieDataset dataset,
                                            boolean legend,
                                            boolean tooltips,
                                            boolean urls) {

        return createChart(dataset, tooltips, urls, title, legend, () -> {
													PiePlot plot = new PiePlot(dataset);
													plot.setLabelGenerator(new StandardPieSectionLabelGenerator());
													return plot;
												});

    }

public static JFreeChart createPieChart3D(String title,
                                              PieDataset dataset,
                                              boolean legend,
                                              boolean tooltips,
                                              boolean urls) {

        return createChart(dataset, tooltips, urls, title, legend, () -> {
													PiePlot3D plot = new PiePlot3D(dataset);
													return plot;
												});

    }"
" public static JFreeChart createRingChart(String title,
                                             PieDataset dataset,
                                             boolean legend,
                                             boolean tooltips,
                                             boolean urls) {

        RingPlot plot = new RingPlot(dataset);
        plot.setLabelGenerator(new StandardPieSectionLabelGenerator());
        plot.setInsets(new RectangleInsets(0.0, 5.0, 5.0, 5.0));
        if (tooltips) {
            plot.setToolTipGenerator(new StandardPieToolTipGenerator());
        }
        if (urls) {
            plot.setURLGenerator(new StandardPieURLGenerator());
        }
        return new JFreeChart(title, JFreeChart.DEFAULT_TITLE_FONT, plot, 
                legend);

    }","public static JFreeChart createPieChart3D(String title,
                                              PieDataset dataset,
                                              boolean legend,
                                              boolean tooltips,
                                              boolean urls) {

        PiePlot3D plot = new PiePlot3D(dataset);
        plot.setInsets(new RectangleInsets(0.0, 5.0, 5.0, 5.0));
        if (tooltips) {
            plot.setToolTipGenerator(new StandardPieToolTipGenerator());
        }
        if (urls) {
            plot.setURLGenerator(new StandardPieURLGenerator());
        }
        return new JFreeChart(title, JFreeChart.DEFAULT_TITLE_FONT, plot, 
                legend);

    }",Type-3,"private static JFreeChart createChart(PieDataset dataset, boolean tooltips, boolean urls, String title,
			boolean legend, Supplier<PiePlot> arg0) {
		PiePlot plot = arg0.get();
		plot.setInsets(new RectangleInsets(0.0, 5.0, 5.0, 5.0));
		if (tooltips) {
			plot.setToolTipGenerator(new StandardPieToolTipGenerator());
		}
		if (urls) {
			plot.setURLGenerator(new StandardPieURLGenerator());
		}
		return new JFreeChart(title, JFreeChart.DEFAULT_TITLE_FONT, plot, legend);
	}

public static JFreeChart createPieChart3D(String title,
                                              PieDataset dataset,
                                              boolean legend,
                                              boolean tooltips,
                                              boolean urls) {

        return createChart(dataset, tooltips, urls, title, legend, () -> {
													PiePlot3D plot = new PiePlot3D(dataset);
													return plot;
												});

    }

    public static JFreeChart createRingChart(String title, PieDataset dataset,
                boolean legend, boolean tooltips, Locale locale) {

            RingPlot plot = new RingPlot(dataset);
            plot.setLabelGenerator(new StandardPieSectionLabelGenerator(locale));
            plot.setInsets(new RectangleInsets(0.0, 5.0, 5.0, 5.0));
            if (tooltips) {
                plot.setToolTipGenerator(new StandardPieToolTipGenerator(locale));
            }
            return new JFreeChart(title, JFreeChart.DEFAULT_TITLE_FONT, plot, 
                    legend);

        }"
"public void draw(Graphics2D g2,
                     Rectangle2D area,
                     Point2D anchor,
                     PlotState parentState,
                     PlotRenderingInfo info) {

        // set up info collection...
        if (info != null) {
            info.setPlotArea(area);
        }

        // adjust the drawing area for plot insets (if any)...
        RectangleInsets insets = getInsets();
        insets.trim(area);

        setFixedRangeAxisSpaceForSubplots(null);
        AxisSpace space = calculateAxisSpace(g2, area);
        Rectangle2D dataArea = space.shrink(area, null);

        // set the width and height of non-shared axis of all sub-plots
        setFixedRangeAxisSpaceForSubplots(space);

        // draw the shared axis
        ValueAxis axis = getDomainAxis();
        RectangleEdge edge = getDomainAxisEdge();
        double cursor = RectangleEdge.coordinate(dataArea, edge);
        AxisState axisState = axis.draw(g2, cursor, area, dataArea, edge, info);
        if (parentState == null) {
            parentState = new PlotState();
        }
        parentState.getSharedAxisStates().put(axis, axisState);

        // draw all the subplots
        for (int i = 0; i < this.subplots.size(); i++) {
            XYPlot plot = (XYPlot) this.subplots.get(i);
            PlotRenderingInfo subplotInfo = null;
            if (info != null) {
                subplotInfo = new PlotRenderingInfo(info.getOwner());
                info.addSubplotInfo(subplotInfo);
            }
            plot.draw(g2, this.subplotAreas[i], anchor, parentState,
                    subplotInfo);
        }

        if (info != null) {
            info.setDataArea(dataArea);
        }

    }","public void draw(Graphics2D g2, Rectangle2D area, Point2D anchor,
                     PlotState parentState,
                     PlotRenderingInfo info) {

        // set up info collection...
        if (info != null) {
            info.setPlotArea(area);
        }

        // adjust the drawing area for plot insets (if any)...
        RectangleInsets insets = getInsets();
        insets.trim(area);

        // calculate the data area...
        AxisSpace space = calculateAxisSpace(g2, area);
        Rectangle2D dataArea = space.shrink(area, null);

        // set the width and height of non-shared axis of all sub-plots
        setFixedDomainAxisSpaceForSubplots(space);

        // draw the shared axis
        ValueAxis axis = getRangeAxis();
        RectangleEdge rangeEdge = getRangeAxisEdge();
        double cursor = RectangleEdge.coordinate(dataArea, rangeEdge);
        AxisState state = axis.draw(g2, cursor, area, dataArea, rangeEdge, 
                info);
        if (parentState == null) {
            parentState = new PlotState();
        }
        parentState.getSharedAxisStates().put(axis, state);
        
        // draw all the charts
        for (int i = 0; i < this.subplots.size(); i++) {
            CategoryPlot plot = (CategoryPlot) this.subplots.get(i);
            PlotRenderingInfo subplotInfo = null;
            if (info != null) {
                subplotInfo = new PlotRenderingInfo(info.getOwner());
                info.addSubplotInfo(subplotInfo);
            }
            plot.draw(g2, this.subplotArea[i], null, parentState, subplotInfo);
        }

        if (info != null) {
            info.setDataArea(dataArea);
        }

    }",Type-3,"protected interface Interface0 {
		void apply();
	}

	protected void drawExtracted(PlotRenderingInfo info, Rectangle2D area, Graphics2D g2, PlotState parentState,
			Interface0 arg0, Consumer<AxisSpace> arg1, ValueAxis arg2, RectangleEdge arg3, Function<Integer, Plot> arg4,
			Supplier<Rectangle2D[]> arg5, Point2D arg6, List thisSubplots) {
		if (info != null) {
			info.setPlotArea(area);
		}
		RectangleInsets insets = getInsets();
		insets.trim(area);
		arg0.apply();
		AxisSpace space = calculateAxisSpace(g2, area);
		Rectangle2D dataArea = space.shrink(area, null);
		arg1.accept(space);
		ValueAxis axis = arg2;
		RectangleEdge edge = arg3;
		double cursor = RectangleEdge.coordinate(dataArea, edge);
		AxisState axisState = axis.draw(g2, cursor, area, dataArea, edge, info);
		if (parentState == null) {
			parentState = new PlotState();
		}
		parentState.getSharedAxisStates().put(axis, axisState);
		for (int i = 0; i < thisSubplots.size(); i++) {
			Plot plot = arg4.apply(i);
			PlotRenderingInfo subplotInfo = null;
			if (info != null) {
				subplotInfo = new PlotRenderingInfo(info.getOwner());
				info.addSubplotInfo(subplotInfo);
			}
			plot.draw(g2, arg5.get()[i], arg6, parentState, subplotInfo);
		}
		if (info != null) {
			info.setDataArea(dataArea);
		}
	}

public void draw(Graphics2D g2, Rectangle2D area, Point2D anchor,
                       PlotState parentState,
                       PlotRenderingInfo info) {

          drawExtracted(info, area, g2, parentState, () -> {
  						}, (AxisSpace space) -> {
  							setFixedDomainAxisSpaceForSubplots(space);
  						}, getRangeAxis(), getRangeAxisEdge(), (Integer i) -> (CategoryPlot) this.subplots.get((int) i),
  								() -> this.subplotArea, null, this.subplots);

      }

public void draw(Graphics2D g2,
                           Rectangle2D area,
                           Point2D anchor,
                           PlotState parentState,
                           PlotRenderingInfo info) {

              drawExtracted(info, area, g2, parentState, () -> {
      							setFixedRangeAxisSpaceForSubplots(null);
      						}, (AxisSpace space) -> {
      							setFixedRangeAxisSpaceForSubplots(space);
      						}, getDomainAxis(), getDomainAxisEdge(), (Integer i) -> (XYPlot) this.subplots.get((int) i),
      								() -> this.subplotAreas, anchor, this.subplots);

          }
"
"public static JFreeChart createScatterPlot(String title, String xAxisLabel,
            String yAxisLabel, XYDataset dataset, PlotOrientation orientation,
            boolean legend, boolean tooltips, boolean urls) {

        if (orientation == null) {
            throw new IllegalArgumentException(""Null 'orientation' argument."");
        }
        NumberAxis xAxis = new NumberAxis(xAxisLabel);
        xAxis.setAutoRangeIncludesZero(false);
        NumberAxis yAxis = new NumberAxis(yAxisLabel);
        yAxis.setAutoRangeIncludesZero(false);

        XYPlot plot = new XYPlot(dataset, xAxis, yAxis, null);

        XYToolTipGenerator toolTipGenerator = null;
        if (tooltips) {
            toolTipGenerator = new StandardXYToolTipGenerator();
        }

        XYURLGenerator urlGenerator = null;
        if (urls) {
            urlGenerator = new StandardXYURLGenerator();
        }
        XYItemRenderer renderer = new XYLineAndShapeRenderer(false, true);
        renderer.setBaseToolTipGenerator(toolTipGenerator);
        renderer.setURLGenerator(urlGenerator);
        plot.setRenderer(renderer);
        plot.setOrientation(orientation);

        JFreeChart chart = new JFreeChart(title, JFreeChart.DEFAULT_TITLE_FONT,
                plot, legend);
        return chart;

    }","public static JFreeChart createXYStepChart(String title,
                                               String xAxisLabel,
                                               String yAxisLabel,
                                               XYDataset dataset,
                                               PlotOrientation orientation,
                                               boolean legend,
                                               boolean tooltips,
                                               boolean urls) {

        if (orientation == null) {
            throw new IllegalArgumentException(""Null 'orientation' argument."");
        }
        DateAxis xAxis = new DateAxis(xAxisLabel);
        NumberAxis yAxis = new NumberAxis(yAxisLabel);
        yAxis.setStandardTickUnits(NumberAxis.createIntegerTickUnits());

        XYToolTipGenerator toolTipGenerator = null;
        if (tooltips) {
            toolTipGenerator = new StandardXYToolTipGenerator();
        }

        XYURLGenerator urlGenerator = null;
        if (urls) {
            urlGenerator = new StandardXYURLGenerator();
        }
        XYItemRenderer renderer 
            = new XYStepRenderer(toolTipGenerator, urlGenerator);

        XYPlot plot = new XYPlot(dataset, xAxis, yAxis, null);
        plot.setRenderer(renderer);
        plot.setOrientation(orientation);
        plot.setDomainCrosshairVisible(false);
        plot.setRangeCrosshairVisible(false);
        JFreeChart chart = new JFreeChart(title, JFreeChart.DEFAULT_TITLE_FONT,
                plot, legend);
        return chart;

    }",Type-3,"private interface Interface2 {
		XYLineAndShapeRenderer apply(XYToolTipGenerator toolTipGenerator, XYURLGenerator urlGenerator);
	}

	@FunctionalInterface
	private interface Interface3 {
		void apply(XYItemRenderer renderer, XYToolTipGenerator toolTipGenerator, XYURLGenerator urlGenerator);
	}

	private static JFreeChart createPlot(PlotOrientation orientation, String xAxisLabel, String yAxisLabel,
			XYDataset dataset, boolean tooltips, boolean urls, String title, boolean legend, Supplier<ValueAxis> arg0,
			Consumer<NumberAxis> arg1, Interface2 arg2, Interface3 arg3, Consumer<XYPlot> arg4) {
		if (orientation == null) {
			throw new IllegalArgumentException(""Null 'orientation' argument."");
		}
		ValueAxis xAxis = arg0.get();
		NumberAxis yAxis = new NumberAxis(yAxisLabel);
		arg1.accept(yAxis);
		XYPlot plot = new XYPlot(dataset, xAxis, yAxis, null);
		XYToolTipGenerator toolTipGenerator = null;
		if (tooltips) {
			toolTipGenerator = new StandardXYToolTipGenerator();
		}
		XYURLGenerator urlGenerator = null;
		if (urls) {
			urlGenerator = new StandardXYURLGenerator();
		}
		XYItemRenderer renderer = arg2.apply(toolTipGenerator, urlGenerator);
		arg3.apply(renderer, toolTipGenerator, urlGenerator);
		plot.setRenderer(renderer);
		plot.setOrientation(orientation);
		arg4.accept(plot);
		JFreeChart chart = new JFreeChart(title, JFreeChart.DEFAULT_TITLE_FONT, plot, legend);
		return chart;
	}

public static JFreeChart createScatterPlot(String title, String xAxisLabel,
            String yAxisLabel, XYDataset dataset, PlotOrientation orientation,
            boolean legend, boolean tooltips, boolean urls) {

        return createPlot(orientation, xAxisLabel, yAxisLabel, dataset, tooltips, urls, title, legend, () -> {
					NumberAxis xAxis = new NumberAxis(xAxisLabel);
					xAxis.setAutoRangeIncludesZero(false);
					return xAxis;
				}, (NumberAxis yAxis) -> {
					yAxis.setAutoRangeIncludesZero(false);
				}, (XYToolTipGenerator toolTipGenerator,
						XYURLGenerator urlGenerator) -> new XYLineAndShapeRenderer(false, true),
						(XYItemRenderer renderer, XYToolTipGenerator toolTipGenerator, XYURLGenerator urlGenerator) -> {
							renderer.setBaseToolTipGenerator(toolTipGenerator);
							renderer.setURLGenerator(urlGenerator);
						}, (XYPlot plot) -> {
						});

    }

public static JFreeChart createXYStepChart(String title,
                                               String xAxisLabel,
                                               String yAxisLabel,
                                               XYDataset dataset,
                                               PlotOrientation orientation,
                                               boolean legend,
                                               boolean tooltips,
                                               boolean urls) {

        return createPlot(orientation, xAxisLabel, yAxisLabel, dataset,
														tooltips, urls, title, legend, () -> {
															DateAxis xAxis = new DateAxis(xAxisLabel);
															return xAxis;
														}, (NumberAxis yAxis) -> {
															yAxis.setStandardTickUnits(
																	NumberAxis.createIntegerTickUnits());
														},
														(XYToolTipGenerator toolTipGenerator,
																XYURLGenerator urlGenerator) -> new XYStepRenderer(
																		toolTipGenerator, urlGenerator),
														(XYItemRenderer renderer, XYToolTipGenerator toolTipGenerator,
																XYURLGenerator urlGenerator) -> {
														}, (XYPlot plot) -> {
															plot.setDomainCrosshairVisible(false);
															plot.setRangeCrosshairVisible(false);
														});

    }"
"public static JFreeChart createScatterPlot(String title, String xAxisLabel,
            String yAxisLabel, XYDataset dataset, PlotOrientation orientation,
            boolean legend, boolean tooltips, boolean urls) {

        if (orientation == null) {
            throw new IllegalArgumentException(""Null 'orientation' argument."");
        }
        NumberAxis xAxis = new NumberAxis(xAxisLabel);
        xAxis.setAutoRangeIncludesZero(false);
        NumberAxis yAxis = new NumberAxis(yAxisLabel);
        yAxis.setAutoRangeIncludesZero(false);

        XYPlot plot = new XYPlot(dataset, xAxis, yAxis, null);

        XYToolTipGenerator toolTipGenerator = null;
        if (tooltips) {
            toolTipGenerator = new StandardXYToolTipGenerator();
        }

        XYURLGenerator urlGenerator = null;
        if (urls) {
            urlGenerator = new StandardXYURLGenerator();
        }
        XYItemRenderer renderer = new XYLineAndShapeRenderer(false, true);
        renderer.setBaseToolTipGenerator(toolTipGenerator);
        renderer.setURLGenerator(urlGenerator);
        plot.setRenderer(renderer);
        plot.setOrientation(orientation);

        JFreeChart chart = new JFreeChart(title, JFreeChart.DEFAULT_TITLE_FONT,
                plot, legend);
        return chart;

    }","public static JFreeChart createXYStepAreaChart(String title,
                                                   String xAxisLabel,
                                                   String yAxisLabel,
                                                   XYDataset dataset,
                                                   PlotOrientation orientation,
                                                   boolean legend,
                                                   boolean tooltips,
                                                   boolean urls) {

        if (orientation == null) {
            throw new IllegalArgumentException(""Null 'orientation' argument."");
        }
        NumberAxis xAxis = new NumberAxis(xAxisLabel);
        xAxis.setAutoRangeIncludesZero(false);
        NumberAxis yAxis = new NumberAxis(yAxisLabel);

        XYToolTipGenerator toolTipGenerator = null;
        if (tooltips) {
            toolTipGenerator = new StandardXYToolTipGenerator();
        }

        XYURLGenerator urlGenerator = null;
        if (urls) {
            urlGenerator = new StandardXYURLGenerator();
        }
        XYItemRenderer renderer = new XYStepAreaRenderer(
                XYStepAreaRenderer.AREA_AND_SHAPES, toolTipGenerator, 
                urlGenerator);

        XYPlot plot = new XYPlot(dataset, xAxis, yAxis, null);
        plot.setRenderer(renderer);
        plot.setOrientation(orientation);
        plot.setDomainCrosshairVisible(false);
        plot.setRangeCrosshairVisible(false);
        JFreeChart chart = new JFreeChart(title, JFreeChart.DEFAULT_TITLE_FONT,
                plot, legend);
        return chart;
    }",Type-3,"private interface Interface1 {
		AbstractXYItemRenderer apply(XYToolTipGenerator toolTipGenerator, XYURLGenerator urlGenerator);
	}

	@FunctionalInterface
	private interface Interface2 {
		void apply(XYItemRenderer renderer, XYToolTipGenerator toolTipGenerator, XYURLGenerator urlGenerator);
	}

	private static JFreeChart createPlot(PlotOrientation orientation, String xAxisLabel, String yAxisLabel,
			XYDataset dataset, boolean tooltips, boolean urls, String title, boolean legend, Consumer<NumberAxis> arg0,
			Interface1 arg1, Interface2 arg2, Consumer<XYPlot> arg3) {
		if (orientation == null) {
			throw new IllegalArgumentException(""Null 'orientation' argument."");
		}
		NumberAxis xAxis = new NumberAxis(xAxisLabel);
		xAxis.setAutoRangeIncludesZero(false);
		NumberAxis yAxis = new NumberAxis(yAxisLabel);
		arg0.accept(yAxis);
		XYPlot plot = new XYPlot(dataset, xAxis, yAxis, null);
		XYToolTipGenerator toolTipGenerator = null;
		if (tooltips) {
			toolTipGenerator = new StandardXYToolTipGenerator();
		}
		XYURLGenerator urlGenerator = null;
		if (urls) {
			urlGenerator = new StandardXYURLGenerator();
		}
		XYItemRenderer renderer = arg1.apply(toolTipGenerator, urlGenerator);
		arg2.apply(renderer, toolTipGenerator, urlGenerator);
		plot.setRenderer(renderer);
		plot.setOrientation(orientation);
		arg3.accept(plot);
		JFreeChart chart = new JFreeChart(title, JFreeChart.DEFAULT_TITLE_FONT, plot, legend);
		return chart;
	}

public static JFreeChart createScatterPlot(String title, String xAxisLabel,
            String yAxisLabel, XYDataset dataset, PlotOrientation orientation,
            boolean legend, boolean tooltips, boolean urls) {

        return createPlot(orientation, xAxisLabel, yAxisLabel, dataset, tooltips, urls, title, legend,
						(NumberAxis yAxis) -> {
							yAxis.setAutoRangeIncludesZero(false);
						},
						(XYToolTipGenerator toolTipGenerator,
								XYURLGenerator urlGenerator) -> new XYLineAndShapeRenderer(false, true),
						(XYItemRenderer renderer, XYToolTipGenerator toolTipGenerator, XYURLGenerator urlGenerator) -> {
							renderer.setBaseToolTipGenerator(toolTipGenerator);
							renderer.setURLGenerator(urlGenerator);
						}, (XYPlot plot) -> {
						});

    }

public static JFreeChart createXYStepAreaChart(String title,
                                                   String xAxisLabel,
                                                   String yAxisLabel,
                                                   XYDataset dataset,
                                                   PlotOrientation orientation,
                                                   boolean legend,
                                                   boolean tooltips,
                                                   boolean urls) {

        return createPlot(orientation, xAxisLabel, yAxisLabel, dataset,
															tooltips, urls, title, legend, (NumberAxis yAxis) -> {
															},
															(XYToolTipGenerator toolTipGenerator,
																	XYURLGenerator urlGenerator) -> new XYStepAreaRenderer(
																			XYStepAreaRenderer.AREA_AND_SHAPES,
																			toolTipGenerator, urlGenerator),
															(XYItemRenderer renderer,
																	XYToolTipGenerator toolTipGenerator,
																	XYURLGenerator urlGenerator) -> {
															}, (XYPlot plot) -> {
																plot.setDomainCrosshairVisible(false);
																plot.setRangeCrosshairVisible(false);
															});
    }"
"public static JFreeChart createStackedBarChart(String title,
                                                   String domainAxisLabel,
                                                   String rangeAxisLabel,
                                                   CategoryDataset dataset,
                                                   PlotOrientation orientation,
                                                   boolean legend,
                                                   boolean tooltips,
                                                   boolean urls) {

        if (orientation == null) {
            throw new IllegalArgumentException(""Null 'orientation' argument."");
        }

        CategoryAxis categoryAxis = new CategoryAxis(domainAxisLabel);
        ValueAxis valueAxis = new NumberAxis(rangeAxisLabel);

        StackedBarRenderer renderer = new StackedBarRenderer();
        if (tooltips) {
            renderer.setBaseToolTipGenerator(
                    new StandardCategoryToolTipGenerator());
        }
        if (urls) {
            renderer.setBaseItemURLGenerator(
                    new StandardCategoryURLGenerator());
        }

        CategoryPlot plot = new CategoryPlot(dataset, categoryAxis, valueAxis, 
                renderer);
        plot.setOrientation(orientation);
        JFreeChart chart = new JFreeChart(title, JFreeChart.DEFAULT_TITLE_FONT,
                plot, legend);

        return chart;

    }","public static JFreeChart createAreaChart(String title,
                                             String categoryAxisLabel,
                                             String valueAxisLabel,
                                             CategoryDataset dataset,
                                             PlotOrientation orientation,
                                             boolean legend,
                                             boolean tooltips,
                                             boolean urls) {

        if (orientation == null) {
            throw new IllegalArgumentException(""Null 'orientation' argument."");
        }
        CategoryAxis categoryAxis = new CategoryAxis(categoryAxisLabel);
        categoryAxis.setCategoryMargin(0.0);

        ValueAxis valueAxis = new NumberAxis(valueAxisLabel);

        AreaRenderer renderer = new AreaRenderer();
        if (tooltips) {
            renderer.setBaseToolTipGenerator(
                    new StandardCategoryToolTipGenerator());
        }
        if (urls) {
            renderer.setBaseItemURLGenerator(
                    new StandardCategoryURLGenerator());
        }

        CategoryPlot plot = new CategoryPlot(dataset, categoryAxis, valueAxis, 
                renderer);
        plot.setOrientation(orientation);
        JFreeChart chart = new JFreeChart(title, JFreeChart.DEFAULT_TITLE_FONT,
                plot, legend);

        return chart;

    }",Type-3,"private static JFreeChart createsBarChart(PlotOrientation orientation, String domainAxisLabel,
			String rangeAxisLabel, boolean tooltips, boolean urls, CategoryDataset dataset, String title,
			boolean legend, Consumer<CategoryAxis> arg0, Supplier<AbstractCategoryItemRenderer> arg1) {
		if (orientation == null) {
			throw new IllegalArgumentException(""Null 'orientation' argument."");
		}
		CategoryAxis categoryAxis = new CategoryAxis(domainAxisLabel);
		arg0.accept(categoryAxis);
		ValueAxis valueAxis = new NumberAxis(rangeAxisLabel);
		AbstractCategoryItemRenderer renderer = arg1.get();
		if (tooltips) {
			renderer.setBaseToolTipGenerator(new StandardCategoryToolTipGenerator());
		}
		if (urls) {
			renderer.setBaseItemURLGenerator(new StandardCategoryURLGenerator());
		}
		CategoryPlot plot = new CategoryPlot(dataset, categoryAxis, valueAxis, renderer);
		plot.setOrientation(orientation);
		JFreeChart chart = new JFreeChart(title, JFreeChart.DEFAULT_TITLE_FONT, plot, legend);
		return chart;
	}

public static JFreeChart createStackedBarChart(String title,
                                                   String domainAxisLabel,
                                                   String rangeAxisLabel,
                                                   CategoryDataset dataset,
                                                   PlotOrientation orientation,
                                                   boolean legend,
                                                   boolean tooltips,
                                                   boolean urls) {

        return createsBarChart(orientation, domainAxisLabel, rangeAxisLabel,
															tooltips, urls, dataset, title, legend,
															(CategoryAxis categoryAxis) -> {
															}, () -> new StackedBarRenderer());

    }

public static JFreeChart createAreaChart(String title,
                                             String categoryAxisLabel,
                                             String valueAxisLabel,
                                             CategoryDataset dataset,
                                             PlotOrientation orientation,
                                             boolean legend,
                                             boolean tooltips,
                                             boolean urls) {

        return createsBarChart(orientation, categoryAxisLabel, valueAxisLabel,
														tooltips, urls, dataset, title, legend,
														(CategoryAxis categoryAxis) -> {
															categoryAxis.setCategoryMargin(0.0);
														}, () -> new AreaRenderer());

    }"
"public static JFreeChart createAreaChart(String title,
                                             String categoryAxisLabel,
                                             String valueAxisLabel,
                                             CategoryDataset dataset,
                                             PlotOrientation orientation,
                                             boolean legend,
                                             boolean tooltips,
                                             boolean urls) {

        if (orientation == null) {
            throw new IllegalArgumentException(""Null 'orientation' argument."");
        }
        CategoryAxis categoryAxis = new CategoryAxis(categoryAxisLabel);
        categoryAxis.setCategoryMargin(0.0);

        ValueAxis valueAxis = new NumberAxis(valueAxisLabel);

        AreaRenderer renderer = new AreaRenderer();
        if (tooltips) {
            renderer.setBaseToolTipGenerator(
                    new StandardCategoryToolTipGenerator());
        }
        if (urls) {
            renderer.setBaseItemURLGenerator(
                    new StandardCategoryURLGenerator());
        }

        CategoryPlot plot = new CategoryPlot(dataset, categoryAxis, valueAxis, 
                renderer);
        plot.setOrientation(orientation);
        JFreeChart chart = new JFreeChart(title, JFreeChart.DEFAULT_TITLE_FONT,
                plot, legend);

        return chart;

    }","public static JFreeChart createStackedAreaChart(String title,
                                                    String categoryAxisLabel,
                                                    String valueAxisLabel,
                                                    CategoryDataset dataset,
                                                    PlotOrientation orientation,
                                                    boolean legend,
                                                    boolean tooltips,
                                                    boolean urls) {

        if (orientation == null) {
            throw new IllegalArgumentException(""Null 'orientation' argument."");
        }
        CategoryAxis categoryAxis = new CategoryAxis(categoryAxisLabel);
        ValueAxis valueAxis = new NumberAxis(valueAxisLabel);

        StackedAreaRenderer renderer = new StackedAreaRenderer();
        if (tooltips) {
            renderer.setBaseToolTipGenerator(
                    new StandardCategoryToolTipGenerator());
        }
        if (urls) {
            renderer.setBaseItemURLGenerator(
                    new StandardCategoryURLGenerator());
        }

        CategoryPlot plot = new CategoryPlot(dataset, categoryAxis, valueAxis, 
                renderer);
        plot.setOrientation(orientation);
        JFreeChart chart = new JFreeChart(title, JFreeChart.DEFAULT_TITLE_FONT, 
                plot, legend);

        return chart;

    }",Type-3,"private static JFreeChart createChart(PlotOrientation orientation, String categoryAxisLabel, String valueAxisLabel,
			boolean tooltips, boolean urls, CategoryDataset dataset, String title, boolean legend,
			Consumer<CategoryAxis> arg0, Supplier<AreaRenderer> arg1) {
		if (orientation == null) {
			throw new IllegalArgumentException(""Null 'orientation' argument."");
		}
		CategoryAxis categoryAxis = new CategoryAxis(categoryAxisLabel);
		arg0.accept(categoryAxis);
		ValueAxis valueAxis = new NumberAxis(valueAxisLabel);
		AreaRenderer renderer = arg1.get();
		if (tooltips) {
			renderer.setBaseToolTipGenerator(new StandardCategoryToolTipGenerator());
		}
		if (urls) {
			renderer.setBaseItemURLGenerator(new StandardCategoryURLGenerator());
		}
		CategoryPlot plot = new CategoryPlot(dataset, categoryAxis, valueAxis, renderer);
		plot.setOrientation(orientation);
		JFreeChart chart = new JFreeChart(title, JFreeChart.DEFAULT_TITLE_FONT, plot, legend);
		return chart;
	}

public static JFreeChart createStackedAreaChart(String title,
                                                    String categoryAxisLabel,
                                                    String valueAxisLabel,
                                                    CategoryDataset dataset,
                                                    PlotOrientation orientation,
                                                    boolean legend,
                                                    boolean tooltips,
                                                    boolean urls) {

        return createChart(orientation, categoryAxisLabel,
																valueAxisLabel, tooltips, urls, dataset, title, legend,
																(CategoryAxis categoryAxis) -> {
																}, () -> new StackedAreaRenderer());

    }

    public static JFreeChart createAreaChart(String title,
                                                 String categoryAxisLabel,
                                                 String valueAxisLabel,
                                                 CategoryDataset dataset,
                                                 PlotOrientation orientation,
                                                 boolean legend,
                                                 boolean tooltips,
                                                 boolean urls) {

            return createChart(orientation, categoryAxisLabel, valueAxisLabel,
    														tooltips, urls, dataset, title, legend,
    														(CategoryAxis categoryAxis) -> {
    															categoryAxis.setCategoryMargin(0.0);
    														}, () -> new AreaRenderer());

        }"
"public static JFreeChart createAreaChart(String title,
                                             String categoryAxisLabel,
                                             String valueAxisLabel,
                                             CategoryDataset dataset,
                                             PlotOrientation orientation,
                                             boolean legend,
                                             boolean tooltips,
                                             boolean urls) {

        if (orientation == null) {
            throw new IllegalArgumentException(""Null 'orientation' argument."");
        }
        CategoryAxis categoryAxis = new CategoryAxis(categoryAxisLabel);
        categoryAxis.setCategoryMargin(0.0);

        ValueAxis valueAxis = new NumberAxis(valueAxisLabel);

        AreaRenderer renderer = new AreaRenderer();
        if (tooltips) {
            renderer.setBaseToolTipGenerator(
                    new StandardCategoryToolTipGenerator());
        }
        if (urls) {
            renderer.setBaseItemURLGenerator(
                    new StandardCategoryURLGenerator());
        }

        CategoryPlot plot = new CategoryPlot(dataset, categoryAxis, valueAxis, 
                renderer);
        plot.setOrientation(orientation);
        JFreeChart chart = new JFreeChart(title, JFreeChart.DEFAULT_TITLE_FONT,
                plot, legend);

        return chart;

    }","public static JFreeChart createLineChart3D(String title,
                                               String categoryAxisLabel,
                                               String valueAxisLabel,
                                               CategoryDataset dataset,
                                               PlotOrientation orientation,
                                               boolean legend,
                                               boolean tooltips,
                                               boolean urls) {

        if (orientation == null) {
            throw new IllegalArgumentException(""Null 'orientation' argument."");
        }
        CategoryAxis categoryAxis = new CategoryAxis3D(categoryAxisLabel);
        ValueAxis valueAxis = new NumberAxis3D(valueAxisLabel);

        LineRenderer3D renderer = new LineRenderer3D();
        if (tooltips) {
            renderer.setBaseToolTipGenerator(
                    new StandardCategoryToolTipGenerator());
        }
        if (urls) {
            renderer.setBaseItemURLGenerator(
                    new StandardCategoryURLGenerator());
        }
        CategoryPlot plot = new CategoryPlot(dataset, categoryAxis, valueAxis, 
                renderer);
        plot.setOrientation(orientation);
        JFreeChart chart = new JFreeChart(title, JFreeChart.DEFAULT_TITLE_FONT,
                plot, legend);

        return chart;

    }",Type-3,"private static JFreeChart createChart(PlotOrientation orientation, String categoryAxisLabel, String valueAxisLabel,
			boolean tooltips, boolean urls, CategoryDataset dataset, String title, boolean legend,
			Supplier<CategoryAxis> arg0, Consumer<CategoryAxis> arg1, Supplier<NumberAxis> arg2,
			Supplier<AbstractCategoryItemRenderer> arg3) {
		if (orientation == null) {
			throw new IllegalArgumentException(""Null 'orientation' argument."");
		}
		CategoryAxis categoryAxis = arg0.get();
		arg1.accept(categoryAxis);
		ValueAxis valueAxis = arg2.get();
		AbstractCategoryItemRenderer renderer = arg3.get();
		if (tooltips) {
			renderer.setBaseToolTipGenerator(new StandardCategoryToolTipGenerator());
		}
		if (urls) {
			renderer.setBaseItemURLGenerator(new StandardCategoryURLGenerator());
		}
		CategoryPlot plot = new CategoryPlot(dataset, categoryAxis, valueAxis, renderer);
		plot.setOrientation(orientation);
		JFreeChart chart = new JFreeChart(title, JFreeChart.DEFAULT_TITLE_FONT, plot, legend);
		return chart;
	}

public static JFreeChart createAreaChart(String title,
                                             String categoryAxisLabel,
                                             String valueAxisLabel,
                                             CategoryDataset dataset,
                                             PlotOrientation orientation,
                                             boolean legend,
                                             boolean tooltips,
                                             boolean urls) {

        return createChart(orientation, categoryAxisLabel, valueAxisLabel,
														tooltips, urls, dataset, title, legend,
														() -> new CategoryAxis(categoryAxisLabel),
														(CategoryAxis categoryAxis) -> {
															categoryAxis.setCategoryMargin(0.0);
														}, () -> new NumberAxis(valueAxisLabel),
														() -> new AreaRenderer());

    }

public static JFreeChart createLineChart3D(String title,
                                               String categoryAxisLabel,
                                               String valueAxisLabel,
                                               CategoryDataset dataset,
                                               PlotOrientation orientation,
                                               boolean legend,
                                               boolean tooltips,
                                               boolean urls) {

        return createChart(orientation, categoryAxisLabel, valueAxisLabel,
														tooltips, urls, dataset, title, legend,
														() -> new CategoryAxis3D(categoryAxisLabel),
														(CategoryAxis categoryAxis) -> {
														}, () -> new NumberAxis3D(valueAxisLabel),
														() -> new LineRenderer3D());

    }"
"public static JFreeChart createAreaChart(String title,
                                             String categoryAxisLabel,
                                             String valueAxisLabel,
                                             CategoryDataset dataset,
                                             PlotOrientation orientation,
                                             boolean legend,
                                             boolean tooltips,
                                             boolean urls) {

        if (orientation == null) {
            throw new IllegalArgumentException(""Null 'orientation' argument."");
        }
        CategoryAxis categoryAxis = new CategoryAxis(categoryAxisLabel);
        categoryAxis.setCategoryMargin(0.0);

        ValueAxis valueAxis = new NumberAxis(valueAxisLabel);

        AreaRenderer renderer = new AreaRenderer();
        if (tooltips) {
            renderer.setBaseToolTipGenerator(
                    new StandardCategoryToolTipGenerator());
        }
        if (urls) {
            renderer.setBaseItemURLGenerator(
                    new StandardCategoryURLGenerator());
        }

        CategoryPlot plot = new CategoryPlot(dataset, categoryAxis, valueAxis, 
                renderer);
        plot.setOrientation(orientation);
        JFreeChart chart = new JFreeChart(title, JFreeChart.DEFAULT_TITLE_FONT,
                plot, legend);

        return chart;

    }","public static JFreeChart createLineChart(String title,
                                             String categoryAxisLabel,
                                             String valueAxisLabel,
                                             CategoryDataset dataset,
                                             PlotOrientation orientation,
                                             boolean legend,
                                             boolean tooltips,
                                             boolean urls) {

        if (orientation == null) {
            throw new IllegalArgumentException(""Null 'orientation' argument."");
        }
        CategoryAxis categoryAxis = new CategoryAxis(categoryAxisLabel);
        ValueAxis valueAxis = new NumberAxis(valueAxisLabel);

        LineAndShapeRenderer renderer = new LineAndShapeRenderer(true, false);
        if (tooltips) {
            renderer.setBaseToolTipGenerator(
                    new StandardCategoryToolTipGenerator());
        }
        if (urls) {
            renderer.setBaseItemURLGenerator(
                    new StandardCategoryURLGenerator());
        }
        CategoryPlot plot = new CategoryPlot(dataset, categoryAxis, valueAxis, 
                renderer);
        plot.setOrientation(orientation);
        JFreeChart chart = new JFreeChart(title, JFreeChart.DEFAULT_TITLE_FONT,
                plot, legend);

        return chart;

    }",Type-3,"private static JFreeChart createChart(PlotOrientation orientation, String categoryAxisLabel, String valueAxisLabel,
			boolean tooltips, boolean urls, CategoryDataset dataset, String title, boolean legend,
			Consumer<CategoryAxis> arg0, Supplier<AbstractCategoryItemRenderer> arg1) {
		if (orientation == null) {
			throw new IllegalArgumentException(""Null 'orientation' argument."");
		}
		CategoryAxis categoryAxis = new CategoryAxis(categoryAxisLabel);
		arg0.accept(categoryAxis);
		ValueAxis valueAxis = new NumberAxis(valueAxisLabel);
		AbstractCategoryItemRenderer renderer = arg1.get();
		if (tooltips) {
			renderer.setBaseToolTipGenerator(new StandardCategoryToolTipGenerator());
		}
		if (urls) {
			renderer.setBaseItemURLGenerator(new StandardCategoryURLGenerator());
		}
		CategoryPlot plot = new CategoryPlot(dataset, categoryAxis, valueAxis, renderer);
		plot.setOrientation(orientation);
		JFreeChart chart = new JFreeChart(title, JFreeChart.DEFAULT_TITLE_FONT, plot, legend);
		return chart;
	}

public static JFreeChart createAreaChart(String title,
                                             String categoryAxisLabel,
                                             String valueAxisLabel,
                                             CategoryDataset dataset,
                                             PlotOrientation orientation,
                                             boolean legend,
                                             boolean tooltips,
                                             boolean urls) {

        return createChart(orientation, categoryAxisLabel, valueAxisLabel,
														tooltips, urls, dataset, title, legend,
														(CategoryAxis categoryAxis) -> {
															categoryAxis.setCategoryMargin(0.0);
														}, () -> new AreaRenderer());

    }

public static JFreeChart createLineChart(String title,
                                             String categoryAxisLabel,
                                             String valueAxisLabel,
                                             CategoryDataset dataset,
                                             PlotOrientation orientation,
                                             boolean legend,
                                             boolean tooltips,
                                             boolean urls) {

        return createChart(orientation, categoryAxisLabel, valueAxisLabel,
														tooltips, urls, dataset, title, legend,
														(CategoryAxis categoryAxis) -> {
														}, () -> new LineAndShapeRenderer(true, false));

    }"
"public static JFreeChart createPieChart(String title,
                                            PieDataset dataset,
                                            boolean legend,
                                            boolean tooltips,
                                            boolean urls) {

        PiePlot plot = new PiePlot(dataset);
        plot.setLabelGenerator(new StandardPieSectionLabelGenerator());
        plot.setInsets(new RectangleInsets(0.0, 5.0, 5.0, 5.0));
        if (tooltips) {
            plot.setToolTipGenerator(new StandardPieToolTipGenerator());
        }
        if (urls) {
            plot.setURLGenerator(new StandardPieURLGenerator());
        }
        return new JFreeChart(title, JFreeChart.DEFAULT_TITLE_FONT, plot, 
                legend);

    }","public static JFreeChart createPieChart3D(String title,
                                              PieDataset dataset,
                                              boolean legend,
                                              boolean tooltips,
                                              boolean urls) {

        PiePlot3D plot = new PiePlot3D(dataset);
        plot.setInsets(new RectangleInsets(0.0, 5.0, 5.0, 5.0));
        if (tooltips) {
            plot.setToolTipGenerator(new StandardPieToolTipGenerator());
        }
        if (urls) {
            plot.setURLGenerator(new StandardPieURLGenerator());
        }
        return new JFreeChart(title, JFreeChart.DEFAULT_TITLE_FONT, plot, 
                legend);

    }",Type-3,"private static JFreeChart createChart(PieDataset dataset, boolean tooltips, boolean urls, String title,
			boolean legend, Supplier<PiePlot> arg0) {
		PiePlot plot = arg0.get();
		plot.setInsets(new RectangleInsets(0.0, 5.0, 5.0, 5.0));
		if (tooltips) {
			plot.setToolTipGenerator(new StandardPieToolTipGenerator());
		}
		if (urls) {
			plot.setURLGenerator(new StandardPieURLGenerator());
		}
		return new JFreeChart(title, JFreeChart.DEFAULT_TITLE_FONT, plot, legend);
	}

public static JFreeChart createPieChart(String title,
                                            PieDataset dataset,
                                            boolean legend,
                                            boolean tooltips,
                                            boolean urls) {

        return createChart(dataset, tooltips, urls, title, legend, () -> {
													PiePlot plot = new PiePlot(dataset);
													plot.setLabelGenerator(new StandardPieSectionLabelGenerator());
													return plot;
												});

    }

public static JFreeChart createPieChart3D(String title,
                                              PieDataset dataset,
                                              boolean legend,
                                              boolean tooltips,
                                              boolean urls) {

        return createChart(dataset, tooltips, urls, title, legend, () -> {
													PiePlot3D plot = new PiePlot3D(dataset);
													return plot;
												});

    }"
"if (orientation == PlotOrientation.VERTICAL) {
                    right.moveTo(transX1, transStack1);
                    right.lineTo(transX1, transY1);
                    right.lineTo(transXRight, transStackRight);
            	}
            	else {
                    right.moveTo(transStack1, transX1);
                    right.lineTo(transY1, transX1);
                    right.lineTo(transStackRight, transXRight);
            	}
                right.closePath();","if (orientation == PlotOrientation.VERTICAL) {
                    left.moveTo(transX1, transStack1);
                    left.lineTo(transX1, transY1);
                    left.lineTo(transXLeft, transStackLeft);
            	}
            	else {
                    left.moveTo(transStack1, transX1);
                    left.lineTo(transY1, transX1);
                    left.lineTo(transStackLeft, transXLeft);
            	}",Type-3,"private void drawItemExtracted(PlotOrientation orientation, float transX1, GeneralPath right, float transStack1,
			float transY1, float transXRight, float transStackRight) {
		if (orientation == PlotOrientation.VERTICAL) {
			right.moveTo(transX1, transStack1);
			right.lineTo(transX1, transY1);
			right.lineTo(transXRight, transStackRight);
		} else {
			right.moveTo(transStack1, transX1);
			right.lineTo(transY1, transX1);
			right.lineTo(transStackRight, transXRight);
		}
	}

  drawItemExtracted(orientation, transX1, right, transStack1, transY1, transXRight, transStackRight);

  drawItemExtracted(orientation, transX1, left, transStack1, transY1, transXLeft, transStackLeft);"
"if (orientation == PlotOrientation.VERTICAL) {
                    left.moveTo(transX1, transStack1);
                    left.lineTo(transX1, transY1);
                    left.lineTo(transXLeft, transStackLeft);
            	}
            	else {
                    left.moveTo(transStack1, transX1);
                    left.lineTo(transY1, transX1);
                    left.lineTo(transStackLeft, transXLeft);
            	}
                left.closePath();","if (orientation == PlotOrientation.VERTICAL) {
                    right.moveTo(transX1, transStack1);
                    right.lineTo(transX1, transY1);
                    right.lineTo(transXRight, transStackRight);
            	}
            	else {
                    right.moveTo(transStack1, transX1);
                    right.lineTo(transY1, transX1);
                    right.lineTo(transStackRight, transXRight);
            	}",Type-3,"private void drawItemExtracted(PlotOrientation orientation, float transX1, GeneralPath left, float transStack1,
			float transY1, float transXLeft, float transStackLeft) {
		if (orientation == PlotOrientation.VERTICAL) {
			left.moveTo(transX1, transStack1);
			left.lineTo(transX1, transY1);
			left.lineTo(transXLeft, transStackLeft);
		} else {
			left.moveTo(transStack1, transX1);
			left.lineTo(transY1, transX1);
			left.lineTo(transStackLeft, transXLeft);
		}
	}

  drawItemExtracted(orientation, transX1, left, transStack1, transY1, transXLeft, transStackLeft);

  drawItemExtracted(orientation, transX1, right, transStack1, transY1, transXRight, transStackRight);"
"import java.util.*;

public class Main {
	
	public static void main(String[] args) {
		Scanner sc = new Scanner(System.in);
		
		while(true){
			int n = sc.nextInt();
			if(n==0) break;
			
			String s;
			String[][] a = new String[n][];
			int p;
			for(int i=0;i<n;i++){
				s = sc.next().replaceAll("":"", "" "").replaceAll("","", "" "");
				a[i] = s.split("" "");
				p = a[i].length-1;
				a[i][p] = a[i][p].substring(0,a[i][p].length()-1);
				
			}
			
			ArrayList<String> list = new ArrayList<String>();
			for(int i=1;i<a[0].length;i++) list.add(a[0][i]);
			
			boolean flag;
			while(true){
				flag = false;
				for(int i=1;i<n;i++){
					if(list.contains(a[i][0])==true){
						flag = true;
						list.remove(list.indexOf(a[i][0]));
						for(int j=1;j<a[i].length;j++){
							if(list.contains(a[i][j])==false) list.add(a[i][j]);
						}
					}
				}
				if(flag==false) break;
			}
			
			System.out.println(list.size());
		}	
	}	
}","import java.util.HashMap;
import java.util.Scanner;
import java.util.TreeSet;

public class Main 
{
	static HashMap<String, String> groupdef;
	static String firstgroup;
	static TreeSet<String> members;
	static TreeSet<String> checked;
	
	static void get(String g)
	{
		String con = groupdef.get(g);
//		System.out.println(""Getting "" + g + ""..."");
		if(checked.contains(g))return;
		
		int start = 0;
		int mem = 0;
		for(int i = 0; i < con.length(); i++)
		{
			if(con.charAt(i) == ',' || con.charAt(i) == '.')
			{
				String word = con.substring(start, i);
				start = i+1;
				
				if(groupdef.containsKey(word))
				{
					get(word);
				}
				else
				{
					members.add(word);
				}
			}
		}
		checked.add(g);
//		cache.put(g, mem);
	}

	public static void main(String[] args) 
	{
		Scanner sc = new Scanner(System.in);
		
		while(true)
		{
			int n = sc.nextInt();
			if(n == 0)break;
			groupdef = new HashMap<String, String>();
//			cache = new HashMap<String, Integer>();
			members = new TreeSet<String>();
			checked = new TreeSet<String>();
			
			for(int i = 0; i < n; i++)
			{
				String s = sc.next();
				int lim = s.indexOf(':');
				String groupname = s.substring(0, lim);
				String groupcon = s.substring(lim+1);
				if(i == 0)firstgroup = groupname;
				groupdef.put(groupname, groupcon);
			}
			
			get(firstgroup);
			System.out.println(members.size());
//			System.out.println(members);
		}
		

	}

}",Type-4,"private static void expandGroupExtracted(
        String group,
        Map<String, String> groupdef,
        Set<String> visited,
        Set<String> members) {

    if (visited.contains(group)) return;
    visited.add(group);

    String con = groupdef.get(group);
    if (con == null) return;

    int start = 0;
    for (int i = 0; i < con.length(); i++) {
        char c = con.charAt(i);
        if (c == ',' || c == '.') {
            String token = con.substring(start, i);
            start = i + 1;

            if (groupdef.containsKey(token)) {
                expandGroupExtracted(token, groupdef, visited, members);
            } else {
                members.add(token);
            }
        }
    }
}



public class MainA {

    public static void main(String[] args) {
        Scanner sc = new Scanner(System.in);

        while (true) {
            int n = sc.nextInt();
            if (n == 0) break;

            Map<String, String> groupdef = new HashMap<>();
            String firstGroup = null;

            for (int i = 0; i < n; i++) {
                String s = sc.next();
                int k = s.indexOf(':');
                String gname = s.substring(0, k);
                String gcon  = s.substring(k + 1);

                if (i == 0) firstGroup = gname;
                groupdef.put(gname, gcon);
            }

            Set<String> members = new HashSet<>();
            Set<String> visited = new HashSet<>();

            expandGroupExtracted(firstGroup, groupdef, visited, members);

            System.out.println(members.size());
        }
    }
}



public class MainB {

    public static void main(String[] args) {
        Scanner sc = new Scanner(System.in);

        while (true) {
            int n = sc.nextInt();
            if (n == 0) break;

            Map<String, String> groupdef = new HashMap<>();
            String firstGroup = null;

            for (int i = 0; i < n; i++) {
                String s = sc.next();
                int k = s.indexOf(':');
                String gname = s.substring(0, k);
                String gcon  = s.substring(k + 1);

                if (i == 0) firstGroup = gname;
                groupdef.put(gname, gcon);
            }

            Set<String> members = new TreeSet<>();
            Set<String> visited = new TreeSet<>();

            expandGroupExtracted(firstGroup, groupdef, visited, members);

            System.out.println(members.size());
        }
    }
}"
"import java.util.*;
public class Main {
        static Scanner sc = new Scanner(System.in);
        static void myout(Object t){System.out.println(t);}//standard output
        static void myerr(Object t){System.err.println(t);}//standard error
        static String getStr(){return sc.next();}
        static int getInt(){return Integer.parseInt(getStr());}
        static long getLong(){return Long.parseLong(getStr());}
        static boolean isNext(){return sc.hasNext();}
        static String[] mySplit(String str){return str.split("""");}
        public static void main(String[] args){
          int N = getInt();
          int M = getInt();
          if(N >= M){
            myout(0);
            return;
          }
          long output = 0;
          ArrayList<Integer> list = new ArrayList<Integer>(M);
          for(int i = 0; i < M; i++){
            list.add(getInt());
          }
          Collections.sort(list);
          //myout(list);
          PriorityQueue<Integer> pq = new PriorityQueue<>(Comparator.reverseOrder());
          for(int i = 1; i < M; i++){
            pq.add(Math.abs(list.get(i)-list.get(i-1)));
          }
          for(int i = 0; i < N-1; i++){
            pq.poll();
          }
          while(pq.size() != 0){
            output += pq.poll();
          }
          myout(output);
        }
        //‰æøÂà©„É°„ÇΩ„ÉÉ„ÉâËøΩÂä†Êû†„Åì„Åì„Åã„Çâ

        //‰æøÂà©„É°„ÇΩ„ÉÉ„ÉâËøΩÂä†Êû†„Åì„Åì„Åæ„Åß
}","import java.util.Arrays;
import java.util.Scanner;

class Main{
	public static void main(String[] args) {
		Scanner sc=new Scanner(System.in);
		int N=sc.nextInt();
		int M=sc.nextInt();
		int[] masu=new int[M];
		for(int i=0; i<M; i++) {
			masu[i]=sc.nextInt();
		}
		sc.close();
		Arrays.sort(masu);
		if(M==1) {
			System.out.println(0);
			System.exit(0);
		}
		if(N==1) {
			System.out.println(masu[M-1]-masu[0]);
			System.exit(0);
		}
		else {
			if(N>=M) {	//„Ç≥„Éû„ÅåÈÅéÂâ∞„ÅÆ„Å®„Åç
				System.out.println(0);
				System.exit(0);
			}
			else {
				int[] sa=new int[M-1];
				for(int i=0; i<M-1; i++) {
					sa[i]=masu[i+1]-masu[i];
				}
				Arrays.sort(sa);
				int max=masu[M-1]-masu[0];
				for(int i=0; i<N-1; i++) {
					max-=sa[M-2-i];
				}
				System.out.println(max);
			}
		}
	}
}",Type-4,"import java.util.*;

private static long minDistance(int N, int[] masu) {
    int M = masu.length;
    if (N >= M || M <= 1) return 0L;
    Arrays.sort(masu);
    if (N == 1) return (long) masu[M - 1] - masu[0];

    int[] diff = new int[M - 1];
    for (int i = 0; i < M - 1; i++) {
        diff[i] = masu[i + 1] - masu[i];
    }
    Arrays.sort(diff);

    long total = (long) masu[M - 1] - masu[0];
    for (int i = 0; i < N - 1; i++) {
        total -= diff[M - 2 - i];
    }
    return total;
}

public class MainA {
    static Scanner sc = new Scanner(System.in);
    static void myout(Object t){System.out.println(t);}
    static void myerr(Object t){System.err.println(t);}
    static String getStr(){return sc.next();}
    static int getInt(){return Integer.parseInt(getStr());}
    static long getLong(){return Long.parseLong(getStr());}
    static boolean isNext(){return sc.hasNext();}
    static String[] mySplit(String str){return str.split("""");}

    public static void main(String[] args){
        int N = getInt();
        int M = getInt();
        int[] masu = new int[M];
        for(int i = 0; i < M; i++){
            masu[i] = getInt();
        }
        long output = minDistance(N, masu);
        myout(output);
    }
}

public class MainB {
    public static void main(String[] args) {
        Scanner sc = new Scanner(System.in);
        int N = sc.nextInt();
        int M = sc.nextInt();
        int[] masu = new int[M];
        for(int i = 0; i < M; i++) {
            masu[i] = sc.nextInt();
        }
        sc.close();
        long result = minDistance(N, masu);
        System.out.println(result);
    }
}"
"import java.util.Scanner;

public class Main {

	static int[] fact = new int[9];


	public static void main(String[] args) {
		fact[1] = 1;
		for(int i = 2; i <= 8; i++)
			fact[i] = fact[i-1] * i;

		Scanner sc = new Scanner(System.in);
		int n = sc.nextInt();
		int[] p = new int[n];
		for(int i = 0; i < n; i++)
			p[i] = sc.nextInt();

		int[] q = new int[n];
		for(int i = 0; i < n; i++)
			q[i] = sc.nextInt();

		int ans = Math.abs(getPosi(p) - getPosi(q));
		System.out.println(ans);
        return;
    }

	static private int getPosi(int[] x) {

			int l = x.length;
			int p = 1;

			for(int i = 0; i < l; i++) {
				p += fact[l-i-1] * (x[i]-1);
				for(int j = i+1; j < l; j++) {
					if(x[j] > x[i])
						x[j]--;
				}
			}
		return p;

	}

}","import java.util.Scanner;

public class Main {

    public static void main(String[] args) {
        Scanner sc = new Scanner(System.in);
        int n = sc.nextInt();
        int[] p = new int[n];
        int[] q = new int[n];

        for (int i = 0; i < n; i++) {
            p[i] = sc.nextInt();
        }
        for (int i = 0; i < n; i++) {
            q[i] = sc.nextInt();
        }

        int a = findRank(p,n);
        int b = findRank(q,n);
        System.out.println(Math.abs(a - b));

    }

    public static int fac(int n) {
        int res = 1, i;
        for (i=2; i<=n; i++)
            res *= i;
        return res;
    }

    public static int findSmallerInRight(int[] array, int low, int high) {
        int countRight = 0, i;

        for (i = low + 1; i <= high; ++i)
            if (array[i] < array[low])
                ++countRight;

        return countRight;
    }

    public static int findRank(int[] array, int length) {
        int mul = fac(length);
        int rank = 1;
        int countRight;

        for (int i = 0; i < length; ++i) {
            mul /= length - i;

            // count number of chars smaller
            // than str[i] from str[i+1] to
            // str[len-1]
            countRight = findSmallerInRight(array, i, length - 1);

            rank += countRight * mul;
        }

        return rank;
    }
}",Type-4,"import java.util.*;

private static int permutationRank(int[] a) {
    int n = a.length;
    int[] fact = new int[n + 1];
    fact[0] = 1;
    for (int i = 1; i <= n; i++) {
        fact[i] = fact[i - 1] * i;
    }
    int rank = 1;
    for (int i = 0; i < n; i++) {
        int smallerRight = 0;
        for (int j = i + 1; j < n; j++) {
            if (a[j] < a[i]) smallerRight++;
        }
        rank += smallerRight * fact[n - 1 - i];
    }
    return rank;
}


public class MainA {

    public static void main(String[] args) {
        Scanner sc = new Scanner(System.in);

        int n = sc.nextInt();
        int[] p = new int[n];
        for (int i = 0; i < n; i++)
            p[i] = sc.nextInt();

        int[] q = new int[n];
        for (int i = 0; i < n; i++)
            q[i] = sc.nextInt();

        int ans = Math.abs(permutationRank(p) - permutationRank(q));
        System.out.println(ans);
    }
}


public class MainB {

    public static void main(String[] args) {
        Scanner sc = new Scanner(System.in);
        int n = sc.nextInt();
        int[] p = new int[n];
        int[] q = new int[n];

        for (int i = 0; i < n; i++) {
            p[i] = sc.nextInt();
        }
        for (int i = 0; i < n; i++) {
            q[i] = sc.nextInt();
        }

        int a = permutationRank(p);
        int b = permutationRank(q);
        System.out.println(Math.abs(a - b));
    }
}"
"import java.util.*;
import java.io.*;
public class Main {

	public static void main(String[] args) {
		
	Scanner sc=new Scanner(System.in);
	     int n=sc.nextInt();
	     int m=sc.nextInt();
	     ArrayList<ArrayList<Integer>> a=new ArrayList<>();
for(int i=0;i<n;i++) {
	a.add(new ArrayList<Integer>());
}
for(int j=0;j<m;j++) {
	int x=sc.nextInt()-1;
	int y=sc.nextInt()-1;
	a.get(x).add(y);
	a.get(y).add(x);
}
boolean vis[]=new boolean[n];
ans=0;
	System.out.println(dfs(a,0,vis,1,n));
	}
static int ans=0;	
	static int dfs(ArrayList<ArrayList<Integer>> a,int src,boolean vis[],int count,int n) {
		vis[src]=true;
		for(int i:a.get(src)) {
			if(vis[i]==false) {
				
				dfs(a,i,vis,count+1,n);
			}
		}
		if(count==n) {
		ans++;
		vis[src]=false;
			}else {
				vis[src]=false;
			}
		
		return ans;
	}
	static int[] arr(int n,Scanner sc) {
		int a[]=new int[n];
		for(int i=0;i<n;i++) {
			a[i]=sc.nextInt();
		}
		return a;
}

}","import java.util.Scanner;

public class Main {
    final static int nmax = 8;

    public static void main(String[] args) {
        Scanner sc = new Scanner(System.in);
        int n = sc.nextInt();
        int m = sc.nextInt();
        boolean[][] graph = new boolean[nmax][nmax];

        for (int i = 0; i < m; i++) {
            int a = sc.nextInt();
            int b = sc.nextInt();
            graph[a - 1][b - 1] = graph[b - 1][a - 1] = true;
        }
        boolean[] visited = new boolean[nmax];
        for (int i = 0; i < n; i++) {
            visited[i] = false;
        }
        visited[0] = true;
        System.out.println(dfs(0, n, visited, graph));
    }

    private static int dfs(int v, int n, boolean visited[], boolean graph[][]) {
        boolean all_visited = true;
        for (int i = 0; i < n; i++) {
            if (visited[i] == false) {
                all_visited = false;
            }
        }

        if (all_visited) {
            return 1;
        }

        int ret = 0;

        for (int i = 0; i < n; i++) {
            if (graph[v][i] == false) {
                continue;
            }
            if (visited[i]) {
                continue;
            }
            visited[i] = true;
            ret += dfs(i, n, visited, graph);
            visited[i] = false;

        }
        return ret;
    }

}",Type-4,"import java.util.*;

private static int countHamiltonianPaths(int n, List<List<Integer>> adj) {
    boolean[] visited = new boolean[n];
    visited[0] = true;
    return dfsHamilton(0, n, 1, visited, adj);
}

private static int dfsHamilton(int v, int n, int visitedCount, boolean[] visited, List<List<Integer>> adj) {
    if (visitedCount == n) return 1;
    int ret = 0;
    for (int to : adj.get(v)) {
        if (!visited[to]) {
            visited[to] = true;
            ret += dfsHamilton(to, n, visitedCount + 1, visited, adj);
            visited[to] = false;
        }
    }
    return ret;
}


public class MainA {

    public static void main(String[] args) {
        Scanner sc = new Scanner(System.in);
        int n = sc.nextInt();
        int m = sc.nextInt();
        ArrayList<ArrayList<Integer>> a = new ArrayList<>();
        for (int i = 0; i < n; i++) {
            a.add(new ArrayList<Integer>());
        }
        for (int j = 0; j < m; j++) {
            int x = sc.nextInt() - 1;
            int y = sc.nextInt() - 1;
            a.get(x).add(y);
            a.get(y).add(x);
        }
        int ans = countHamiltonianPaths(n, a);
        System.out.println(ans);
    }
}


public class MainB {
    final static int nmax = 8;

    public static void main(String[] args) {
        Scanner sc = new Scanner(System.in);
        int n = sc.nextInt();
        int m = sc.nextInt();
        boolean[][] graph = new boolean[nmax][nmax];

        for (int i = 0; i < m; i++) {
            int a = sc.nextInt();
            int b = sc.nextInt();
            graph[a - 1][b - 1] = graph[b - 1][a - 1] = true;
        }

        List<List<Integer>> adj = new ArrayList<>();
        for (int i = 0; i < n; i++) {
            adj.add(new ArrayList<>());
        }
        for (int i = 0; i < n; i++) {
            for (int j = 0; j < n; j++) {
                if (graph[i][j]) {
                    adj.get(i).add(j);
                }
            }
        }

        int ans = countHamiltonianPaths(n, adj);
        System.out.println(ans);
    }
}"
"import java.util.Scanner;

public class Main {

	public static void main(String[] args) {
		Scanner scanner = new Scanner(System.in);
		String str = scanner.nextLine();
		String[] ab = str.split("" "");
		int a = Integer.parseInt(ab[0]);
		int b = Integer.parseInt(ab[1]);
		if (a > b) {
			System.out.println(a - 1);
		}else {
			System.out.println(a);
		}
		
		scanner.close();

	}

}","import java.util.Scanner;

public class Main{
	public static void main(String[] args) {
		Scanner scan = new Scanner(System.in);
		int a = scan.nextInt();
		int b = scan.nextInt();
		scan.close();
		int ans = 12;
		if(b >= a) {
			ans = a;
		}else {
			ans = a - 1;
		}
		System.out.println(ans);
	}
}",Type-4,"import java.util.*;

private static int computeValue(int a, int b) {
    if (a > b) return a - 1;
    return a;
}


public class MainA {
    public static void main(String[] args) {
        Scanner scanner = new Scanner(System.in);
        String str = scanner.nextLine();
        String[] ab = str.split("" "");
        int a = Integer.parseInt(ab[0]);
        int b = Integer.parseInt(ab[1]);
        int ans = computeValue(a, b);
        System.out.println(ans);
        scanner.close();
    }
}


public class MainB {
    public static void main(String[] args) {
        Scanner scan = new Scanner(System.in);
        int a = scan.nextInt();
        int b = scan.nextInt();
        scan.close();
        int ans = computeValue(a, b);
        System.out.println(ans);
    }
}"
"import java.util.*;
import static java.lang.Math.*;

public class Main {
	public static void main(String[] args) throws Exception {
		Scanner sc = new Scanner(System.in);
		
		// ÂÖ•Âäõ
		int n = sc.nextInt();
		Graph g = new Graph(n, false);
		for(int i = 0; i < n-1; i++){
		    int a = sc.nextInt() - 1;
		    int b = sc.nextInt() - 1;
		    g.add(a, b);
		}
		
		// Ë®àÁÆó
		String result = ""Snuke"";
		long[] distFromB = g.dijkstra(0);
		long[] distFromW = g.dijkstra(n-1);
		int cnt = 0;
		for(int i = 0; i < n; i++){
		    if(distFromB[i] <= distFromW[i]) cnt++;
		}
		if(cnt > (n-cnt)) result = ""Fennec"";
		
		// Âá∫Âäõ
		System.out.println(result);
	}

}

class Graph {
	int n;
	boolean directed;
	ArrayList<Edge>[] adjList;
	int m;
	long[] dist;
	long[][] distWF;
	int start;
	int[] prev;
	ArrayList<Integer> path;
	long INF = 1001001001001001001L;

	public Graph (int n, boolean directed) {
		this.n = n;
		this.m = 0;
		this.directed = directed;
		this.adjList = new ArrayList[n];
		for(int i = 0; i < n; i++){
			adjList[i] = new ArrayList<Edge>();
		}
	}
	
	public void add(int from, int to) {
		add(from, to, 1);
	}
	public void add(int from, int to, int w) {
		adjList[from].add(new Edge(from, to, w));
		this.m++;
		if(!directed){
			adjList[to].add(new Edge(to, from, w));
			this.m++;
		}
	}
	
	public long[] bfs(int start) { // O(M)
		this.start = start;
		this.prev = new int[n];
		Arrays.fill(prev, -1);
		prev[start] = start;
		this.dist = new long[n];
		Arrays.fill(dist, INF);
		dist[start] = 0;
		ArrayDeque<Integer> q = new ArrayDeque<Integer>();
		q.add(start);
		while(!q.isEmpty()){
			int now = q.poll();
			for(Edge e : adjList[now]){
				if(dist[e.to] != INF) continue;
				dist[e.to] = dist[now] + e.w;
				prev[e.to] = now;
				q.add(e.to);
			}
		}
		return dist;
	}
	
	public long[] dijkstra(int start) { // O(MlogM)
		this.start = start;
		this.prev = new int[n];
		Arrays.fill(prev, -1);
		prev[start] = start;
		this.dist = new long[n];
		Arrays.fill(dist, INF);
		dist[start] = 0;
		PriorityQueue<Vertex> q = new PriorityQueue<Vertex>((x, y) -> Long.compare(x.distance, y.distance));
		q.add(new Vertex(start, 0));
		while(!q.isEmpty()){
			Vertex now = q.poll();
			if(now.distance > dist[now.id]) continue; 
			for(Edge e : adjList[now.id]){
				long newDist = now.distance + e.w;
				if(dist[e.to] <= newDist) continue;
				dist[e.to] = newDist;
				prev[e.to] = now.id;
				q.add(new Vertex(e.to, newDist));
			}
		}
		return dist;
	}
	
	public long[][] wf() { // O(N^3)
		this.distWF = new long[n][n];
		for(int i = 0; i < n; i++){
			Arrays.fill(distWF[i], INF);
			distWF[i][i] = 0;
		}
		for(ArrayList<Edge> list : adjList){
			for(Edge e : list){
				distWF[e.from][e.to] = e.w;
			}
		}
		for(int k = 0; k < n; k++){
			for(int i = 0; i < n; i++){
				for(int j = 0; j < n; j++){
					distWF[i][j] = min(distWF[i][j], distWF[i][k] + distWF[k][j]);
				}
			}
		}
		return distWF;
	}
	
	public boolean bf(int start) { // O(NM)
		this.start = start;
		this.prev = new int[n];
		Arrays.fill(prev, -1);
		prev[start] = start;
		this.dist = new long[n];
		Arrays.fill(dist, INF);
		dist[start] = 0;
		boolean hasNegativeLoop = false;
		for(int i = 0; i < n; i++){
			for(int j = 0; j < n; j++){
				for(Edge e : adjList[j]){
					if(dist[e.to] <= dist[e.from] + e.w) continue;
					dist[e.to] = dist[e.from] + e.w;
					prev[e.to] = e.from;
					if(i == n-1) hasNegativeLoop = true;
				}
			}
		}
		return hasNegativeLoop;
	}
	
	public ArrayList<Integer> pathTo(int to){
		this.path = new ArrayList<Integer>();
		return pathToRec(to);
	}
	
	private ArrayList<Integer> pathToRec(int to){
		if(to != start) pathToRec(prev[to]);
		path.add(to);
		return path;
	}
	
	public String toString(){
		StringBuilder sb = new StringBuilder();
		for(ArrayList<Edge> list : adjList){
			for(Edge e : list){
				sb.append(e.toString());
				sb.append(""\n"");
			}
		}
		return sb.toString();
	}
	
	public String distToString(){
		if(dist != null) return Arrays.toString(dist);
		StringBuilder sb = new StringBuilder();
		for(int i = 0; i < n; i++){
			for(int j = 0; j < n; j++){
				if(distWF[i][j] == INF){
					sb.append(""from:"" + i + "" to:"" + j + "" dist:INF"" + ""\n"");
				}else{
					sb.append(""from:"" + i + "" to:"" + j + "" dist:"" + distWF[i][j] + ""\n"");
				}
			}
		}
		return sb.toString();
	}
	
	class Edge {
		int from;
		int to;
		int w;
		
		Edge(int from, int to, int w){
			this.from = from;
			this.to = to;
			this.w = w;
		}
		
		public String toString(){
			return ""from:"" + from + "" to:"" + to + "" w:"" + w;
		}
	}
	
	class Vertex {
		int id;
		long distance;
		
		Vertex(int id, long distance){
			this.id = id;
			this.distance = distance;
		}
		
		public String toString(){
			return ""id:"" + id + "" distance:"" + distance;
		}
	}
}","import java.util.ArrayList;
import java.util.Arrays;
import java.util.Scanner;
import java.util.Stack;

class Main{
	public static void main(String[] args) {
		int INF=1000000007;
		Scanner sc=new Scanner(System.in);
		int V=sc.nextInt();
		ArrayList<ArrayList<Integer>> v=new ArrayList<ArrayList<Integer>>();
		for(int i=0; i<=V; i++) {
			v.add(new ArrayList<Integer>());
		}
		for(int i=0; i<V-1; i++) {
			int a=sc.nextInt();
			int b=sc.nextInt();
			(v.get(a)).add(b);
			(v.get(b)).add(a);
		}
		int[] Fe=new int[V+1];
		int[] Su=new int[V+1];
		boolean[] Fe_V=new boolean[V+1];
		boolean[] Su_V=new boolean[V+1];
		Arrays.fill(Fe, INF);
		Arrays.fill(Su, INF);
		Fe[1]=0;
		Su[V]=0;
		Stack<Integer> Q=new Stack<Integer>();
		Q.add(1);
		while(!Q.isEmpty()) {
			int tmp=Q.pop();
			for(int i=0; i<v.get(tmp).size(); i++) {
				if(!Fe_V[v.get(tmp).get(i)] && Fe[tmp]+1<Fe[v.get(tmp).get(i)]) {
					Fe_V[v.get(tmp).get(i)]=true;
					Fe[v.get(tmp).get(i)]=Fe[tmp]+1;
					Q.push(v.get(tmp).get(i));
				}
			}
		}

		Q.add(V);
		while(!Q.isEmpty()) {
			int tmp=Q.pop();
			for(int i=0; i<v.get(tmp).size(); i++) {
				if(!Su_V[v.get(tmp).get(i)] && Su[tmp]+1<Su[v.get(tmp).get(i)]) {
					Su_V[v.get(tmp).get(i)]=true;
					Su[v.get(tmp).get(i)]=Su[tmp]+1;
					Q.push(v.get(tmp).get(i));
				}
			}
		}
		int Su_w=0;
		int Fe_w=0;
		for(int i=1; i<=V; i++) {
			if(Fe[i]<=Su[i]) {
				Fe_w++;
			}
			else {
				Su_w++;
			}
		}
		if(Su_w>=Fe_w) {
			System.out.println(""Snuke"");
			System.out.flush();
		}
		else {
			System.out.println(""Fennec"");
			System.out.flush();
		}
	}
}",Type-4,"import java.util.*;

private static int[] bfs(int start, int n, List<List<Integer>> adj) {
    int[] dist = new int[n];
    Arrays.fill(dist, -1);
    ArrayDeque<Integer> q = new ArrayDeque<>();
    dist[start] = 0;
    q.add(start);
    while (!q.isEmpty()) {
        int v = q.poll();
        for (int to : adj.get(v)) {
            if (dist[to] != -1) continue;
            dist[to] = dist[v] + 1;
            q.add(to);
        }
    }
    return dist;
}

private static String determineWinner(int n, List<List<Integer>> adj) {
    int[] distFromB = bfs(0, n, adj);
    int[] distFromW = bfs(n - 1, n, adj);
    int cntFennec = 0;
    for (int i = 0; i < n; i++) {
        if (distFromB[i] <= distFromW[i]) cntFennec++;
    }
    int cntSnuke = n - cntFennec;
    if (cntFennec > cntSnuke) return ""Fennec"";
    return ""Snuke"";
}


public class MainA {
    public static void main(String[] args) {
        Scanner sc = new Scanner(System.in);
        int n = sc.nextInt();
        Graph g = new Graph(n, false);
        for (int i = 0; i < n - 1; i++) {
            int a = sc.nextInt() - 1;
            int b = sc.nextInt() - 1;
            g.add(a, b);
        }
        List<List<Integer>> adj = g.getAdjList();
        String result = determineWinner(n, adj);
        System.out.println(result);
    }
}

class Graph {
    int n;
    boolean directed;
    ArrayList<Edge>[] adjList;

    Graph(int n, boolean directed) {
        this.n = n;
        this.directed = directed;
        this.adjList = new ArrayList[n];
        for (int i = 0; i < n; i++) {
            adjList[i] = new ArrayList<>();
        }
    }

    void add(int from, int to) {
        add(from, to, 1);
    }

    void add(int from, int to, int w) {
        adjList[from].add(new Edge(from, to, w));
        if (!directed) {
            adjList[to].add(new Edge(to, from, w));
        }
    }

    List<List<Integer>> getAdjList() {
        List<List<Integer>> res = new ArrayList<>();
        for (int i = 0; i < n; i++) {
            List<Integer> row = new ArrayList<>();
            for (Edge e : adjList[i]) {
                row.add(e.to);
            }
            res.add(row);
        }
        return res;
    }

    static class Edge {
        int from;
        int to;
        int w;

        Edge(int from, int to, int w) {
            this.from = from;
            this.to = to;
            this.w = w;
        }
    }
}


public class MainB {
    public static void main(String[] args) {
        int INF = 1000000007;
        Scanner sc = new Scanner(System.in);
        int V = sc.nextInt();
        ArrayList<ArrayList<Integer>> v = new ArrayList<>();
        for (int i = 0; i < V; i++) {
            v.add(new ArrayList<>());
        }
        for (int i = 0; i < V - 1; i++) {
            int a = sc.nextInt();
            int b = sc.nextInt();
            a--;
            b--;
            v.get(a).add(b);
            v.get(b).add(a);
        }
        List<List<Integer>> adj = new ArrayList<>();
        for (int i = 0; i < V; i++) {
            adj.add(v.get(i));
        }
        String result = determineWinner(V, adj);
        System.out.println(result);
    }
}"
"import java.util.*;
import java.lang.*;

public class Main {
    public static void main(String[] args) {
        Scanner sc = new Scanner(System.in);
        long a = sc.nextLong();
        long b = sc.nextLong();
        long x = sc.nextLong();
        long countA = a ==0 ? 0 : (a-1)/x+1;
        long countB = b/x+1;
        System.out.println(countB-countA);

    }
}","import java.util.Scanner;

public class Main {
    public static void main(String[] args) {
        Scanner scn = new Scanner(System.in);

        long a = scn.nextLong(), b = scn.nextLong(), x = scn.nextLong();
        long ans = 0;

        ans = (b / x) - (a / x);

        if(a % x == 0){
            ans++;
        }

        System.out.println(ans);

    }

}",Type-4,"// =========================
// Extracted Method
// =========================
private static long countDivisible(long a, long b, long x) {
    long ans = (b / x) - (a / x);
    if (a % x == 0) ans++;
    return ans;
}


// =========================
// Version A (refactored)
// =========================
import java.util.*;
public class MainA {
    public static void main(String[] args) {
        Scanner sc = new Scanner(System.in);
        long a = sc.nextLong();
        long b = sc.nextLong();
        long x = sc.nextLong();
        long result = countDivisible(a, b, x);
        System.out.println(result);
    }
}


// =========================
// Version B (refactored)
// =========================
import java.util.*;
public class MainB {
    public static void main(String[] args) {
        Scanner sc = new Scanner(System.in);
        long a = sc.nextLong();
        long b = sc.nextLong();
        long x = sc.nextLong();
        long result = countDivisible(a, b, x);
        System.out.println(result);
    }
}"
"import java.util.Scanner;

public class Main {
    public static void main(String[] args) {
        Scanner sc = new Scanner(System.in);

        int a = sc.nextInt();
        int b = sc.nextInt();
        int c = sc.nextInt();

        int min = Math.min(a, b);
        int max = Math.max(a, b);
        
        boolean ans = false;
        if (min < c && c < max)
            ans = true;
        System.out.println(ans ? ""Yes"" : ""No"");
    }
}","import java.util.Scanner;

public class Main {

	public static void main(String[] args) {
		int A,B,C;
		Scanner sc=new Scanner(System.in);
		A=sc.nextInt();
		B=sc.nextInt();
		C=sc.nextInt();
		if(C<=B&&C>=A) {
			System.out.println(""Yes"");
		}else if(C>=B&&C<=A) {
			System.out.println(""Yes"");
		}else {
			System.out.println(""No"");
		}
	}
}",Type-4,"// =========================
// Extracted Method
// =========================
private static boolean isBetween(int a, int b, int c) {
    int min = Math.min(a, b);
    int max = Math.max(a, b);
    return (c > min && c < max) || (c == min) || (c == max);
}


// =========================
// Version A (refactored)
// =========================
import java.util.Scanner;

public class MainA {
    public static void main(String[] args) {
        Scanner sc = new Scanner(System.in);
        int a = sc.nextInt();
        int b = sc.nextInt();
        int c = sc.nextInt();
        boolean ans = isBetween(a, b, c);
        System.out.println(ans ? ""Yes"" : ""No"");
    }
}


// =========================
// Version B (refactored)
// =========================
import java.util.Scanner;

public class MainB {
    public static void main(String[] args) {
        Scanner sc = new Scanner(System.in);
        int A = sc.nextInt();
        int B = sc.nextInt();
        int C = sc.nextInt();
        boolean ans = isBetween(A, B, C);
        System.out.println(ans ? ""Yes"" : ""No"");
    }
}"
"import java.util.*;
public class Main{
public static void main(String[] args){
Scanner sc = new Scanner(System.in);
  int Q = sc.nextInt();
  for(int i=0;i<Q;i++){
    long f = sc.nextLong();
    long s = sc.nextLong();
    long a = Math.max(f, s);
    long b = Math.min(f, s);
    long K = a*b;
    long L = (long) Math.sqrt(K);
    long M = (K-1)/L;
    long N = Math.max(-1,M-b-1);
    System.out.println(L+N+b-1);
  }
}}","import java.util.*;
import java.io.*;
import java.util.function.*;

class Main {
    static Scanner scanner = new Scanner();
    static int mod = 1000000007;
    static long inf = 0xfffffffffffffffL;

    void solve() {
        int q = scanner.nextInt();
        for (int i = 0; i < q; i++) {
            long a = scanner.nextLong();
            long b = scanner.nextLong();
            long c = (long)Math.sqrt(a * b);
            if (c * (c + 1) < a * b) {
                System.out.println(c * 2 - 1);
            } else if (a * b != c * c || a == b) {
                System.out.println(c * 2 - 2);
            } else {
                System.out.println(c * 2 - 3);
            }
        }
    }

    public static void main(String[]$) {
        try {
            new Main().solve();
            System.out.flush();
        } catch (Throwable t) {
            System.out.flush();
            t.printStackTrace();
        }
    }
}

class System {
    static PrintWriter out = new PrintWriter(java.lang.System.out);

    static void exit() {
        java.lang.System.exit(0);
    }
}

class Scanner {
    private BufferedReader reader = new BufferedReader(new InputStreamReader(java.lang.System.in), 0x10000);
    private StringTokenizer tokenizer;

    String next() {
        try {
            while (tokenizer == null || !tokenizer.hasMoreTokens()) {
                tokenizer = new StringTokenizer(reader.readLine());
            }
        } catch (IOException ignored) {
        }
        return tokenizer.nextToken();
    }

    int nextInt() {
        return Integer.parseInt(next());
    }

    long nextLong() {
        return Long.parseLong(next());
    }

    char[][] nextCharArray(int n, int m) {
        char[][] a = new char[n][m];
        for (int i = 0; i < n; i++) {
            a[i] = next().toCharArray();
        }
        return a;
    }

    int[] nextIntArray(int n) {
        int[] a = new int[n];
        for (int i = 0; i < n; i++) {
            a[i] = nextInt();
        }
        return a;
    }

    int[] nextIntArray(int n, IntUnaryOperator op) {
        int[] a = new int[n];
        for (int i = 0; i < n; i++) {
            a[i] = op.applyAsInt(nextInt());
        }
        return a;
    }

    long[] nextLongArray(int n) {
        long[] a = new long[n];
        for (int i = 0; i < n; i++) {
            a[i] = nextLong();
        }
        return a;
    }

    long[] nextLongArray(int n, LongUnaryOperator op) {
        long[] a = new long[n];
        for (int i = 0; i < n; i++) {
            a[i] = op.applyAsLong(nextLong());
        }
        return a;
    }
}",Type-4,"import java.util.*;

private static long solvePair(long a, long b) {
    long prod = a * b;
    long c = (long) Math.sqrt(prod);
    while ((c + 1) * (c + 1) <= prod) c++;
    while (c * c > prod) c--;

    if (c * (c + 1) < prod) {
        return c * 2 - 1;
    } else if (prod != c * c || a == b) {
        return c * 2 - 2;
    } else {
        return c * 2 - 3;
    }
}

public class MainA {
    public static void main(String[] args){
        Scanner sc = new Scanner(System.in);
        int Q = sc.nextInt();
        for (int i = 0; i < Q; i++) {
            long f = sc.nextLong();
            long s = sc.nextLong();
            long ans = solvePair(f, s);
            System.out.println(ans);
        }
    }
}

public class MainB {
    static java.util.Scanner scanner = new java.util.Scanner(System.in);

    public static void main(String[] args) {
        int q = scanner.nextInt();
        for (int i = 0; i < q; i++) {
            long a = scanner.nextLong();
            long b = scanner.nextLong();
            long ans = solvePair(a, b);
            System.out.println(ans);
        }
    }
}"
"import java.util.Scanner;


public class Main {

	public static void main(String[] args) {
		Scanner sc = new Scanner(System.in);
		
		while(true){
			final int W = sc.nextInt();
			final int H = sc.nextInt();
			
			if(W == 0  && H == 0){
				break;
			}
			
			int[][] map = new int[H][W];
			
			for(int i = 0; i < H; i++){
				char[] input = sc.next().toCharArray();
				
				for(int j = 0; j < W; j++){
					if('0' <= input[j] && input[j] <= '9'){
						map[i][j] = input[j] - '0';
					}else{
						map[i][j] = -1;
					}
				}
			}
			
			int[][] len = new int[H][W];
			short[][][] dp = new short[H][W][H+W+1];
			
			int max = 0;
			int m_x = -1;
			int m_y = -1;
			
			for(int i = 0; i < H; i++){
				for(int j = 0; j < W; j++){
					if(map[i][j] < 0){
						dp[i][j][0] = -1;
						len[i][j] = -1;
						continue;
					}
					
					if(i == 0 && j == 0){
						dp[i][j][0] = (short)(map[i][j]);
						len[i][j] = map[i][j] == 0 ? 0 : 1;
					}else if(j == 0){
						final int p_len = len[i-1][j];
						if(p_len == -1){
							dp[i][j][0] = (short)(map[i][j]);
							len[i][j] = map[i][j] == 0 ? 0 : 1;
						}else{
							System.arraycopy(dp[i-1][j], 0, dp[i][j], 0, p_len);
							dp[i][j][p_len] = (short)(map[i][j]);
							len[i][j] = p_len +  (p_len == 0 && map[i][j] == 0 ? 0 : 1);
						}
					}else if(i == 0){
						final int p_len = len[i][j-1];
						if(p_len == -1){
							dp[i][j][0] = (short)(map[i][j]);
							len[i][j] = map[i][j] == 0 ? 0 : 1;
						}else{
							System.arraycopy(dp[i][j-1], 0, dp[i][j], 0, p_len);
							dp[i][j][p_len] = (short)(map[i][j]);
							len[i][j] = p_len + (p_len == 0 && map[i][j] == 0 ? 0 : 1);
						}
					}else{
						final int left_len = len[i][j-1];
						final int up_len = len[i-1][j];
						
						if(left_len == -1 && up_len == -1){
							dp[i][j][0] = (short)(map[i][j]);
							len[i][j] = map[i][j] == 0 ? 0 : 1;
						}else if(left_len > up_len){
							final int p_len = len[i][j-1];
							System.arraycopy(dp[i][j-1], 0, dp[i][j], 0, p_len);
							dp[i][j][p_len] = (short)(map[i][j]);
							len[i][j] = p_len + (p_len == 0 && map[i][j] == 0 ? 0 : 1);
						}else if(left_len < up_len){
							final int p_len = len[i-1][j];
							System.arraycopy(dp[i-1][j], 0, dp[i][j], 0, p_len);
							dp[i][j][p_len] = (short)(map[i][j]);
							len[i][j] = p_len + (p_len == 0 && map[i][j] == 0 ? 0 : 1);
						}else{
							final int size = len[i][j-1];
							boolean left_f = true;
							for(int k = 0; k < size; k++){
								if(dp[i-1][j][k] < dp[i][j-1][k]){
									left_f = true;
									break;
								}else if(dp[i-1][j][k] > dp[i][j-1][k]){
									left_f = false;
									break;
								}
							}
							
							if(left_f){
								final int p_len = len[i][j-1];
								System.arraycopy(dp[i][j-1], 0, dp[i][j], 0, p_len);
								dp[i][j][p_len] = (short)(map[i][j]);
								len[i][j] = p_len + (p_len == 0 && map[i][j] == 0 ? 0 : 1);
							}else{
								final int p_len = len[i-1][j];
								System.arraycopy(dp[i-1][j], 0, dp[i][j], 0, p_len);
								dp[i][j][p_len] = (short)(map[i][j]);
								len[i][j] = p_len + (p_len == 0 && map[i][j] == 0 ? 0 : 1);
							}
						}
					}
					
					if(max < len[i][j]){
						max = len[i][j];
						m_x = j;
						m_y = i;
					}else if(max == len[i][j]){
						final int size = len[i][j];
						
						for(int k = 0; k < size; k++){
							if(dp[m_y][m_x][k] < dp[i][j][k]){
								max = len[i][j];
								m_x = j;
								m_y = i;
								break;
							}else if(dp[m_y][m_x][k] > dp[i][j][k]){
								break;
							}
						}
					}
				}	
			}
			/*
			for(int i = 0; i < H; i++){
				for(int j = 0; j < W; j++){
					System.out.printf(""%2d "", len[i][j]);
				}
				System.out.println();
			}
			*/
			for(int i = 0; i < max; i++){
				System.out.print(dp[m_y][m_x][i]);
			}
			System.out.println();
		}
		
	}

}","import java.io.BufferedReader;
import java.io.InputStreamReader;
import java.math.BigInteger;

class Main{
	static char tiles[][];
	static String dstrs[][];
	static String max_str;

	public static void main(String args[]){
		try{
			BufferedReader br = new BufferedReader(new InputStreamReader(System.in));
			while(true){
				// Á∏¶„Å®Ê®™„ÇíÂèñÂæó
				String strs[] = br.readLine().split("" "");
				int w = Integer.parseInt(strs[0]);
				if(w == 0) return;
				int h = Integer.parseInt(strs[1]);
				max_str = ""0"";


				// ÈÖçÂàó„ÇíÂàùÊúüÂåñ
				tiles = new char[h][w];
				dstrs = new String[h][w];
				//System.out.println(h + "" "" + w);

				// ÂÖ•Âäõ„ÇíÈÖçÂàó„Å´Ë©∞„ÇÅ„Å¶„ÅÑ„Åè
				for(int y = 0; y < h; y++){
					String str = br.readLine();
					for(int x = 0; x < w; x++){
						tiles[y][x] = str.charAt(x);
					}
				}
				//printMatrix(tiles);

				for(int y = 0; y < h; y++){
					for(int x = 0; x < w; x++){
						dp(x, y);
					}
				}
				//printMatrix(dstrs);
				System.out.println(max_str);
			}
		}catch(Exception e){
			System.err.print(e);
		}
	}

	static void dp(int x, int y){
		//System.out.println(""Ë®àÁÆó: ("" + x + "", "" + y + "")"");
		char target = tiles[y][x];
		if('0' <= target && target <= '9'){
			// Á´Ø„Å†„Å£„Åü„Çâ„Åù„ÅÆ„Åæ„ÅæÊäïÂÖ•
			if(x == 0 && y == 0){
				dstrs[y][x] = """" + target;
			}else if(x == 0){
				dstrs[y][x] = dstrs[y-1][x] + target;
			}else if(y == 0){
				dstrs[y][x] = dstrs[y][x-1] + target;
			}else{
				dstrs[y][x] = max(dstrs[y-1][x], dstrs[y][x-1]) + target;
			}
			if(dstrs[y][x].equals(""0"")){
				dstrs[y][x] = """";
				return;
			}
			max_str = max(dstrs[y][x], max_str);
		}else{
			dstrs[y][x] = """";
		}
	}

	static String max(String str1, String str2){
		//System.out.println(""Â§ßÂ∞èÊØîËºÉ: "" + str1 + ""\t"" + str2);
		if(str1.length() == 0) return str2;
		if(str2.length() == 0) return str1;

		int length1 = str1.length();
		int length2 = str2.length();
		if(length1 > length2){
			return str1;
		}else if(length1 < length2){
			return str2;
		}
		BigInteger num1 = new BigInteger(str1);
		BigInteger num2 = new BigInteger(str2);
		if(num1.compareTo(num2) == 1){
			return str1;
		}else if(num1.compareTo(num2) == -1){
			return str2;
		}
		return str1;
	}

	static void printMatrix(char matrix[][]){
		for(int i = 0; i < matrix.length; i++){
			for(int j = 0; j < matrix[i].length; j++){
				System.out.print(matrix[i][j] + ""\t"");
			}
			System.out.println();
		}
	}

	static void printMatrix(String matrix[][]){
		for(int i = 0; i < matrix.length; i++){
			for(int j = 0; j < matrix[i].length; j++){
				System.out.print(matrix[i][j] + ""\t"");
			}
			System.out.println();
		}
	}
}",Type-4,"import java.util.*;
import java.io.*;
import java.math.BigInteger;

// =========================
// Extracted methods
// =========================
private static String maxString(String s1, String s2) {
    if (s1 == null || s1.length() == 0) return s2;
    if (s2 == null || s2.length() == 0) return s1;
    if (s1.length() > s2.length()) return s1;
    if (s1.length() < s2.length()) return s2;
    BigInteger n1 = new BigInteger(s1);
    BigInteger n2 = new BigInteger(s2);
    if (n1.compareTo(n2) >= 0) return s1;
    return s2;
}

private static String findMaxNumberPath(char[][] tiles, int h, int w) {
    String[][] dp = new String[h][w];
    String best = ""0"";
    for (int y = 0; y < h; y++) {
        for (int x = 0; x < w; x++) {
            char ch = tiles[y][x];
            if (ch < '0' || ch > '9') {
                dp[y][x] = """";
                continue;
            }
            String prefix;
            if (x == 0 && y == 0) {
                prefix = """";
            } else if (x == 0) {
                prefix = dp[y - 1][x];
            } else if (y == 0) {
                prefix = dp[y][x - 1];
            } else {
                prefix = maxString(dp[y - 1][x], dp[y][x - 1]);
            }
            if (prefix == null) prefix = """";
            String cur = prefix + ch;
            if (cur.equals(""0"")) cur = """";
            dp[y][x] = cur;
            best = maxString(best, cur);
        }
    }
    return best;
}


// =========================
// Version A (refactored from first code)
// =========================
public class MainA {
    public static void main(String[] args) {
        Scanner sc = new Scanner(System.in);
        while (true) {
            int W = sc.nextInt();
            int H = sc.nextInt();
            if (W == 0 && H == 0) {
                break;
            }
            char[][] tiles = new char[H][W];
            for (int i = 0; i < H; i++) {
                String line = sc.next();
                for (int j = 0; j < W; j++) {
                    tiles[i][j] = line.charAt(j);
                }
            }
            String result = findMaxNumberPath(tiles, H, W);
            System.out.println(result);
        }
    }
}


// =========================
// Version B (refactored from second code)
// =========================
public class MainB {
    public static void main(String[] args) throws Exception {
        BufferedReader br = new BufferedReader(new InputStreamReader(System.in));
        while (true) {
            String line = br.readLine();
            if (line == null) return;
            line = line.trim();
            if (line.isEmpty()) continue;
            String[] parts = line.split("" "");
            int w = Integer.parseInt(parts[0]);
            if (w == 0) return;
            int h = Integer.parseInt(parts[1]);
            char[][] tiles = new char[h][w];
            for (int y = 0; y < h; y++) {
                String row = br.readLine();
                tiles[y] = row.toCharArray();
            }
            String result = findMaxNumberPath(tiles, h, w);
            System.out.println(result);
        }
    }
}"
"import java.util.*;
import java.text.*;
import java.math.*;

public class Main {
	public static void main(String args[]){
		Scanner in = new Scanner(System.in);
		
		while(true){
			int m = in.nextInt();
			int d = in.nextInt();
			if((m|d) == 0) break;
			int day = d;
			switch(m){
			case 12:
				day += 335;
				break;
			case 11:
				day += 305;
				break;
			case 10:
				day += 274;
				break;
			case 9:
				day += 244;
				break;
			case 8:
				day += 213;
				break;
			case 7:
				day += 182;
				break;
			case 6:
				day += 152;
				break;
			case 5:
				day += 121;
				break;
			case 4:
				day += 91;
				break;
			case 3:
				day += 60;
				break;
			case 2:
				day += 31;
				break;
			default:
			}
			switch(day%7){
			case 1:
				System.out.println(""Thursday"");
				break;
			case 2:
				System.out.println(""Friday"");
				break;
			case 3:
				System.out.println(""Saturday"");
				break;
			case 4:
				System.out.println(""Sunday"");
				break;
			case 5:
				System.out.println(""Monday"");
				break;
			case 6:
				System.out.println(""Tuesday"");
				break;
			case 0:
				System.out.println(""Wednesday"");
				break;
			}
		}
	}
}","import java.util.*;class Main{public static void main(String[]a){Locale.setDefault(Locale.US);int m;for(Scanner s=new Scanner(System.in);(m=s.nextInt())>0;System.out.println(new java.text.SimpleDateFormat(""EEEE"").format(new GregorianCalendar(2004,m-1,s.nextInt()).getTime())));}}",Type-4,"import java.util.*;
import java.text.*;
import java.math.*;

private static String weekday2004(int m, int d) {
    int day = d;
    switch (m) {
        case 12: day += 335; break;
        case 11: day += 305; break;
        case 10: day += 274; break;
        case 9:  day += 244; break;
        case 8:  day += 213; break;
        case 7:  day += 182; break;
        case 6:  day += 152; break;
        case 5:  day += 121; break;
        case 4:  day += 91;  break;
        case 3:  day += 60;  break;
        case 2:  day += 31;  break;
        default: break;
    }
    int r = day % 7;
    switch (r) {
        case 1: return ""Thursday"";
        case 2: return ""Friday"";
        case 3: return ""Saturday"";
        case 4: return ""Sunday"";
        case 5: return ""Monday"";
        case 6: return ""Tuesday"";
        default: return ""Wednesday"";
    }
}


public class MainA {
    public static void main(String args[]) {
        Scanner in = new Scanner(System.in);
        while (true) {
            int m = in.nextInt();
            int d = in.nextInt();
            if ((m | d) == 0) break;
            String dayName = weekday2004(m, d);
            System.out.println(dayName);
        }
    }
}


public class MainB {
    public static void main(String[] a) {
        Locale.setDefault(Locale.US);
        Scanner s = new Scanner(System.in);
        while (true) {
            int m = s.nextInt();
            if (m <= 0) break;
            int d = s.nextInt();
            String dayName = weekday2004(m, d);
            System.out.println(dayName);
        }
    }
}"
"import java.util.*;
import java.io.*;

import static java.lang.System.in;

public class Main {
    public static void main(String[] args){
        Scanner sc = new Scanner(System.in);
        int n = sc.nextInt();
        long A = sc.nextLong();
        long B = sc.nextLong();
        long[] x = new long[n];
        for(int i=0;i<n;i++) x[i]=sc.nextLong();
        long ans= 0;
        for(int i=0;i<n-1;i++){
            ans += Math.min(A*(x[i+1]-x[i]),B);
        }
        PrintWriter out = new PrintWriter(System.out);
        out.println(ans);
        out.flush();
    }
}","import java.util.*;

public class Main {
    public static void main(String[] args) throws Exception {
        // Your code here!
        Scanner sc = new Scanner(System.in);
        int n = sc.nextInt();
        long a = sc.nextLong();
        long b = sc.nextLong();
        long[] array = new long[n];
        for (int i = 0; i < n; i++) {
            array[i] = sc.nextLong();
        }
        
        long ans = 0;
        for (int i = 1; i < n; i++) {
            long dis = array[i] - array[i-1];
            if (dis * a < b) {
                ans += dis * a;
            } else {
                ans += b;
            }
        }
        
        System.out.println(ans);
    }
}",Type-4,"import java.util.*;

private static long computeMinCost(long[] x, int n, long a, long b) {
    long ans = 0;
    for (int i = 1; i < n; i++) {
        long dis = x[i] - x[i - 1];
        long cost = dis * a;
        ans += Math.min(cost, b);
    }
    return ans;
}


public class MainA {
    public static void main(String[] args) {
        Scanner sc = new Scanner(System.in);
        int n = sc.nextInt();
        long A = sc.nextLong();
        long B = sc.nextLong();
        long[] x = new long[n];
        for (int i = 0; i < n; i++) {
            x[i] = sc.nextLong();
        }
        long ans = computeMinCost(x, n, A, B);
        System.out.println(ans);
    }
}


public class MainB {
    public static void main(String[] args) {
        Scanner sc = new Scanner(System.in);
        int n = sc.nextInt();
        long a = sc.nextLong();
        long b = sc.nextLong();
        long[] array = new long[n];
        for (int i = 0; i < n; i++) {
            array[i] = sc.nextLong();
        }
        long ans = computeMinCost(array, n, a, b);
        System.out.println(ans);
    }
}"
"import java.io.File;
import java.io.IOException;
import java.util.*;
 
public class Main {
	public static void main(String[] args) throws IOException {
		//File file = new File(""input.txt"");
		//Scanner in = new Scanner(file);
		
		Scanner in = new Scanner(System.in);
		
		String SS = in.next();
		String T = in.next();
		
		int index = SS.length() - T.length();
		
		while(index >= 0){
			String s = SS.substring(index, index + T.length());
			
			boolean tf = true;
			for(int i = 0; i < T.length(); i++){
				if(s.charAt(i) != '?' && s.charAt(i) != T.charAt(i)){
					tf = false;
					break;
				}
			}
			
			if(tf){
				SS = new StringBuilder(SS).replace(index, index + s.length(), T).toString();
				SS = SS.replace('?', 'a');
				System.out.println(SS);
				return;
			}else{
				index--;
			}
		}
		
		System.out.println(""UNRESTORABLE"");
	}
}","import java.util.Scanner;

public class Main {
	public static void main(String[] args) {
		Scanner sc = new Scanner(System.in);
		String s = sc.next().replaceAll(""\\?"", ""."");
		String t = sc.next();
		int ns = s.length();
		int nt = t.length();
		for(int i = ns - nt ; i >= 0 ; i--) {
			String regex = s.substring(i, i + nt);
			if(t.matches(regex)) {
				System.out.println(s.replaceFirst(s.substring(0, i) + regex, s.substring(0, i) + t).replaceAll(""\\."", ""a""));
				return;
			}
		}
		System.out.println(""UNRESTORABLE"");
	}
}",Type-4,"import java.util.*;
import java.io.*;

private static String restoreString(String s, String t) {
    int nS = s.length();
    int nT = t.length();
    for (int i = nS - nT; i >= 0; i--) {
        boolean ok = true;
        for (int j = 0; j < nT; j++) {
            char cs = s.charAt(i + j);
            char ct = t.charAt(j);
            if (cs != '?' && cs != ct) {
                ok = false;
                break;
            }
        }
        if (ok) {
            StringBuilder sb = new StringBuilder(s);
            for (int j = 0; j < nT; j++) {
                sb.setCharAt(i + j, t.charAt(j));
            }
            for (int k = 0; k < nS; k++) {
                if (sb.charAt(k) == '?') {
                    sb.setCharAt(k, 'a');
                }
            }
            return sb.toString();
        }
    }
    return ""UNRESTORABLE"";
}


public class MainA {
    public static void main(String[] args) throws IOException {
        Scanner in = new Scanner(System.in);
        String SS = in.next();
        String T = in.next();
        String res = restoreString(SS, T);
        System.out.println(res);
    }
}


public class MainB {
    public static void main(String[] args) {
        Scanner sc = new Scanner(System.in);
        String s = sc.next();
        String t = sc.next();
        String res = restoreString(s, t);
        System.out.println(res);
    }
}"
"import java.util.HashMap;
import java.util.Scanner;
import java.util.TreeSet;

public class Main 
{
	static HashMap<String, String> groupdef;
	static String firstgroup;
	static TreeSet<String> members;
	static TreeSet<String> checked;
	
	static void get(String g)
	{
		String con = groupdef.get(g);
//		System.out.println(""Getting "" + g + ""..."");
		if(checked.contains(g))return;
		
		int start = 0;
		int mem = 0;
		for(int i = 0; i < con.length(); i++)
		{
			if(con.charAt(i) == ',' || con.charAt(i) == '.')
			{
				String word = con.substring(start, i);
				start = i+1;
				
				if(groupdef.containsKey(word))
				{
					get(word);
				}
				else
				{
					members.add(word);
				}
			}
		}
		checked.add(g);
//		cache.put(g, mem);
	}

	public static void main(String[] args) 
	{
		Scanner sc = new Scanner(System.in);
		
		while(true)
		{
			int n = sc.nextInt();
			if(n == 0)break;
			groupdef = new HashMap<String, String>();
//			cache = new HashMap<String, Integer>();
			members = new TreeSet<String>();
			checked = new TreeSet<String>();
			
			for(int i = 0; i < n; i++)
			{
				String s = sc.next();
				int lim = s.indexOf(':');
				String groupname = s.substring(0, lim);
				String groupcon = s.substring(lim+1);
				if(i == 0)firstgroup = groupname;
				groupdef.put(groupname, groupcon);
			}
			
			get(firstgroup);
			System.out.println(members.size());
//			System.out.println(members);
		}
		

	}

}","import java.util.*;
import java.io.*;
import static java.util.Arrays.*;
import static java.util.Collections.*;
import static java.lang.Math.*;

public class Main {

	int INF = 1 << 28;
	//long INF = 1L << 62;
	double EPS = 1e-10;
	V[] G;
	boolean[] used;
	
	void run() {
		Scanner sc = new Scanner(System.in);
		for(;;) {
			int n = sc.nextInt();
			if(n == 0) break;
			
			G = new V[n * 20 ];
			for(int i=0;i<n*20;i++) G[i] = new V();
			
			HashMap<String, Integer> map = new HashMap<String, Integer>();
			
			int ind = 0;
			for(int i=0;i<n;i++) {
				String[] sp = sc.next().split(""[:,.]"");
				if(!map.containsKey(sp[0])) map.put(sp[0], ind++);
				int f = map.get(sp[0]);
				
				for(int j=1;j<sp.length;j++) {
					if(!map.containsKey(sp[j])) map.put(sp[j], ind++);
					int t = map.get(sp[j]);
					G[f].add(t);
				}
			}
			
			used = new boolean[n*20];
			cnt = 0;
			dfs(0);
			System.out.println(cnt);
		}
		
	}
	
	int cnt;
	void dfs(int p) {
		used[p] = true;
		if(G[p].size()==0)cnt++;
		for(int i: G[p]) if(!used[i]) dfs(i);
	}
	
	class V extends ArrayList<Integer>{}

	void debug(Object... os) {
		System.err.println(Arrays.deepToString(os));
	}

	public static void main(String[] args) {
		new Main().run();
	}
}",Type-4,"import java.util.*;

private static int countGroupMembers(List<String> defs) {
    Map<String, Integer> idMap = new HashMap<>();
    List<List<Integer>> graph = new ArrayList<>();
    int nextId = 0;
    int firstId = -1;

    for (int i = 0; i < defs.size(); i++) {
        String line = defs.get(i);
        String[] parts = line.split(""[:,.]"");
        if (parts.length == 0) continue;

        if (!idMap.containsKey(parts[0])) {
            idMap.put(parts[0], nextId++);
            graph.add(new ArrayList<>());
        }
        int from = idMap.get(parts[0]);
        if (i == 0) firstId = from;

        for (int j = 1; j < parts.length; j++) {
            if (parts[j].isEmpty()) continue;
            if (!idMap.containsKey(parts[j])) {
                idMap.put(parts[j], nextId++);
                graph.add(new ArrayList<>());
            }
            int to = idMap.get(parts[j]);
            graph.get(from).add(to);
        }
    }

    boolean[] used = new boolean[nextId];
    int[] cnt = new int[1];
    dfsCount(firstId, graph, used, cnt);
    return cnt[0];
}

private static void dfsCount(int v, List<List<Integer>> graph, boolean[] used, int[] cnt) {
    used[v] = true;
    if (graph.get(v).isEmpty()) {
        cnt[0]++;
    }
    for (int to : graph.get(v)) {
        if (!used[to]) dfsCount(to, graph, used, cnt);
    }
}


public class MainA {
    static HashMap<String, String> groupdef;
    static String firstgroup;
    static TreeSet<String> members;
    static TreeSet<String> checked;

    public static void main(String[] args) {
        Scanner sc = new Scanner(System.in);
        while (true) {
            int n = sc.nextInt();
            if (n == 0) break;

            List<String> defs = new ArrayList<>();
            for (int i = 0; i < n; i++) {
                defs.add(sc.next());
            }
            int ans = countGroupMembers(defs);
            System.out.println(ans);
        }
    }
}


public class MainB {
    int INF = 1 << 28;
    V[] G;
    boolean[] used;

    void run() {
        Scanner sc = new Scanner(System.in);
        for (;;) {
            int n = sc.nextInt();
            if (n == 0) break;

            List<String> defs = new ArrayList<>();
            for (int i = 0; i < n; i++) {
                defs.add(sc.next());
            }
            int ans = countGroupMembers(defs);
            System.out.println(ans);
        }
    }

    class V extends ArrayList<Integer> {}

    public static void main(String[] args) {
        new MainB().run();
    }
}"
"import java.util.Scanner;

public class Main{
	public static void main(String[] args) {
		Scanner scan = new Scanner(System.in);
		int a = scan.nextInt();
		int b = scan.nextInt();
		scan.close();
		int ans = 12;
		if(b >= a) {
			ans = a;
		}else {
			ans = a - 1;
		}
		System.out.println(ans);
	}
}","import java.io.*;
import java.util.*;


public class Main {

	private static Scanner sc;
	private static Printer pr;

	private static void solve() {
		int a = sc.nextInt();
		int b = sc.nextInt();

		if (b < a) {
			a--;
		}

		pr.println(a);
	}

	// ---------------------------------------------------
	public static void main(String[] args) {
		sc = new Scanner(INPUT == null ? System.in : new ByteArrayInputStream(INPUT.getBytes()));
		pr = new Printer(System.out);

		solve();

//		pr.close();
		pr.flush();
//		sc.close();
	}

	static String INPUT = null;

	private static class Printer extends PrintWriter {
		Printer(OutputStream out) {
			super(out);
		}
	}
}",Type-4,"import java.util.*;
import java.io.*;

private static int computeAns(int a, int b) {
    if (b >= a) return a;
    return a - 1;
}

public class MainA {
    public static void main(String[] args) {
        Scanner scan = new Scanner(System.in);
        int a = scan.nextInt();
        int b = scan.nextInt();
        scan.close();
        int ans = computeAns(a, b);
        System.out.println(ans);
    }
}

public class MainB {

    private static Scanner sc;
    private static Printer pr;
    static String INPUT = null;

    private static void solve() {
        int a = sc.nextInt();
        int b = sc.nextInt();
        int ans = computeAns(a, b);
        pr.println(ans);
    }

    public static void main(String[] args) {
        sc = new Scanner(INPUT == null ? System.in : new ByteArrayInputStream(INPUT.getBytes()));
        pr = new Printer(System.out);
        solve();
        pr.flush();
    }

    private static class Printer extends PrintWriter {
        Printer(OutputStream out) {
            super(out);
        }
    }
}"
"import java.util.*;

public class Main{
  public static void main(String[] args){
    Scanner sc = new Scanner(System.in);

    String[] s = sc.next().split("""");
    int l =  s.length;
    int count =0;
    for(int i=0; i<l; i++){
      if(s[i].equals(""U"")||s[i].equals(""D"")){
        count +=1;
        continue;
      }


      if(i%2==0){
        if(s[i].equals(""R"")){
          count += 1;
        }
      }else{
        if(s[i].equals(""L"")){
          count += 1;
        }
      }
    }
    if(count == l){
      System.out.println(""Yes"");
    }else{
      System.out.println(""No"");
    }




  }
}","import java.util.Scanner;

public class Main {

	public static void main(String[] args) {
		Scanner sc = new Scanner(System.in);
		String s= sc.next();
		for (int i=0;i<s.length();i++) {
			if (s.charAt(i)=='R'||s.charAt(i)=='L') {
				if (i%2==0&&s.charAt(i)!='R')	{
					System.out.println(""No"");
					return ;
				} else if (i%2==1&&s.charAt(i)!='L'){
					System.out.println(""No"");
					return ;
				}
			}
		}
		{
			System.out.println(""Yes"");
			return ;
		}
	}
}",Type-4,"import java.util.*;

private static boolean isValid(String s) {
    int l = s.length();
    for (int i = 0; i < l; i++) {
        char ch = s.charAt(i);
        if (ch == 'U' || ch == 'D') continue;
        if (i % 2 == 0) {
            if (ch != 'R') return false;
        } else {
            if (ch != 'L') return false;
        }
    }
    return true;
}

public class MainA {
    public static void main(String[] args){
        Scanner sc = new Scanner(System.in);
        String str = sc.next();
        boolean ok = isValid(str);
        System.out.println(ok ? ""Yes"" : ""No"");
    }
}

class MainB {
    public static void main(String[] args) {
        Scanner sc = new Scanner(System.in);
        String s = sc.next();
        boolean ok = isValid(s);
        System.out.println(ok ? ""Yes"" : ""No"");
    }
}"
"import java.util.*;
class Main
{
    static long mod = 1000000007;
    public static void main (String[] args)
    {
        Scanner sc = new Scanner(System.in);
        int n = sc.nextInt();
        long[] a = new long[n];
        for(int i = 0; i < n; i++){
            a[i] = sc.nextLong();
        }
        long[] b = new long[n+1];
        b[0] = 0;
        for(int i = 1; i <= n; i++){
            b[i] = (b[i-1] + pow(i, mod - 2)) % mod;
        }
        long ans = 0;
        for(int i = 0; i < n; i++){
            ans += a[i] * (b[i+1] + b[n - i] - 1);
            ans %= mod;
        }
        for(int i = 1; i <= n; i++){
            ans *= i;
            ans %= mod;
        }
        System.out.println(ans);
    }
    static long pow(long a, long p){
        if(p == 0) return 1;
        else if(p % 2 == 0){
            long d = pow(a, p/2);
            return d * d % mod;
        }
        else return pow(a, p-1) * a % mod;
    }
}","import java.io.*;
import java.util.*;

class Solver {
  final int n;
  final long[] as;
  
  ModCalculator mc;
  long sumA;
  
  Solver(int n, long[] as) {
    this.n = n;
    this.as = as;
  }
  
  public long calculateMidConnectedBlocksCost() {
    long sumMidA = 0;
    long sumHeadA = 0;
    long sumTailA = 0;
    long cost = 0;
    for (int k = 0; k < n - 2; k++) {
      sumHeadA = mc.add(sumHeadA, as[k]);
      sumTailA = mc.add(sumTailA, as[n - 1 - k]);
      sumMidA = mc.add(sumMidA, sumA);
      sumMidA = mc.sub(sumMidA, sumHeadA);
      sumMidA = mc.sub(sumMidA, sumTailA);
      long count1 = 2;
      long count2 = mc.getF(k);
      long count3 = mc.getF(n - 2 - k);
      long count4 = mc.getC(n, k);
      long count = mc.mul(mc.mul(count1, count2), mc.mul(count3, count4));
      long thisLoopCost = mc.mul(count, sumMidA);
      cost = mc.add(cost, thisLoopCost);
    }
    return cost;
  }
  
  public long calculateHeadConnectedBlocksCost() {
    long sumHeadA = 0;
    long sumTailA = 0;
    long cost = 0;
    for (int k = 0; k < n-1; k++) {
      sumHeadA = mc.add(sumHeadA, as[k]);
      sumTailA = mc.add(sumTailA, as[n - 1 - k]);
      long sumHeadTailA = mc.add(sumHeadA, sumTailA);
      long count1 = mc.getF(k + 1);
      long count2 = mc.getF(n - 2 - k);
      long count3 = mc.getC(n, k + 2);
      long count = mc.mul(mc.mul(count1, count2), count3);
      long thisLoopCost = mc.mul(count, sumHeadTailA);
      cost = mc.add(cost, thisLoopCost);
    }
    return cost;
  }
  
  public long calculateFirstStepCost() {
    return mc.mul(sumA, mc.getF(n));
  }
  
  public long solve() {
    mc = new ModCalculator(1_000_000_007L);
    
    sumA = 0;
    for (long a : as) {
      sumA = mc.add(sumA, a);
    }
    
    long cost1 = calculateFirstStepCost();
    long cost2 = calculateHeadConnectedBlocksCost();
    long cost3 = calculateMidConnectedBlocksCost();
    long cost = mc.add(mc.add(cost1, cost2), cost3);
    return cost;
  }
}

public class Main {
  private static void execute(ContestReader reader, PrintWriter out) {
    int n = reader.nextInt();
    long[] as = reader.nextLongArray(n);
    out.println(new Solver(n, as).solve());
  }
  
  public static void main(String[] args) {
    ContestReader reader = new ContestReader(System.in);
    PrintWriter out = new PrintWriter(System.out);
    execute(reader, out);
    out.flush();
  }
}

class ContestReader {
  private BufferedReader reader;
  private StringTokenizer tokenizer;
  
  ContestReader(InputStream in) {
    reader = new BufferedReader(new InputStreamReader(in));
  }
  
  public String next() {
    while (tokenizer == null || !tokenizer.hasMoreTokens()) {
      try {
        tokenizer = new java.util.StringTokenizer(reader.readLine());
      } catch (Exception e) {
        throw new RuntimeException(e);
      }
    }
    return tokenizer.nextToken();
  }
  
  public int nextInt() {
    return Integer.parseInt(next());
  }
  
  public long nextLong() {
    return Long.parseLong(next());
  }
  
  public double nextDouble() {
    return Double.parseDouble(next());
  }
  
  public String[] nextArray(int n) {
    String[] array = new String[n];
    for (int i = 0; i < n; i++) {
      array[i] = next();
    }
    return array;
  }
  
  public int[] nextIntArray(int n) {
    int[] array = new int[n];
    for (int i = 0; i < n; i++) {
      array[i] = nextInt();
    }
    return array;
  }
  
  public long[] nextLongArray(int n) {
    long[] array = new long[n];
    for (int i = 0; i < n; i++) {
      array[i] = nextLong();
    }
    return array;
  }
  
  public double[] nextDoubleArray(int n) {
    double[] array = new double[n];
    for (int i = 0; i < n; i++) {
      array[i] = nextDouble();
    }
    return array;
  }
  
  public int[][] nextIntMatrix(int n, int m) {
    int[][] matrix = new int[n][m];
    for (int i = 0; i < n; i++) {
      for (int j = 0; j < m; j++) {
        matrix[i][j] = nextInt();
      }
    }
    return matrix;
  }
  
  public long[][] nextLongMatrix(int n, int m) {
    long[][] matrix = new long[n][m];
    for (int i = 0; i < n; i++) {
      for (int j = 0; j < m; j++) {
        matrix[i][j] = nextLong();
      }
    }
    return matrix;
  }
  
  public double[][] nextDoubleMatrix(int n, int m) {
    double[][] matrix = new double[n][m];
    for (int i = 0; i < n; i++) {
      for (int j = 0; j < m; j++) {
        matrix[i][j] = nextDouble();
      }
    }
    return matrix;
  }
}

class ModCalculator {
  private final long mod;
  private final ModCombinationCache modCombinationCache;
  
  ModCalculator(long mod) {
    this.mod = mod;
    this.modCombinationCache = new ModCombinationCache(this);
  }
  
  public long add(long a, long b) {
    return (a + b) % mod;
  }
  
  public long sub(long a, long b) {
    return (a - b + mod) % mod;
  }
  
  public long mul(long a, long b) {
    return (a * b) % mod;
  }
  
  public long pow(long a, long b) {
    if (b == 0) {
      return 1;
    }
    long v = pow(mul(a, a), b / 2);
    if (b % 2 == 1) {
      return mul(v, a);
    } else {
      return v;
    }
  }
  
  public long inverse(long a) {
    return pow(a, mod - 2);
  }
  
  public long div(long a, long b) {
    return mul(a, inverse(b));
  }
  
  public long getF(int n) {
    return modCombinationCache.getF(n);
  }
  
  public long getP(int n, int r) {
    return modCombinationCache.getP(n, r);
  }
  
  public long getC(int n, int k) {
    return modCombinationCache.getC(n, k);
  }
  
  class ModCombinationCache {
    private final ModCalculator modCalculator;
    private final List<Long> factorialCache;
    private final List<Long> factorialInverseCache;
    
    public ModCombinationCache(ModCalculator modCalculator) {
      this.modCalculator = modCalculator;
      factorialCache = new ArrayList<>();
      factorialCache.add(1L);
      factorialInverseCache = new ArrayList<>();
      factorialInverseCache.add(1L);
    }
    
    private void resize(int n) {
      for (int i = factorialCache.size() - 1; i < n; i++) {
        long v = modCalculator.mul(factorialCache.get(i), i + 1);
        factorialCache.add(v);
        factorialInverseCache.add(modCalculator.inverse(v));
      }
    }
    
    long getF(int n) {
      resize(n);
      return factorialCache.get(n);
    }
    
    long getP(int n, int r) {
      resize(n);
      return modCalculator.mul(factorialCache.get(n), factorialInverseCache.get(n - r));
    }
    
    long getC(int n, int k) {
      resize(n);
      return modCalculator.mul(factorialCache.get(n), modCalculator.mul(factorialInverseCache.get(k), factorialInverseCache.get(n-k)));
    }
  }
}
 
class Algorithm {
  private static void swap(Object[] list, int a, int b) {
    Object tmp = list[a];
    list[a] = list[b];
    list[b] = tmp;
  }
  
  public static <T extends Comparable<? super T>> boolean nextPermutation(T[] ts) {
    int rightMostAscendingOrderIndex = ts.length - 2;
    while (rightMostAscendingOrderIndex >= 0 &&
        ts[rightMostAscendingOrderIndex].compareTo(ts[rightMostAscendingOrderIndex + 1]) >= 0) {
      rightMostAscendingOrderIndex--;
    }
    if (rightMostAscendingOrderIndex < 0) {
      return false;
    }
    
    int rightMostGreatorIndex = ts.length - 1;
    while (ts[rightMostAscendingOrderIndex].compareTo(ts[rightMostGreatorIndex]) >= 0) {
      rightMostGreatorIndex--;
    }
    
    swap(ts, rightMostAscendingOrderIndex, rightMostGreatorIndex);
    for (int i = 0; i < (ts.length - rightMostAscendingOrderIndex - 1) / 2; i++) {
      swap(ts, rightMostAscendingOrderIndex + 1 + i, ts.length - 1 - i);
    }
    return true;
  }
  
  public static void shuffle(int[] array) {
    Random random = new Random();
    int n = array.length;
    for (int i = 0; i < n; i++) {
      int randomIndex = i + random.nextInt(n - i);
      
      int temp = array[i];
      array[i] = array[randomIndex];
      array[randomIndex] = temp;
    }
  }
  
  public static void shuffle(long[] array) {
    Random random = new Random();
    int n = array.length;
    for (int i = 0; i < n; i++) {
      int randomIndex = i + random.nextInt(n - i);
      
      long temp = array[i];
      array[i] = array[randomIndex];
      array[randomIndex] = temp;
    }
  }
  
  public static void sort(int[] array) {
    shuffle(array);
    Arrays.sort(array);
  }
  
  public static void sort(long[] array) {
    shuffle(array);
    Arrays.sort(array);
  }
}

class UnionFind {
  int[] parents;
  int[] ranks;

  UnionFind(int n) {
    parents = new int[n];
    ranks = new int[n];

    for (int i = 0; i < n; i++) {
      parents[i] = i;
    }
  }

  public int getRoot(int index) {
    if (parents[index] == index) {
      return index;
    } else {
      parents[index] = getRoot(parents[index]);
      return parents[index];
    }
  }

  public boolean sameGroup(int a, int b) {
    return getRoot(a) == getRoot(b);
  }

  public void merge(int a, int b) {
    int rootA = getRoot(a);
    int rootB = getRoot(b);
    if (rootA == rootB) {
      return;
    }
    if (ranks[rootA] < ranks[rootB]) {
      parents[rootA] = rootB;
    } else if (ranks[rootB] < ranks[rootA]) {
      parents[rootB] = rootA;
    } else {
      parents[rootA] = rootB;
      ranks[rootB]++;
    }
  }
}",Type-4,"import java.util.*;
import java.io.*;

static final long MOD = 1_000_000_007L;

private static long powMod(long a, long p) {
    a %= MOD;
    if (a < 0) a += MOD;
    if (p == 0) return 1L;
    if ((p & 1L) == 0L) {
        long d = powMod(a, p / 2);
        return (d * d) % MOD;
    } else {
        return (powMod(a, p - 1) * a) % MOD;
    }
}

private static long computeAnswer(int n, long[] a) {
    long[] b = new long[n + 1];
    b[0] = 0L;
    for (int i = 1; i <= n; i++) {
        b[i] = (b[i - 1] + powMod(i, MOD - 2)) % MOD;
    }
    long ans = 0L;
    for (int i = 0; i < n; i++) {
        long ai = a[i] % MOD;
        if (ai < 0) ai += MOD;
        long term = (b[i + 1] + b[n - i] - 1) % MOD;
        if (term < 0) term += MOD;
        ans = (ans + ai * term) % MOD;
    }
    for (int i = 1; i <= n; i++) {
        ans = (ans * i) % MOD;
    }
    return ans;
}


public class MainA {
    public static void main(String[] args) {
        Scanner sc = new Scanner(System.in);
        int n = sc.nextInt();
        long[] a = new long[n];
        for (int i = 0; i < n; i++) {
            a[i] = sc.nextLong();
        }
        long ans = computeAnswer(n, a);
        System.out.println(ans);
    }
}


class MainB {
    public static void main(String[] args) {
        ContestReader reader = new ContestReader(System.in);
        PrintWriter out = new PrintWriter(System.out);
        int n = reader.nextInt();
        long[] a = reader.nextLongArray(n);
        long ans = computeAnswer(n, a);
        out.println(ans);
        out.flush();
    }
}


class ContestReader {
    private final BufferedReader reader;
    private StringTokenizer tokenizer;

    ContestReader(InputStream in) {
        reader = new BufferedReader(new InputStreamReader(in));
    }

    private String next() {
        while (tokenizer == null || !tokenizer.hasMoreTokens()) {
            try {
                tokenizer = new StringTokenizer(reader.readLine());
            } catch (IOException e) {
                throw new RuntimeException(e);
            }
        }
        return tokenizer.nextToken();
    }

    int nextInt() {
        return Integer.parseInt(next());
    }

    long nextLong() {
        return Long.parseLong(next());
    }

    long[] nextLongArray(int n) {
        long[] arr = new long[n];
        for (int i = 0; i < n; i++) {
            arr[i] = nextLong();
        }
        return arr;
    }
}"
"import java.io.BufferedReader;
import java.io.IOException;
import java.io.InputStream;
import java.io.InputStreamReader;
import java.io.OutputStream;
import java.io.PrintWriter;
import java.util.Arrays;
import java.util.HashMap;
import java.util.InputMismatchException;
import java.util.Map;
import java.util.StringTokenizer;

public class Main {

	public static void main(String[] args) throws IOException {
		InputStream inputStream = System.in;
		OutputStream outputStream = System.out;
		InputReader in = new InputReader(inputStream);
		PrintWriter out = new PrintWriter(outputStream);
		TaskX solver = new TaskX();
		solver.solve(1, in, out);
		out.close();
	}

	static class TaskX {
		public void solve(int testNumber, InputReader in, PrintWriter out) {

			int n = in.nextInt();
			int k = in.nextInt();
			int l = in.nextInt();
			UnionFind u1 = new UnionFind(n);
			UnionFind u2 = new UnionFind(n);
			for (int i = 0; i < k; i++) {
				int p = in.nextInt()-1;
				int q = in.nextInt()-1;
				u1.link(p, q);
			}
			for (int i = 0; i < l; i++) {
				int r = in.nextInt()-1;
				int s = in.nextInt()-1;
				u2.link(r, s);
			}
			Map<Long, Integer> roots = new HashMap<Long, Integer>();
			for (int i = 0; i < n; i++) {
				long code = (long)u1.root(i)<< 32 | u2.root(i);
				roots.merge(code, 1, Integer::sum);
			}
			for (int i = 0; i < n; i++) {
				if (i > 0)out.print("" "");
				long code = (long)u1.root(i) << 32 | u2.root(i);
				out.print(roots.get(code));
			}

		}

		public class UnionFind {
			int[] data;

			public UnionFind(int n) {
				data = new int[n];
				Arrays.fill(data, -1);
			}

			boolean link(int x, int y) {
				x = root(x);
				y = root(y);
				if (x != y) {
					if (data[y] < data[x]) {
						data[y] += data[x];
						data[x] = y;
					} else {
						data[x] += data[y];
						data[y] = x;
					}
				}
				return x != y;
			}

			int root(int x) {
				return data[x] < 0 ? x : (data[x] = root(data[x]));
			}
		}
	}


	static class InputReader {
		BufferedReader in;
		StringTokenizer tok;

		public String nextString() {
			while (!tok.hasMoreTokens()) {
				try {
					tok = new StringTokenizer(in.readLine(), "" "");
				} catch (IOException e) {
					throw new InputMismatchException();
				}
			}
			return tok.nextToken();
		}

		public int nextInt() {
			return Integer.parseInt(nextString());
		}

		public long nextLong() {
			return Long.parseLong(nextString());
		}

		public int[] nextIntArray(int n) {
			int[] res = new int[n];
			for (int i = 0; i < n; i++) {
				res[i] = nextInt();
			}
			return res;
		}

		public long[] nextLongArray(int n) {
			long[] res = new long[n];
			for (int i = 0; i < n; i++) {
				res[i] = nextLong();
			}
			return res;
		}

		public InputReader(InputStream inputStream) {
			in = new BufferedReader(new InputStreamReader(inputStream));
			tok = new StringTokenizer("""");
		}

	}

}","import java.io.BufferedReader;
import java.io.IOException;
import java.io.InputStream;
import java.io.InputStreamReader;
import java.io.UncheckedIOException;
import java.util.HashMap;
import java.util.StringTokenizer;

public class Main {
	static int N,K,L;
	public static void main(String[] args) {
		SC sc = new SC(System.in);
		N=sc.nextInt();
		K=sc.nextInt();
		L=sc.nextInt();
		UnionFindTree uf=new UnionFindTree(N);
		int[] den=new int[N];
		for(int i=0;i<K; i++) {
			int f=sc.nextInt()-1;
			int t=sc.nextInt()-1;
			uf.unite(f,t);
		}
		for(int i=0; i<N; i++) {
			den[i]=uf.find(i);
		}
		uf=new UnionFindTree(N);
		int[] dou=new int[N];
		for(int i=0;i<L; i++) {
			int f=sc.nextInt()-1;
			int t=sc.nextInt()-1;
			uf.unite(f,t);
		}
		for(int i=0; i<N; i++) {
			dou[i]=uf.find(i);
		}
		HashMap<Long,Integer> num = new HashMap<Long,Integer>();
		long[] id=new long[N];
		for(int i=0; i<N; i++) {
			id[i]=((long)(den[i])*((long) N)+((long)(dou[i])));
			if(num.containsKey(id[i])) {
				num.put(id[i], num.get(id[i])+1);
			}
			else {
				num.put(id[i], 1);
			}
		}
		for(int i=0; i<N; i++) {
			if(i<N-1) {
				p(num.get(id[i])+"" "");
			}
			else {
				p(num.get(id[i]));
			}
		}
		pl();
	}
	static class UnionFindTree {
		int[] root;
		int[] rank;

		UnionFindTree(int N){
			root = new int[N];
			rank = new int[N];
			for(int i=0;i<N;i++){
				root[i] = i;
			}
		}

		public int find(int x){
			if(root[x]==x){
				return x;
			}else{
				return find(root[x]);
			}
		}

		public void unite(int x,int y){
			x = find(x);
			y = find(y);
			if(x==y){
				return;
			}else{
				if(rank[x]<rank[y]){
					root[x] = y;
				}else{
					root[y] = x;
					if(rank[x]==rank[y]){
						rank[x]++;
					}
				}
			}
		}

		public boolean same(int x,int y){
			return find(x)==find(y);
		}
	}
	static class SC {
		private BufferedReader reader = null;
		private StringTokenizer tokenizer = null;
		public SC(InputStream in) {
			reader = new BufferedReader(new InputStreamReader(in));
		}
		public String next() {
			if (tokenizer == null || !tokenizer.hasMoreTokens()) {
				try {
					tokenizer = new StringTokenizer(reader.readLine());
				} catch (IOException e) {
					throw new UncheckedIOException(e);
				}
			}
			return tokenizer.nextToken();
		}
		public int nextInt() {
			return Integer.parseInt(next());
		}
		public long nextLong() {
			return Long.parseLong(next());
		}
		public double nextDouble() {
			return Double.parseDouble(next());
		}
		public String nextLine() {
			try {
				return reader.readLine();
			} catch (IOException e) {
				throw new UncheckedIOException(e);
			}
		}
	}
	public static void pl(Object o) {
		System.out.println(o);
	}
	public static void pl() {
		System.out.println();
	}
	public static void p(Object o) {
		System.out.print(o);
	}
}",Type-4,"import java.io.*;
import java.util.*;

private static int[] computePairCounts(int n, int[] roadRoot, int[] railRoot) {
    HashMap<Long, Integer> map = new HashMap<>();
    long[] key = new long[n];
    for (int i = 0; i < n; i++) {
        long code = (((long) roadRoot[i]) << 32) ^ (railRoot[i] & 0xffffffffL);
        key[i] = code;
        map.merge(code, 1, Integer::sum);
    }
    int[] res = new int[n];
    for (int i = 0; i < n; i++) {
        res[i] = map.get(key[i]);
    }
    return res;
}


public class MainA {

    public static void main(String[] args) throws IOException {
        InputStream inputStream = System.in;
        OutputStream outputStream = System.out;
        InputReader in = new InputReader(inputStream);
        PrintWriter out = new PrintWriter(outputStream);

        int n = in.nextInt();
        int k = in.nextInt();
        int l = in.nextInt();

        UnionFind u1 = new UnionFind(n);
        UnionFind u2 = new UnionFind(n);

        for (int i = 0; i < k; i++) {
            int p = in.nextInt() - 1;
            int q = in.nextInt() - 1;
            u1.link(p, q);
        }
        for (int i = 0; i < l; i++) {
            int r = in.nextInt() - 1;
            int s = in.nextInt() - 1;
            u2.link(r, s);
        }

        int[] roadRoot = new int[n];
        int[] railRoot = new int[n];
        for (int i = 0; i < n; i++) {
            roadRoot[i] = u1.root(i);
            railRoot[i] = u2.root(i);
        }

        int[] ans = computePairCounts(n, roadRoot, railRoot);

        for (int i = 0; i < n; i++) {
            if (i > 0) out.print("" "");
            out.print(ans[i]);
        }
        out.println();
        out.flush();
        out.close();
    }

    public static class UnionFind {
        int[] data;

        public UnionFind(int n) {
            data = new int[n];
            Arrays.fill(data, -1);
        }

        boolean link(int x, int y) {
            x = root(x);
            y = root(y);
            if (x != y) {
                if (data[y] < data[x]) {
                    data[y] += data[x];
                    data[x] = y;
                } else {
                    data[x] += data[y];
                    data[y] = x;
                }
            }
            return x != y;
        }

        int root(int x) {
            return data[x] < 0 ? x : (data[x] = root(data[x]));
        }
    }

    static class InputReader {
        BufferedReader in;
        StringTokenizer tok;

        public String nextString() {
            while (!tok.hasMoreTokens()) {
                try {
                    tok = new StringTokenizer(in.readLine(), "" "");
                } catch (IOException e) {
                    throw new InputMismatchException();
                }
            }
            return tok.nextToken();
        }

        public int nextInt() {
            return Integer.parseInt(nextString());
        }

        public long nextLong() {
            return Long.parseLong(nextString());
        }

        public InputReader(InputStream inputStream) {
            in = new BufferedReader(new InputStreamReader(inputStream));
            tok = new StringTokenizer("""");
        }
    }
}


class MainB {
    static int N, K, L;

    public static void main(String[] args) {
        SC sc = new SC(System.in);
        N = sc.nextInt();
        K = sc.nextInt();
        L = sc.nextInt();

        UnionFindTree uf1 = new UnionFindTree(N);
        for (int i = 0; i < K; i++) {
            int f = sc.nextInt() - 1;
            int t = sc.nextInt() - 1;
            uf1.unite(f, t);
        }
        int[] roadRoot = new int[N];
        for (int i = 0; i < N; i++) {
            roadRoot[i] = uf1.find(i);
        }

        UnionFindTree uf2 = new UnionFindTree(N);
        for (int i = 0; i < L; i++) {
            int f = sc.nextInt() - 1;
            int t = sc.nextInt() - 1;
            uf2.unite(f, t);
        }
        int[] railRoot = new int[N];
        for (int i = 0; i < N; i++) {
            railRoot[i] = uf2.find(i);
        }

        int[] ans = computePairCounts(N, roadRoot, railRoot);

        StringBuilder sb = new StringBuilder();
        for (int i = 0; i < N; i++) {
            if (i > 0) sb.append(' ');
            sb.append(ans[i]);
        }
        System.out.println(sb.toString());
    }

    static class UnionFindTree {
        int[] root;
        int[] rank;

        UnionFindTree(int n) {
            root = new int[n];
            rank = new int[n];
            for (int i = 0; i < n; i++) {
                root[i] = i;
            }
        }

        int find(int x) {
            if (root[x] == x) {
                return x;
            } else {
                root[x] = find(root[x]);
                return root[x];
            }
        }

        void unite(int x, int y) {
            x = find(x);
            y = find(y);
            if (x == y) return;
            if (rank[x] < rank[y]) {
                root[x] = y;
            } else {
                root[y] = x;
                if (rank[x] == rank[y]) {
                    rank[x]++;
                }
            }
        }

        boolean same(int x, int y) {
            return find(x) == find(y);
        }
    }

    static class SC {
        private BufferedReader reader = null;
        private StringTokenizer tokenizer = null;

        public SC(InputStream in) {
            reader = new BufferedReader(new InputStreamReader(in));
        }

        public String next() {
            if (tokenizer == null || !tokenizer.hasMoreTokens()) {
                try {
                    tokenizer = new StringTokenizer(reader.readLine());
                } catch (IOException e) {
                    throw new UncheckedIOException(e);
                }
            }
            return tokenizer.nextToken();
        }

        public int nextInt() {
            return Integer.parseInt(next());
        }

        public long nextLong() {
            return Long.parseLong(next());
        }

        public double nextDouble() {
            return Double.parseDouble(next());
        }

        public String nextLine() {
            try {
                return reader.readLine();
            } catch (IOException e) {
                throw new UncheckedIOException(e);
            }
        }
    }
}"
"import java.util.*;
import java.io.*;

class Main {
    static int searchP(long p,int[] ws){
        int count = 1;
        int sum = 0; 
        for(int i = 0; i < ws.length; i++){
            if(sum + ws[i] <= p) {
            sum += ws[i];
            } else {
                count++;
                if(ws[i] <= p){
                sum = ws[i];
                } else{
                    count += 99999;
                }
            }
        }
        return count;
    }
    static long solve(long p, int[] ws, long k){
        long right = p;
        long left = 0;
        long mid;
        while(right - left > 1) {
            mid = (left + right) / 2;
            int v = searchP(mid,ws);
            if(k >= v) {
                right = mid;
            } else {
               left = mid;
                
            }
        }
    return right;
    }
    public static void main(String...args) throws IOException {
        BufferedReader br = new BufferedReader(new InputStreamReader(System.in));
        
        String[] info = br.readLine().split("" "");
        int n = Integer.parseInt(info[0]);
        int k = Integer.parseInt(info[1]);
        int[] ws = new int[n];
        for(int i = 0; i < n; i++) {
            ws[i] = Integer.parseInt(br.readLine());
        }
        long p = 100000 * 10000;
        System.out.println(solve(p,ws,k));
        
    }
}","import java.util.Scanner;

public class Main {

	private static int N, K;
	private static int a[];

	public static void main(String[] args) {
		Scanner sc = new Scanner(System.in);
		N = sc.nextInt();
		K = sc.nextInt();
		a = new int[N];
		for (int i = 0; i < N; i++) {
			a[i] = sc.nextInt();
		}
		int l = 0, h = 1000000000;
		while (l + 1 < h) {
			int m = (l + h) / 2;
			if (check(m))
				h = m;
			else
				l = m;
		}
		System.out.println(++l);
	}

	public static boolean check(int P) {
		int i=0,truck =0;
		while (i < N && truck < K) {
			for (int sum = 0; i < N && sum + a[i] <= P; i++) {
				sum += a[i];
			}
			truck++;
		}
		return i==N;
	}
}",Type-4,"private static int countRequiredTrucks(long capacity, int[] weights) {
    int trucks = 1;
    long sum = 0;
    for (int w : weights) {
        if (w > capacity) {
            return Integer.MAX_VALUE;
        }
        if (sum + w <= capacity) {
            sum += w;
        } else {
            trucks++;
            sum = w;
        }
    }
    return trucks;
}


import java.util.*;
import java.io.*;

class MainA {
    static long solve(long upperBound, int[] ws, long k) {
        long right = upperBound;
        long left = 0;
        while (right - left > 1) {
            long mid = (left + right) / 2;
            int v = countRequiredTrucks(mid, ws);
            if (k >= v) {
                right = mid;
            } else {
                left = mid;
            }
        }
        return right;
    }

    public static void main(String... args) throws IOException {
        BufferedReader br = new BufferedReader(new InputStreamReader(System.in));
        String[] info = br.readLine().split("" "");
        int n = Integer.parseInt(info[0]);
        int k = Integer.parseInt(info[1]);
        int[] ws = new int[n];
        for (int i = 0; i < n; i++) {
            ws[i] = Integer.parseInt(br.readLine());
        }
        long upperBound = 100000L * 10000L;
        System.out.println(solve(upperBound, ws, k));
    }
}


import java.util.Scanner;

class MainB {
    private static int N, K;
    private static int[] a;

    public static void main(String[] args) {
        Scanner sc = new Scanner(System.in);
        N = sc.nextInt();
        K = sc.nextInt();
        a = new int[N];
        for (int i = 0; i < N; i++) {
            a[i] = sc.nextInt();
        }
        int l = 0, h = 1000000000;
        while (l + 1 < h) {
            int m = (l + h) / 2;
            int trucks = countRequiredTrucks(m, a);
            if (trucks <= K) {
                h = m;
            } else {
                l = m;
            }
        }
        System.out.println(++l);
    }
}"
"import java.util.*;

class Main {
    public static void main(String[] args) {
        Scanner sc = new Scanner(System.in);
        int n = sc.nextInt();
        int k = findK(n);
        if(k==-1){
            System.out.println(""No"");
            System.exit(0);
        }
        int[][] res = new int[k][k-1];
        for(int i=0;i<k-1;i++) res[0][i] = i+1;
        int[] index = new int[k];
        for(int i=0;i<k;i++) index[i]=i;
        for(int row=1;row<k;row++){
            int idx = 0;
            for(int j=0;j<row;j++) res[row][idx++] = res[j][index[j]++];
            if(row==k-1) continue;
            res[row][idx++]=res[row-1][k-2]+1;
            while(idx<k-1){
                res[row][idx] = res[row][idx-1]+1;
                idx++;
            }
        }
        System.out.println(""Yes"");
        System.out.println(k);
        for(int i=0;i<k;i++){
            System.out.print(Integer.toString(k-1)+"" "");
            for(int j=0;j<k-1;j++){
                System.out.print(Integer.toString(res[i][j])+"" "");
            }
            System.out.println("""");
        }
    }
    static int findK(int n){
        int k=1;
        while(k*(k-1)<=2*n){
            if(k*(k-1)==2*n) return k;
            k++;
        }
        return -1;
    }
}","import java.io.*;
import java.util.*;

public class Main {
  private static List<String> solve(int n) {
    for (int k = 1; true; k++) {
      int area = k * (k + 1) / 2;
      if (area > n) {
        return Arrays.asList(""No"");
      }
      if (area < n) {
        continue;
      }
      List<List<Integer>> ss = new ArrayList<>();
      for (int i = 0; i < k+1; i++) {
        ss.add(new ArrayList<>());
      }
      
      int number = 1;
      for (int i = 0; i < k; i++) {
        for (int j = 0; i + j < k; j++) {
          ss.get(i).add(number);
          ss.get(i + j + 1).add(number);
          number++;
        }
      }
      List<String> answers = new ArrayList<>();
      answers.add(""Yes"");
      answers.add("""" + ss.size());
      for (List<Integer> s : ss) {
        StringBuilder sb = new StringBuilder();
        sb.append(s.size());
        for (int i : s) {
          sb.append("" "");
          sb.append(i);
        }
        answers.add(sb.toString());
      }
      return answers;
    }
  }
  
  private static void execute(ContestReader reader, PrintWriter out) {
    int n = reader.nextInt();
    List<String> answers = solve(n);
    for (String line : answers) {
      out.println(line);
    }
  }
  
  public static void main(String[] args) {
    ContestReader reader = new ContestReader(System.in);
    PrintWriter out = new PrintWriter(System.out);
    execute(reader, out);
    out.flush();
  }
}

class ContestReader {
  private BufferedReader reader;
  private StringTokenizer tokenizer;
  
  ContestReader(InputStream in) {
    reader = new BufferedReader(new InputStreamReader(in));
  }
  
  public String next() {
    while (tokenizer == null || !tokenizer.hasMoreTokens()) {
      try {
        tokenizer = new java.util.StringTokenizer(reader.readLine());
      } catch (Exception e) {
        throw new RuntimeException(e);
      }
    }
    return tokenizer.nextToken();
  }
  
  public int nextInt() {
    return Integer.parseInt(next());
  }
  
  public long nextLong() {
    return Long.parseLong(next());
  }
  
  public double nextDouble() {
    return Double.parseDouble(next());
  }
  
  public String[] nextArray(int n) {
    String[] array = new String[n];
    for (int i = 0; i < n; i++) {
      array[i] = next();
    }
    return array;
  }
  
  public int[] nextIntArray(int n) {
    int[] array = new int[n];
    for (int i = 0; i < n; i++) {
      array[i] = nextInt();
    }
    return array;
  }
  
  public long[] nextLongArray(int n) {
    long[] array = new long[n];
    for (int i = 0; i < n; i++) {
      array[i] = nextLong();
    }
    return array;
  }
  
  public double[] nextDoubleArray(int n) {
    double[] array = new double[n];
    for (int i = 0; i < n; i++) {
      array[i] = nextDouble();
    }
    return array;
  }
  
  public int[][] nextIntMatrix(int n, int m) {
    int[][] matrix = new int[n][m];
    for (int i = 0; i < n; i++) {
      for (int j = 0; j < m; j++) {
        matrix[i][j] = nextInt();
      }
    }
    return matrix;
  }
  
  public long[][] nextLongMatrix(int n, int m) {
    long[][] matrix = new long[n][m];
    for (int i = 0; i < n; i++) {
      for (int j = 0; j < m; j++) {
        matrix[i][j] = nextLong();
      }
    }
    return matrix;
  }
  
  public double[][] nextDoubleMatrix(int n, int m) {
    double[][] matrix = new double[n][m];
    for (int i = 0; i < n; i++) {
      for (int j = 0; j < m; j++) {
        matrix[i][j] = nextDouble();
      }
    }
    return matrix;
  }
}

class ModCalculator {
  private final long mod;
  
  ModCalculator(long mod) {
    this.mod = mod;
  }
  
  public long add(long a, long b) {
    return (a + b) % mod;
  }
  
  public long mul(long a, long b) {
    return (a * b) % mod;
  }
  
  public long pow(long a, long b) {
    if (b == 0) {
      return 1;
    }
    long v = pow(mul(a, a), b / 2);
    if (b % 2 == 1) {
      return mul(v, a);
    } else {
      return v;
    }
  }
  
  public long inverse(long a) {
    return pow(a, mod - 2);
  }
  
  public long div(long a, long b) {
    return mul(a, inverse(b));
  }
}
 
class ModCombinationCache {
  private final ModCalculator modCalculator;
  private final List<Long> factorialCache;
  private final List<Long> factorialInverseCache;
  
  public ModCombinationCache(ModCalculator modCalculator) {
    this.modCalculator = modCalculator;
    factorialCache = new ArrayList<>();
    factorialCache.add(1L);
    factorialInverseCache = new ArrayList<>();
    factorialInverseCache.add(1L);
  }
  
  private void resize(int n) {
    for (int i = factorialCache.size() - 1; i < n; i++) {
      long v = modCalculator.mul(factorialCache.get(i), i + 1);
      factorialCache.add(v);
      factorialInverseCache.add(modCalculator.inverse(v));
    }
  }
  
  public long getP(int n) {
    resize(n);
    return factorialCache.get(n);
  }
  
  public long getC(int n, int k) {
    resize(n);
    return modCalculator.mul(factorialCache.get(n), modCalculator.mul(factorialInverseCache.get(k), factorialInverseCache.get(n-k)));
  }
}

class Algorithm {
  private static void swap(Object[] list, int a, int b) {
    Object tmp = list[a];
    list[a] = list[b];
    list[b] = tmp;
  }
  
  public static <T extends Comparable<? super T>> boolean nextPermutation(T[] ts) {
    int rightMostAscendingOrderIndex = ts.length - 2;
    while (rightMostAscendingOrderIndex >= 0 &&
        ts[rightMostAscendingOrderIndex].compareTo(ts[rightMostAscendingOrderIndex + 1]) >= 0) {
      rightMostAscendingOrderIndex--;
    }
    if (rightMostAscendingOrderIndex < 0) {
      return false;
    }
    
    int rightMostGreatorIndex = ts.length - 1;
    while (ts[rightMostAscendingOrderIndex].compareTo(ts[rightMostGreatorIndex]) >= 0) {
      rightMostGreatorIndex--;
    }
    
    swap(ts, rightMostAscendingOrderIndex, rightMostGreatorIndex);
    for (int i = 0; i < (ts.length - rightMostAscendingOrderIndex - 1) / 2; i++) {
      swap(ts, rightMostAscendingOrderIndex + 1 + i, ts.length - 1 - i);
    }
    return true;
  }
  
  public static void shuffle(int[] array) {
    Random random = new Random();
    int n = array.length;
    for (int i = 0; i < n; i++) {
      int randomIndex = i + random.nextInt(n - i);
      
      int temp = array[i];
      array[i] = array[randomIndex];
      array[randomIndex] = temp;
    }
  }
  
  public static void shuffle(long[] array) {
    Random random = new Random();
    int n = array.length;
    for (int i = 0; i < n; i++) {
      int randomIndex = i + random.nextInt(n - i);
      
      long temp = array[i];
      array[i] = array[randomIndex];
      array[randomIndex] = temp;
    }
  }
  
  public static void sort(int[] array) {
    shuffle(array);
    Arrays.sort(array);
  }
  
  public static void sort(long[] array) {
    shuffle(array);
    Arrays.sort(array);
  }
}

class UnionFind {
  int[] parents;
  int[] ranks;

  UnionFind(int n) {
    parents = new int[n];
    ranks = new int[n];

    for (int i = 0; i < n; i++) {
      parents[i] = i;
    }
  }

  public int getRoot(int index) {
    if (parents[index] == index) {
      return index;
    } else {
      parents[index] = getRoot(parents[index]);
      return parents[index];
    }
  }

  public boolean sameGroup(int a, int b) {
    return getRoot(a) == getRoot(b);
  }

  public void merge(int a, int b) {
    int rootA = getRoot(a);
    int rootB = getRoot(b);
    if (rootA == rootB) {
      return;
    }
    if (ranks[rootA] < ranks[rootB]) {
      parents[rootA] = rootB;
    } else if (ranks[rootB] < ranks[rootA]) {
      parents[rootB] = rootA;
    } else {
      parents[rootA] = rootB;
      ranks[rootB]++;
    }
  }
}",Type-4,"// --------------------------- Extracted Method ---------------------------

private static int findK(int n) {
    int k = 1;
    while (k * (k - 1) <= 2 * n) {
        if (k * (k - 1) == 2 * n) return k;
        k++;
    }
    return -1;
}



// --------------------------- Replacement Version A (first code) ---------------------------

import java.util.*;

class MainA {
    public static void main(String[] args) {
        Scanner sc = new Scanner(System.in);
        int n = sc.nextInt();
        int k = findK(n);
        if (k == -1) {
            System.out.println(""No"");
            System.exit(0);
        }
        int[][] res = new int[k][k - 1];
        for (int i = 0; i < k - 1; i++) res[0][i] = i + 1;

        int[] index = new int[k];
        for (int i = 0; i < k; i++) index[i] = i;

        for (int row = 1; row < k; row++) {
            int idx = 0;
            for (int j = 0; j < row; j++) res[row][idx++] = res[j][index[j]++];
            if (row == k - 1) continue;
            res[row][idx++] = res[row - 1][k - 2] + 1;
            while (idx < k - 1) {
                res[row][idx] = res[row][idx - 1] + 1;
                idx++;
            }
        }

        System.out.println(""Yes"");
        System.out.println(k);
        for (int i = 0; i < k; i++) {
            System.out.print((k - 1) + "" "");
            for (int j = 0; j < k - 1; j++) System.out.print(res[i][j] + "" "");
            System.out.println();
        }
    }
}



// --------------------------- Replacement Version B (second code) ---------------------------

import java.io.*;
import java.util.*;

class MainB {
    private static List<String> solve(int n) {
        for (int k = 1; ; k++) {
            int area = k * (k + 1) / 2;
            if (area > n) return Arrays.asList(""No"");
            if (area < n) continue;

            List<List<Integer>> ss = new ArrayList<>();
            for (int i = 0; i < k + 1; i++) ss.add(new ArrayList<>());

            int number = 1;
            for (int i = 0; i < k; i++) {
                for (int j = 0; i + j < k; j++) {
                    ss.get(i).add(number);
                    ss.get(i + j + 1).add(number);
                    number++;
                }
            }

            List<String> answers = new ArrayList<>();
            answers.add(""Yes"");
            answers.add("""" + ss.size());
            for (List<Integer> s : ss) {
                StringBuilder sb = new StringBuilder();
                sb.append(s.size());
                for (int i : s) sb.append("" "").append(i);
                answers.add(sb.toString());
            }
            return answers;
        }
    }

    private static void execute(ContestReader reader, PrintWriter out) {
        int n = reader.nextInt();
        List<String> answers = solve(n);
        for (String line : answers) out.println(line);
    }

    public static void main(String[] args) {
        ContestReader reader = new ContestReader(System.in);
        PrintWriter out = new PrintWriter(System.out);
        execute(reader, out);
        out.flush();
    }
}

class ContestReader {
    private BufferedReader reader;
    private StringTokenizer tokenizer;

    ContestReader(InputStream in) {
        reader = new BufferedReader(new InputStreamReader(in));
    }

    public String next() {
        while (tokenizer == null || !tokenizer.hasMoreTokens()) {
            try { tokenizer = new StringTokenizer(reader.readLine()); }
            catch (Exception e) { throw new RuntimeException(e); }
        }
        return tokenizer.nextToken();
    }

    public int nextInt() { return Integer.parseInt(next()); }
}"
"import java.util.Scanner;

public class Main {
	public static void main(String[] args) {
		Scanner sc = new Scanner(System.in);

		int a = Integer.parseInt(sc.next());
		int b = Integer.parseInt(sc.next());
		int c = Integer.parseInt(sc.next());

		if (a < c && c < b || b < c && c < a){
			System.out.println(""Yes"");
		}else {
			System.out.println(""No"");
		}
	}
}","import java.util.Scanner;

public class Main {
	public static void main(String[] args) {
		Scanner sc = new Scanner(System.in);
		int a = sc.nextInt();
		int b = sc.nextInt();
		int c = sc.nextInt();
		if ((a <= c && b >= c) || (a >= c && b <= c)) {
			System.out.printf(""Yes"");
		} else {
			System.out.printf(""No"");
		}
	}
}",Type-4,"// -------------------- Extracted Method --------------------

private static boolean isBetween(int a, int b, int c) {
    return (a < c && c < b) || (b < c && c < a);
}


// -------------------- Refactored Version A --------------------

import java.util.Scanner;

class MainA {
    public static void main(String[] args) {
        Scanner sc = new Scanner(System.in);

        int a = Integer.parseInt(sc.next());
        int b = Integer.parseInt(sc.next());
        int c = Integer.parseInt(sc.next());

        if (isBetween(a, b, c)) {
            System.out.println(""Yes"");
        } else {
            System.out.println(""No"");
        }
    }
}


// -------------------- Refactored Version B --------------------

import java.util.Scanner;

class MainB {
    public static void main(String[] args) {
        Scanner sc = new Scanner(System.in);

        int a = sc.nextInt();
        int b = sc.nextInt();
        int c = sc.nextInt();

        if (isBetween(a, b, c)) {
            System.out.println(""Yes"");
        } else {
            System.out.println(""No"");
        }
    }
}"
"import java.util.Scanner;

public class Main {
    public static void main(String[] args) {
        Scanner sc = new Scanner(System.in);
        String str = sc.next();
        int n = str.length();
        int digitSum = 0;
        for (int i = 0; i < n; i++)
            digitSum += (str.charAt(i) - '0');
        if(digitSum % 9 == 0) {
            System.out.println(""Yes"");
        }
        else {
            System.out.println(""No"");
        }
    }
}","import java.util.Scanner;

/**
 * Created by enpingkuang on 2020/9/10 10:58 ‰∏ãÂçà
 */
public class Main {
    public static void main(String[] args) {
        Scanner scanner = new Scanner(System.in);
        String s = scanner.next();
        long sum = 0;
        int length = s.length();
        for(int i = 0;i<length;i++){
            sum += (s.charAt(i)-'0');
        }
        System.out.println(sum % 9==0?""Yes"":""No"");
    }
}",Type-4,"// -------------------- Extracted Method --------------------

private static boolean isDivisibleBy9(String s) {
    long sum = 0;
    for (int i = 0; i < s.length(); i++) {
        sum += s.charAt(i) - '0';
    }
    return sum % 9 == 0;
}


// -------------------- Refactored Version A --------------------

import java.util.Scanner;

class MainA {
    public static void main(String[] args) {
        Scanner sc = new Scanner(System.in);
        String str = sc.next();
        if (isDivisibleBy9(str)) {
            System.out.println(""Yes"");
        } else {
            System.out.println(""No"");
        }
    }
}


// -------------------- Refactored Version B --------------------

import java.util.Scanner;

class MainB {
    public static void main(String[] args) {
        Scanner scanner = new Scanner(System.in);
        String s = scanner.next();
        if (isDivisibleBy9(s)) {
            System.out.println(""Yes"");
        } else {
            System.out.println(""No"");
        }
    }
}"
"import java.io.*;
import java.util.*;

public class Main {
    public static void main(String[] args) {
        MyScanner sc = new MyScanner();

        char[] s = sc.next().toCharArray();
        char[] t = sc.next().toCharArray();

        boolean isAns = false;
        for (int i = s.length-1; i >= t.length-1; i--) {
            char[] tmp = s.clone();
            isAns = true;
            for (int j = 0; j < t.length; j++) {
                if (s[i-j] == t[t.length-1-j] || s[i-j] == '?') {
                    tmp[i-j] = t[t.length-1-j];
                } else {
                    isAns = false;
                    break;
                }
            }

            if (isAns) {
                s = tmp;
                break;
            }
        }

        if (isAns) {
            for (char c : s)
                System.out.print(c == '?' ? 'a' : c);
        } else {
            System.out.println(""UNRESTORABLE"");
        }
    }

    static class MyScanner {
        BufferedReader reader = new BufferedReader(new InputStreamReader(System.in), 1 << 15);
        StringTokenizer tokenizer;

        String next() {
            try {
                while (tokenizer == null || !tokenizer.hasMoreTokens()) {
                    tokenizer = new StringTokenizer(reader.readLine());
                }
            } catch (IOException ignored) {
            }
            return tokenizer.nextToken();
        }

        int nextInt() {
            return Integer.parseInt(next());
        }

        long nextLong() {
            return Long.parseLong(next());
        }
    }
}","import java.io.File;
import java.io.IOException;
import java.util.*;
 
public class Main {
	public static void main(String[] args) throws IOException {
		//File file = new File(""input.txt"");
		//Scanner in = new Scanner(file);
		
		Scanner in = new Scanner(System.in);
		
		String SS = in.next();
		String T = in.next();
		
		int index = SS.length() - T.length();
		
		while(index >= 0){
			String s = SS.substring(index, index + T.length());
			
			boolean tf = true;
			for(int i = 0; i < T.length(); i++){
				if(s.charAt(i) != '?' && s.charAt(i) != T.charAt(i)){
					tf = false;
					break;
				}
			}
			
			if(tf){
				SS = new StringBuilder(SS).replace(index, index + s.length(), T).toString();
				SS = SS.replace('?', 'a');
				System.out.println(SS);
				return;
			}else{
				index--;
			}
		}
		
		System.out.println(""UNRESTORABLE"");
	}
}",Type-4,"class StringRestorer {
    static String restore(String S, String T) {
        char[] s = S.toCharArray();
        char[] t = T.toCharArray();

        boolean isAns = false;
        for (int i = s.length - 1; i >= t.length - 1; i--) {
            char[] tmp = s.clone();
            isAns = true;
            for (int j = 0; j < t.length; j++) {
                if (s[i - j] == t[t.length - 1 - j] || s[i - j] == '?') {
                    tmp[i - j] = t[t.length - 1 - j];
                } else {
                    isAns = false;
                    break;
                }
            }
            if (isAns) {
                s = tmp;
                break;
            }
        }

        if (!isAns) {
            return ""UNRESTORABLE"";
        }

        StringBuilder sb = new StringBuilder();
        for (char c : s) {
            sb.append(c == '?' ? 'a' : c);
        }
        return sb.toString();
    }
}

class MainA {
    public static void main(String[] args) {
        MyScanner sc = new MyScanner();
        String s = sc.next();
        String t = sc.next();
        String result = StringRestorer.restore(s, t);
        System.out.println(result);
    }

    static class MyScanner {
        BufferedReader reader = new BufferedReader(new InputStreamReader(System.in), 1 << 15);
        StringTokenizer tokenizer;

        String next() {
            try {
                while (tokenizer == null || !tokenizer.hasMoreTokens()) {
                    tokenizer = new StringTokenizer(reader.readLine());
                }
            } catch (IOException ignored) {
            }
            return tokenizer.nextToken();
        }

        int nextInt() {
            return Integer.parseInt(next());
        }

        long nextLong() {
            return Long.parseLong(next());
        }
    }
}

class MainB {
    public static void main(String[] args) throws IOException {
        Scanner in = new Scanner(System.in);
        String SS = in.next();
        String T = in.next();
        String result = StringRestorer.restore(SS, T);
        System.out.println(result);
    }
}"
"import java.io.IOException;

import java.io.BufferedReader;
import java.io.InputStreamReader;

import java.io.PrintWriter;

@SuppressWarnings(""unchecked"")
public class Main {
    public static void main(String[] args) throws IOException {
        final String s;

        try (
            BufferedReader reader = new BufferedReader(
                new InputStreamReader(System.in))) {
            s = reader.readLine();
        }

        PrintWriter out = new PrintWriter(System.out);

        final String[] sl = s.split("" "");
        int A = Integer.parseInt(sl[0]);
        int B = Integer.parseInt(sl[1]);
        int C = Integer.parseInt(sl[2]);

        int max = Math.max(A, Math.max(B, C));

        int sum = 3 * max - A - B - C;

        int ans;

        if (sum % 2 == 0) ans = sum / 2;
        else ans = (int)Math.ceil((double)sum / 2) + 1;

        out.println(ans);

        out.flush();
    }
}","import java.util.Scanner;

public class Main {

	public static void main(String[] args) {
		// TODO Ëá™ÂãïÁîüÊàê„Åï„Çå„Åü„É°„ÇΩ„ÉÉ„Éâ„Éª„Çπ„Çø„Éñ
		Scanner sc=new Scanner(System.in);
		
		int a=sc.nextInt();	
		int b=sc.nextInt();	
		int c=sc.nextInt();	
		
		int total=a+b+c;
		int min=Math.min(Math.min(a,b),Math.min(b,c));
		int max=Math.max(Math.max(a,b),Math.max(b,c));
		int ans=total-min-max;
		
		int count=0;
		count=max-ans;
		min+=count;
		count+=(max-min)/2;
		if((max-min)%2==1){
			count+=2;
		}
		System.out.println(count);
		sc.close();
	}
}",Type-4,"class Equalizer {
    static int solve(int A, int B, int C) {
        int max = Math.max(A, Math.max(B, C));
        int sum = 3 * max - A - B - C;
        if (sum % 2 == 0) {
            return sum / 2;
        } else {
            return (int) Math.ceil(sum / 2.0) + 1;
        }
    }
}

class MainA {
    public static void main(String[] args) throws java.io.IOException {
        java.io.BufferedReader reader =
                new java.io.BufferedReader(new java.io.InputStreamReader(System.in));
        String s = reader.readLine();
        java.io.PrintWriter out = new java.io.PrintWriter(System.out);
        String[] sl = s.split("" "");
        int A = Integer.parseInt(sl[0]);
        int B = Integer.parseInt(sl[1]);
        int C = Integer.parseInt(sl[2]);
        int ans = Equalizer.solve(A, B, C);
        out.println(ans);
        out.flush();
    }
}

class MainB {
    public static void main(String[] args) {
        java.util.Scanner sc = new java.util.Scanner(System.in);
        int a = sc.nextInt();
        int b = sc.nextInt();
        int c = sc.nextInt();
        int ans = Equalizer.solve(a, b, c);
        System.out.println(ans);
        sc.close();
    }
}"
"import java.util.*;

public class Main {
    public static void main(String[] args) {
        try(Scanner scn = new Scanner(System.in)) {
            int sum = scn.nextInt() + scn.nextInt() + scn.nextInt() + scn.nextInt();
            System.out.println(sum / 60);
            System.out.println(sum % 60);
        }
    }
}","import java.util.Scanner;
//import java.io.*;
//import java.util.Arrays;
public class Main {
	public static void main(String[] args) throws java.io.IOException {
		Scanner scan = new Scanner(System.in);
		//InputStreamReader is = new InputStreamReader(System.in);
		//BufferedReader br = new BufferedReader(is);
		//String text = scan.next();
		int sum = 0;
		for(int i = 0 ; i < 4 ; i++){
			sum += scan.nextInt();
		}
		System.out.println(sum/60);
		System.out.println(sum%60);
	}
}",Type-4,"// ===== Extracted Method =====
class SumSolver {
    static int[] toHourMinute(int a, int b, int c, int d) {
        int sum = a + b + c + d;
        return new int[]{ sum / 60, sum % 60 };
    }
}

// ===== Refactored Version 1 =====
import java.util.*;

public class MainA {
    public static void main(String[] args) {
        try (Scanner scn = new Scanner(System.in)) {
            int a = scn.nextInt();
            int b = scn.nextInt();
            int c = scn.nextInt();
            int d = scn.nextInt();
            int[] res = SumSolver.toHourMinute(a, b, c, d);
            System.out.println(res[0]);
            System.out.println(res[1]);
        }
    }
}

// ===== Refactored Version 2 =====
import java.util.Scanner;

public class MainB {
    public static void main(String[] args) throws java.io.IOException {
        Scanner scan = new Scanner(System.in);
        int a = scan.nextInt();
        int b = scan.nextInt();
        int c = scan.nextInt();
        int d = scan.nextInt();
        int[] res = SumSolver.toHourMinute(a, b, c, d);
        System.out.println(res[0]);
        System.out.println(res[1]);
    }
}"
"import java.util.Scanner;

public class Main {

	static int[][] field;
	static String[][] dp;
	static int h,w;
	public static void main(String[] args) {
		Scanner cin = new Scanner(System.in);
		while(true){
			w = cin.nextInt();
			h = cin.nextInt();
			if(w+h==0)break;
			field=new int[h][w];
			dp=new String[h][w];
			for(int i = 0;i<h;i++){
				String s = cin.next();
				for(int j = 0;j<w;j++){
					dp[i][j]="""";
					if(Character.isDigit(s.charAt(j))){
						field[i][j]=s.charAt(j)-'0';
					}
					else{
						field[i][j]=-1;
					}
				}
			}
			for(int i = 0;i<w;i++){
				if(i==0){
					if(field[0][i]<=0){

					}
					else{
						dp[0][i]=""""+field[0][i];
					}
				}
				else{
					if(field[0][i]==-1){

					}
					else{
						if(!dp[0][i-1].equals(""0"")&&!dp[0][i-1].equals("""")){
							dp[0][i]=dp[0][i-1]+field[0][i];
						}
						else{
							dp[0][i]=""""+field[0][i];
						}
					}
				}
			}
			for(int i = 0;i<h;i++){
				if(i==0){
					if(field[i][0]<=0){

					}
					else{
						dp[i][0]=""""+field[i][0];
					}

				}
				else{
					if(field[i][0]==-1){

					}
					else{
						if(!dp[i-1][0].equals(""0"")&&!dp[i-1][0].equals("""")){
							dp[i][0]=dp[i-1][0]+field[i][0];
						}
						else{
							dp[i][0]=""""+field[i][0];
						}
					}
				}
			}
			String ans=""0"";
			for(int i = 1;i<h;i++){
				for(int j = 1;j<w;j++){
					if(field[i][j]==-1)continue;
					String s1=dp[i-1][j]+field[i][j];
					String s2=dp[i][j-1]+field[i][j];
					String s3=field[i][j]+"""";
					if(big(s1,s2)>=0){
						if(big(s1,s3)>=0){
							dp[i][j]=s1;
						}
						else{
							dp[i][j]=s3;
						}
					}
					else{
						if(big(s2,s3)>=0){
							dp[i][j]=s2;
						}
						else{
							dp[i][j]=s3;
						}
					}
					while(dp[i][j].charAt(0)=='0'&&dp[i][j].length()>1){
						dp[i][j]=dp[i][j].substring(1,dp[i][j].length());
					}
					if(big(dp[i][j],ans)>0){
						ans=dp[i][j];
					}
				}
			}
			for(int i = 0;i<h;i++){
				for(int j = 0;j<w;j++){
					if(big(dp[i][j],ans)>0){
						ans=dp[i][j];
					}
				}
			}
			//output();
			System.out.println(ans);
		}

	}
	static int big(String s1,String s2){
		if(s1.length()==s2.length()){
			return s1.compareTo(s2);
		}
		return s1.length()-s2.length();
	}
	static void output(){
		for(int i = 0;i<h;i++){
			for(int j = 0;j<w;j++){
				System.out.print(dp[i][j]+"" "");
			}
			System.out.println();
		}
		System.out.println();
	}
}","import java.io.IOException;
import java.io.InputStream;
import java.io.PrintWriter;
import java.util.InputMismatchException;
import java.util.NoSuchElementException;

public class Main {

	static PrintWriter out;
	static InputReader ir;

	static void solve() {
		for (;;) {
			int m = ir.nextInt();
			int n = ir.nextInt();
			if (m == 0 && n == 0)
				return;
			char[][] map = ir.nextCharMap(n, m);
			String[][] dp = new String[n][m];
			String ret = """";
			for (int i = n-1; i >= 0; i--) {
				for (int j = m-1; j >= 0; j--) {
					if (map[i][j] >= 'A' && map[i][j] <= 'Z')
						continue;
					dp[i][j] = Character.toString(map[i][j]);
					for (int k = 0; k < 2; k++) {
						int nx = i + (k & 1);
						int ny = j + ((k & 1) ^ 1);
						if (!(nx >= 0 && nx < n && ny >= 0 && ny < m))
							continue;
						if( map[nx][ny] >= 'A' && map[nx][ny] <= 'Z')
							continue;
						dp[i][j] = max(dp[i][j], Character.toString(map[i][j]) + dp[nx][ny]);
					}
					int t=0;
					while(t<dp[i][j].length()&&dp[i][j].charAt(t)=='0')
						t++;
					ret=max(ret,dp[i][j].substring(t));
				}
			}
			out.println(ret);
		}
	}

	static String max(String a, String b) {
		if (a.length() > b.length())
			return a;
		if (a.length() < b.length())
			return b;
		for (int i = 0; i < a.length(); i++) {
			if (a.charAt(i) > b.charAt(i))
				return a;
			if (a.charAt(i) < b.charAt(i))
				return b;
		}
		return a;
	}

	public static void main(String[] args) throws Exception {
		ir = new InputReader(System.in);
		out = new PrintWriter(System.out);
		solve();
		out.flush();
	}

	static class InputReader {

		private InputStream in;
		private byte[] buffer = new byte[1024];
		private int curbuf;
		private int lenbuf;

		public InputReader(InputStream in) {
			this.in = in;
			this.curbuf = this.lenbuf = 0;
		}

		public boolean hasNextByte() {
			if (curbuf >= lenbuf) {
				curbuf = 0;
				try {
					lenbuf = in.read(buffer);
				} catch (IOException e) {
					throw new InputMismatchException();
				}
				if (lenbuf <= 0)
					return false;
			}
			return true;
		}

		private int readByte() {
			if (hasNextByte())
				return buffer[curbuf++];
			else
				return -1;
		}

		private boolean isSpaceChar(int c) {
			return !(c >= 33 && c <= 126);
		}

		private void skip() {
			while (hasNextByte() && isSpaceChar(buffer[curbuf]))
				curbuf++;
		}

		public boolean hasNext() {
			skip();
			return hasNextByte();
		}

		public String next() {
			if (!hasNext())
				throw new NoSuchElementException();
			StringBuilder sb = new StringBuilder();
			int b = readByte();
			while (!isSpaceChar(b)) {
				sb.appendCodePoint(b);
				b = readByte();
			}
			return sb.toString();
		}

		public int nextInt() {
			if (!hasNext())
				throw new NoSuchElementException();
			int c = readByte();
			while (isSpaceChar(c))
				c = readByte();
			boolean minus = false;
			if (c == '-') {
				minus = true;
				c = readByte();
			}
			int res = 0;
			do {
				if (c < '0' || c > '9')
					throw new InputMismatchException();
				res = res * 10 + c - '0';
				c = readByte();
			} while (!isSpaceChar(c));
			return (minus) ? -res : res;
		}

		public long nextLong() {
			if (!hasNext())
				throw new NoSuchElementException();
			int c = readByte();
			while (isSpaceChar(c))
				c = readByte();
			boolean minus = false;
			if (c == '-') {
				minus = true;
				c = readByte();
			}
			long res = 0;
			do {
				if (c < '0' || c > '9')
					throw new InputMismatchException();
				res = res * 10 + c - '0';
				c = readByte();
			} while (!isSpaceChar(c));
			return (minus) ? -res : res;
		}

		public double nextDouble() {
			return Double.parseDouble(next());
		}

		public int[] nextIntArray(int n) {
			int[] a = new int[n];
			for (int i = 0; i < n; i++)
				a[i] = nextInt();
			return a;
		}

		public long[] nextLongArray(int n) {
			long[] a = new long[n];
			for (int i = 0; i < n; i++)
				a[i] = nextLong();
			return a;
		}

		public char[][] nextCharMap(int n, int m) {
			char[][] map = new char[n][m];
			for (int i = 0; i < n; i++)
				map[i] = next().toCharArray();
			return map;
		}
	}
}",Type-4,"import java.io.*;
import java.util.*;
import java.util.InputMismatchException;
import java.util.NoSuchElementException;

class GridSolver {
    static String solve(char[][] map, int h, int w) {
        String[][] dp = new String[h][w];
        String ret = """";
        for (int i = h - 1; i >= 0; i--) {
            for (int j = w - 1; j >= 0; j--) {
                char ch = map[i][j];
                if (ch < '0' || ch > '9') {
                    continue;
                }
                dp[i][j] = Character.toString(ch);
                for (int k = 0; k < 2; k++) {
                    int nx = i + (k & 1);
                    int ny = j + ((k & 1) ^ 1);
                    if (nx < 0 || nx >= h || ny < 0 || ny >= w) {
                        continue;
                    }
                    if (map[nx][ny] < '0' || map[nx][ny] > '9') {
                        continue;
                    }
                    dp[i][j] = maxString(dp[i][j], ch + dp[nx][ny]);
                }
                int t = 0;
                while (t < dp[i][j].length() && dp[i][j].charAt(t) == '0') {
                    t++;
                }
                String trimmed = dp[i][j].substring(t);
                ret = maxString(ret, trimmed);
            }
        }
        return ret;
    }

    private static String maxString(String a, String b) {
        if (a.length() > b.length()) return a;
        if (a.length() < b.length()) return b;
        for (int i = 0; i < a.length(); i++) {
            if (a.charAt(i) > b.charAt(i)) return a;
            if (a.charAt(i) < b.charAt(i)) return b;
        }
        return a;
    }
}

class MainA {
    public static void main(String[] args) {
        Scanner cin = new Scanner(System.in);
        while (true) {
            int w = cin.nextInt();
            int h = cin.nextInt();
            if (w + h == 0) break;
            char[][] map = new char[h][w];
            for (int i = 0; i < h; i++) {
                String s = cin.next();
                for (int j = 0; j < w; j++) {
                    map[i][j] = s.charAt(j);
                }
            }
            String ans = GridSolver.solve(map, h, w);
            if (ans.isEmpty()) ans = ""0"";
            System.out.println(ans);
        }
    }
}

class MainB {

    static PrintWriter out;
    static InputReader ir;

    public static void main(String[] args) {
        ir = new InputReader(System.in);
        out = new PrintWriter(System.out);
        solve();
        out.flush();
    }

    static void solve() {
        for (;;) {
            int m = ir.nextInt();
            int n = ir.nextInt();
            if (m == 0 && n == 0) return;
            char[][] map = ir.nextCharMap(n, m);
            String ret = GridSolver.solve(map, n, m);
            if (ret.isEmpty()) ret = ""0"";
            out.println(ret);
        }
    }

    static class InputReader {

        private InputStream in;
        private byte[] buffer = new byte[1024];
        private int curbuf;
        private int lenbuf;

        public InputReader(InputStream in) {
            this.in = in;
            this.curbuf = this.lenbuf = 0;
        }

        public boolean hasNextByte() {
            if (curbuf >= lenbuf) {
                curbuf = 0;
                try {
                    lenbuf = in.read(buffer);
                } catch (IOException e) {
                    throw new InputMismatchException();
                }
                if (lenbuf <= 0)
                    return false;
            }
            return true;
        }

        private int readByte() {
            if (hasNextByte())
                return buffer[curbuf++];
            else
                return -1;
        }

        private boolean isSpaceChar(int c) {
            return !(c >= 33 && c <= 126);
        }

        private void skip() {
            while (hasNextByte() && isSpaceChar(buffer[curbuf]))
                curbuf++;
        }

        public boolean hasNext() {
            skip();
            return hasNextByte();
        }

        public String next() {
            if (!hasNext())
                throw new NoSuchElementException();
            StringBuilder sb = new StringBuilder();
            int b = readByte();
            while (!isSpaceChar(b)) {
                sb.appendCodePoint(b);
                b = readByte();
            }
            return sb.toString();
        }

        public int nextInt() {
            if (!hasNext())
                throw new NoSuchElementException();
            int c = readByte();
            while (isSpaceChar(c))
                c = readByte();
            boolean minus = false;
            if (c == '-') {
                minus = true;
                c = readByte();
            }
            int res = 0;
            do {
                if (c < '0' || c > '9')
                    throw new InputMismatchException();
                res = res * 10 + c - '0';
                c = readByte();
            } while (!isSpaceChar(c));
            return (minus) ? -res : res;
        }

        public long nextLong() {
            if (!hasNext())
                throw new NoSuchElementException();
            int c = readByte();
            while (isSpaceChar(c))
                c = readByte();
            boolean minus = false;
            if (c == '-') {
                minus = true;
                c = readByte();
            }
            long res = 0;
            do {
                if (c < '0' || c > '9')
                    throw new InputMismatchException();
                res = res * 10 + c - '0';
                c = readByte();
            } while (!isSpaceChar(c));
            return (minus) ? -res : res;
        }

        public double nextDouble() {
            return Double.parseDouble(next());
        }

        public int[] nextIntArray(int n) {
            int[] a = new int[n];
            for (int i = 0; i < n; i++)
                a[i] = nextInt();
            return a;
        }

        public long[] nextLongArray(int n) {
            long[] a = new long[n];
            for (int i = 0; i < n; i++)
                a[i] = nextLong();
            return a;
        }

        public char[][] nextCharMap(int n, int m) {
            char[][] map = new char[n][m];
            for (int i = 0; i < n; i++)
                map[i] = next().toCharArray();
            return map;
        }
    }
}"
"import java.io.BufferedReader;
import java.io.IOException;
import java.io.InputStream;
import java.io.InputStreamReader;
import java.io.OutputStream;
import java.io.PrintWriter;
import java.util.InputMismatchException;
import java.util.StringTokenizer;

public class Main {

	public static void main(String[] args) throws IOException {
		InputStream inputStream = System.in;
		OutputStream outputStream = System.out;
		InputReader in = new InputReader(inputStream);
		PrintWriter out = new PrintWriter(outputStream);
		TaskX solver = new TaskX();
		solver.solve(1, in, out);
		out.close();
	}

	static int INF = 1 << 30;
	static long LINF = 1L << 55;
	static int MOD = 1000000007;
	static int[] mh4 = { 0, -1, 1, 0 };
	static int[] mw4 = { -1, 0, 0, 1 };
	static int[] mh8 = { -1, -1, -1, 0, 0, 1, 1, 1 };
	static int[] mw8 = { -1, 0, 1, -1, 1, -1, 0, 1 };

	static class TaskX {

		public void solve(int testNumber, InputReader in, PrintWriter out) {

			int n = in.nextInt();
			int[] a = in.nextIntArray(n);

			int count = 0;

			for (int l = 0, r = 0; l < n; l = r) {
				while (r < n && a[l] == a[r]) {
					r++;
				}
				int len = r-l;
				count += len/2;
			}

			out.println(count);
		}
	}

	static class InputReader {
		BufferedReader in;
		StringTokenizer tok;

		public String nextString() {
			while (!tok.hasMoreTokens()) {
				try {
					tok = new StringTokenizer(in.readLine(), "" "");
				} catch (IOException e) {
					throw new InputMismatchException();
				}
			}
			return tok.nextToken();
		}

		public int nextInt() {
			return Integer.parseInt(nextString());
		}

		public long nextLong() {
			return Long.parseLong(nextString());
		}

		public double nextDouble() {
			return Double.parseDouble(nextString());
		}

		public int[] nextIntArray(int n) {
			int[] res = new int[n];
			for (int i = 0; i < n; i++) {
				res[i] = nextInt();
			}
			return res;
		}

		public long[] nextLongArray(int n) {
			long[] res = new long[n];
			for (int i = 0; i < n; i++) {
				res[i] = nextLong();
			}
			return res;
		}

		public InputReader(InputStream inputStream) {
			in = new BufferedReader(new InputStreamReader(inputStream));
			tok = new StringTokenizer("""");
		}
	}

}","import java.util.*;
import java.io.*;
 class Main
{
     static class InputReader {
        private InputStream stream;
        private byte[] inbuf = new byte[1024];
        private int lenbuf = 0;
        private int ptrbuf = 0;

        public InputReader(InputStream stream) {
            this.stream = stream;
        }

        private int readByte() {
            if (lenbuf == -1) throw new UnknownError();
            if (ptrbuf >= lenbuf) {
                ptrbuf = 0;
                try {
                    lenbuf = stream.read(inbuf);
                } catch (IOException e) {
                    throw new UnknownError();
                }
                if (lenbuf <= 0) return -1;
            }
            return inbuf[ptrbuf++];
        }

        private boolean isSpaceChar(int c) {
            return !(c >= 33 && c <= 126);
        }

        private int skip() {
            int b;
            while ((b = readByte()) != -1 && isSpaceChar(b)) ;
            return b;
        }

        public String next() {
            int b = skip();
            StringBuilder sb = new StringBuilder();
            while (!(isSpaceChar(b))) { // when nextLine, (isSpaceChar(b) && b != ' ')
                sb.appendCodePoint(b);
                b = readByte();
            }
            return sb.toString();
        }

        public int nextInt() {
            int num = 0, b;
            boolean minus = false;
            while ((b = readByte()) != -1 && !((b >= '0' && b <= '9') || b == '-')) ;
            if (b == '-') {
                minus = true;
                b = readByte();
            }

            while (true) {
                if (b >= '0' && b <= '9') {
                    num = num * 10 + (b - '0');
                } else {
                    return minus ? -num : num;
                }
                b = readByte();
            }
        }

        public long nextLong() {
            long num = 0;
            int b;
            boolean minus = false;
            while ((b = readByte()) != -1 && !((b >= '0' && b <= '9') || b == '-')) ;
            if (b == '-') {
                minus = true;
                b = readByte();
            }

            while (true) {
                if (b >= '0' && b <= '9') {
                    num = num * 10 + (b - '0');
                } else {
                    return minus ? -num : num;
                }
                b = readByte();
            }
        }
    }
    public static void main(String args[])
    {
        InputReader sc=new InputReader(System.in);
        int n;
        n=sc.nextInt();
        int a[]=new int[n];
        for(int i=0;i<n;i++)
        {
            a[i]=sc.nextInt();
        }
        int count=0;
        for(int i=1;i<n;i++)
        {
            if(a[i]!=a[i-1])
            continue;
            else
            {
              a[i]=1000;
              count++;
            }
        }
        System.out.println(count);
    }
}",Type-4,"// Extracted helper method
class PairCounter {
    static int countPairs(int[] a, int n) {
        int count = 0;
        for (int l = 0, r = 0; l < n; l = r) {
            while (r < n && a[l] == a[r]) {
                r++;
            }
            int len = r - l;
            count += len / 2;
        }
        return count;
    }
}

// Refactored version of the first program
class MainA {

    public static void main(String[] args) throws IOException {
        InputStream inputStream = System.in;
        OutputStream outputStream = System.out;
        InputReader in = new InputReader(inputStream);
        PrintWriter out = new PrintWriter(outputStream);
        TaskX solver = new TaskX();
        solver.solve(1, in, out);
        out.close();
    }

    static int INF = 1 << 30;
    static long LINF = 1L << 55;
    static int MOD = 1000000007;
    static int[] mh4 = { 0, -1, 1, 0 };
    static int[] mw4 = { -1, 0, 0, 1 };
    static int[] mh8 = { -1, -1, -1, 0, 0, 1, 1, 1 };
    static int[] mw8 = { -1, 0, 1, -1, 1, -1, 0, 1 };

    static class TaskX {

        public void solve(int testNumber, InputReader in, PrintWriter out) {

            int n = in.nextInt();
            int[] a = in.nextIntArray(n);

            int count = PairCounter.countPairs(a, n);

            out.println(count);
        }
    }

    static class InputReader {
        BufferedReader in;
        StringTokenizer tok;

        public String nextString() {
            while (!tok.hasMoreTokens()) {
                try {
                    tok = new StringTokenizer(in.readLine(), "" "");
                } catch (IOException e) {
                    throw new InputMismatchException();
                }
            }
            return tok.nextToken();
        }

        public int nextInt() {
            return Integer.parseInt(nextString());
        }

        public long nextLong() {
            return Long.parseLong(nextString());
        }

        public double nextDouble() {
            return Double.parseDouble(nextString());
        }

        public int[] nextIntArray(int n) {
            int[] res = new int[n];
            for (int i = 0; i < n; i++) {
                res[i] = nextInt();
            }
            return res;
        }

        public long[] nextLongArray(int n) {
            long[] res = new long[n];
            for (int i = 0; i < n; i++) {
                res[i] = nextLong();
            }
            return res;
        }

        public InputReader(InputStream inputStream) {
            in = new BufferedReader(new InputStreamReader(inputStream));
            tok = new StringTokenizer("""");
        }
    }
}

// Refactored version of the second program
class MainB {

    static class InputReader {
        private InputStream stream;
        private byte[] inbuf = new byte[1024];
        private int lenbuf = 0;
        private int ptrbuf = 0;

        public InputReader(InputStream stream) {
            this.stream = stream;
        }

        private int readByte() {
            if (lenbuf == -1) throw new UnknownError();
            if (ptrbuf >= lenbuf) {
                ptrbuf = 0;
                try {
                    lenbuf = stream.read(inbuf);
                } catch (IOException e) {
                    throw new UnknownError();
                }
                if (lenbuf <= 0) return -1;
            }
            return inbuf[ptrbuf++];
        }

        private boolean isSpaceChar(int c) {
            return !(c >= 33 && c <= 126);
        }

        private int skip() {
            int b;
            while ((b = readByte()) != -1 && isSpaceChar(b)) ;
            return b;
        }

        public String next() {
            int b = skip();
            StringBuilder sb = new StringBuilder();
            while (!(isSpaceChar(b))) {
                sb.appendCodePoint(b);
                b = readByte();
            }
            return sb.toString();
        }

        public int nextInt() {
            int num = 0, b;
            boolean minus = false;
            while ((b = readByte()) != -1 && !((b >= '0' && b <= '9') || b == '-')) ;
            if (b == '-') {
                minus = true;
                b = readByte();
            }

            while (true) {
                if (b >= '0' && b <= '9') {
                    num = num * 10 + (b - '0');
                } else {
                    return minus ? -num : num;
                }
                b = readByte();
            }
        }

        public long nextLong() {
            long num = 0;
            int b;
            boolean minus = false;
            while ((b = readByte()) != -1 && !((b >= '0' && b <= '9') || b == '-')) ;
            if (b == '-') {
                minus = true;
                b = readByte();
            }

            while (true) {
                if (b >= '0' && b <= '9') {
                    num = num * 10 + (b - '0');
                } else {
                    return minus ? -num : num;
                }
                b = readByte();
            }
        }
    }

    public static void main(String args[]) {
        InputReader sc = new InputReader(System.in);
        int n;
        n = sc.nextInt();
        int a[] = new int[n];
        for (int i = 0; i < n; i++) {
            a[i] = sc.nextInt();
        }

        int count = PairCounter.countPairs(a, n);

        System.out.println(count);
    }
}"
"import java.io.BufferedReader;
import java.io.IOException;
import java.io.InputStream;
import java.io.InputStreamReader;
import java.io.OutputStream;
import java.io.PrintWriter;
import java.util.InputMismatchException;
import java.util.StringTokenizer;

public class Main {

	public static void main(String[] args) throws IOException {
		InputStream inputStream = System.in;
		OutputStream outputStream = System.out;
		InputReader in = new InputReader(inputStream);
		PrintWriter out = new PrintWriter(outputStream);
		TaskX solver = new TaskX();
		solver.solve(1, in, out);
		out.close();
	}

	static int INF = 1 << 30;
	static long LINF = 1L << 55;
	static int MOD = 1000000007;
	static int[] mh4 = { 0, -1, 1, 0 };
	static int[] mw4 = { -1, 0, 0, 1 };
	static int[] mh8 = { -1, -1, -1, 0, 0, 1, 1, 1 };
	static int[] mw8 = { -1, 0, 1, -1, 1, -1, 0, 1 };

	static class TaskX {

		public void solve(int testNumber, InputReader in, PrintWriter out) {

			int n = in.nextInt();
			int[] a = in.nextIntArray(n);

			int count = 0;

			for (int l = 0, r = 0; l < n; l = r) {
				while (r < n && a[l] == a[r]) {
					r++;
				}
				int len = r-l;
				count += len/2;
			}

			out.println(count);
		}
	}

	static class InputReader {
		BufferedReader in;
		StringTokenizer tok;

		public String nextString() {
			while (!tok.hasMoreTokens()) {
				try {
					tok = new StringTokenizer(in.readLine(), "" "");
				} catch (IOException e) {
					throw new InputMismatchException();
				}
			}
			return tok.nextToken();
		}

		public int nextInt() {
			return Integer.parseInt(nextString());
		}

		public long nextLong() {
			return Long.parseLong(nextString());
		}

		public double nextDouble() {
			return Double.parseDouble(nextString());
		}

		public int[] nextIntArray(int n) {
			int[] res = new int[n];
			for (int i = 0; i < n; i++) {
				res[i] = nextInt();
			}
			return res;
		}

		public long[] nextLongArray(int n) {
			long[] res = new long[n];
			for (int i = 0; i < n; i++) {
				res[i] = nextLong();
			}
			return res;
		}

		public InputReader(InputStream inputStream) {
			in = new BufferedReader(new InputStreamReader(inputStream));
			tok = new StringTokenizer("""");
		}
	}

}","import java.util.Scanner;

public class Main {
	public static void main(String[] args) {
		try(Scanner sc = new Scanner(System.in)){
			int n=sc.nextInt();
			int[] a=new int[n];
			int count=0;
			a[0]=sc.nextInt();
			for(int i=1; i<n; i++) {
				a[i]=sc.nextInt();
				if(a[i]==a[i-1]) {
					count++;
					a[i]=1000;
				}
			}
			System.out.println(count);
		}
	}
}",Type-4,"class PairCounter {
    static int countPairs(int[] a, int n) {
        int count = 0;
        for (int l = 0, r = 0; l < n; l = r) {
            while (r < n && a[l] == a[r]) {
                r++;
            }
            int len = r - l;
            count += len / 2;
        }
        return count;
    }
}

// Refactored version of the first program
class MainA {

    public static void main(String[] args) throws IOException {
        InputStream inputStream = System.in;
        OutputStream outputStream = System.out;
        InputReader in = new InputReader(inputStream);
        PrintWriter out = new PrintWriter(outputStream);
        TaskX solver = new TaskX();
        solver.solve(1, in, out);
        out.close();
    }

    static int INF = 1 << 30;
    static long LINF = 1L << 55;
    static int MOD = 1000000007;
    static int[] mh4 = { 0, -1, 1, 0 };
    static int[] mw4 = { -1, 0, 0, 1 };
    static int[] mh8 = { -1, -1, -1, 0, 0, 1, 1, 1 };
    static int[] mw8 = { -1, 0, 1, -1, 1, -1, 0, 1 };

    static class TaskX {

        public void solve(int testNumber, InputReader in, PrintWriter out) {

            int n = in.nextInt();
            int[] a = in.nextIntArray(n);

            int count = PairCounter.countPairs(a, n);

            out.println(count);
        }
    }

    static class InputReader {
        BufferedReader in;
        StringTokenizer tok;

        public String nextString() {
            while (!tok.hasMoreTokens()) {
                try {
                    tok = new StringTokenizer(in.readLine(), "" "");
                } catch (IOException e) {
                    throw new InputMismatchException();
                }
            }
            return tok.nextToken();
        }

        public int nextInt() {
            return Integer.parseInt(nextString());
        }

        public long nextLong() {
            return Long.parseLong(nextString());
        }

        public double nextDouble() {
            return Double.parseDouble(nextString());
        }

        public int[] nextIntArray(int n) {
            int[] res = new int[n];
            for (int i = 0; i < n; i++) {
                res[i] = nextInt();
            }
            return res;
        }

        public long[] nextLongArray(int n) {
            long[] res = new long[n];
            for (int i = 0; i < n; i++) {
                res[i] = nextLong();
            }
            return res;
        }

        public InputReader(InputStream inputStream) {
            in = new BufferedReader(new InputStreamReader(inputStream));
            tok = new StringTokenizer("""");
        }
    }
}

// Refactored version of the second program
class MainB {
    public static void main(String[] args) {
        try (Scanner sc = new Scanner(System.in)) {
            int n = sc.nextInt();
            int[] a = new int[n];
            for (int i = 0; i < n; i++) {
                a[i] = sc.nextInt();
            }
            int count = PairCounter.countPairs(a, n);
            System.out.println(count);
        }
    }
}"
"import java.io.IOException;
import java.io.InputStream;
import java.io.PrintWriter;
import java.util.NoSuchElementException;

public class Main {
	public void solve() {
		int N = nextInt();
		int[] a = new int[N];
		for(int i = 0;i < N;i++){
			a[i] = nextInt() - 1;
		}
		boolean[] used = new boolean[N];
		int ans = 0;
		for(int i = 0;i < N;i++){
			int x = a[i];
			int y = a[x];
			if(used[x])continue;
			if(used[y])continue;
			if(x == a[y] && y == a[x]){
				ans++;
				used[x] = true;
				used[y] = true;
			}
		}
		out.println(ans);
	}

	public static void main(String[] args) {
		out.flush();
		new Main().solve();
		out.close();
	}

	/* Input */
	private static final InputStream in = System.in;
	private static final PrintWriter out = new PrintWriter(System.out);
	private final byte[] buffer = new byte[2048];
	private int p = 0;
	private int buflen = 0;

	private boolean hasNextByte() {
		if (p < buflen)
			return true;
		p = 0;
		try {
			buflen = in.read(buffer);
		} catch (IOException e) {
			e.printStackTrace();
		}
		if (buflen <= 0)
			return false;
		return true;
	}

	public boolean hasNext() {
		while (hasNextByte() && !isPrint(buffer[p])) {
			p++;
		}
		return hasNextByte();
	}

	private boolean isPrint(int ch) {
		if (ch >= '!' && ch <= '~')
			return true;
		return false;
	}

	private int nextByte() {
		if (!hasNextByte())
			return -1;
		return buffer[p++];
	}

	public String next() {
		if (!hasNext())
			throw new NoSuchElementException();
		StringBuilder sb = new StringBuilder();
		int b = -1;
		while (isPrint((b = nextByte()))) {
			sb.appendCodePoint(b);
		}
		return sb.toString();
	}

	public int nextInt() {
		return Integer.parseInt(next());
	}

	public long nextLong() {
		return Long.parseLong(next());
	}

	public double nextDouble() {
		return Double.parseDouble(next());
	}
}","import java.util.*;
public class Main {
	public static void main(String[] args){
		Scanner sc = new Scanner(System.in);
		int s = sc.nextInt();
  		int rabs[] = new int[s]; 
      	long stack_num;
      	long like = 0;
      	
      	for(int i = 0;i < s; i++){
        	rabs[i] = sc.nextInt();
        }
      
      	for(int i = 0; i < s;i++){ 
          if(rabs[rabs[i]-1] == (i + 1)) like++;
        }
 		
      	System.out.println(like/2);
        
	}
}",Type-4,"// ===================== Extracted Method =====================
static int countMutual(int[] a) {
    int n = a.length;
    boolean[] used = new boolean[n];
    int ans = 0;

    for (int i = 0; i < n; i++) {
        int x = a[i];
        int y = a[x];
        if (used[x] || used[y]) continue;
        if (x == a[y] && y == a[x]) {
            ans++;
            used[x] = true;
            used[y] = true;
        }
    }
    return ans;
}

// ===================== Refactored Version 1 (Fast I/O) =====================
import java.io.IOException;
import java.io.InputStream;
import java.io.PrintWriter;
import java.util.NoSuchElementException;

public class Main {
    public void solve() {
        int N = nextInt();
        int[] a = new int[N];
        for (int i = 0; i < N; i++) {
            a[i] = nextInt() - 1;
        }

        int ans = countMutual(a);
        out.println(ans);
    }

    public static void main(String[] args) {
        out.flush();
        new Main().solve();
        out.close();
    }

    static int countMutual(int[] a) {
        int n = a.length;
        boolean[] used = new boolean[n];
        int ans = 0;

        for (int i = 0; i < n; i++) {
            int x = a[i];
            int y = a[x];
            if (used[x] || used[y]) continue;
            if (x == a[y] && y == a[x]) {
                ans++;
                used[x] = true;
                used[y] = true;
            }
        }
        return ans;
    }

    // ====== input code unchanged ======
    private static final InputStream in = System.in;
    private static final PrintWriter out = new PrintWriter(System.out);
    private final byte[] buffer = new byte[2048];
    private int p = 0;
    private int buflen = 0;

    private boolean hasNextByte() {
        if (p < buflen) return true;
        p = 0;
        try { buflen = in.read(buffer); }
        catch (IOException e) { e.printStackTrace(); }
        return buflen > 0;
    }

    public boolean hasNext() {
        while (hasNextByte() && !isPrint(buffer[p])) p++;
        return hasNextByte();
    }

    private boolean isPrint(int ch) {
        return ch >= '!' && ch <= '~';
    }

    private int nextByte() {
        if (!hasNextByte()) return -1;
        return buffer[p++];
    }

    public String next() {
        if (!hasNext()) throw new NoSuchElementException();
        StringBuilder sb = new StringBuilder();
        int b;
        while (isPrint((b = nextByte()))) sb.appendCodePoint(b);
        return sb.toString();
    }

    public int nextInt() { return Integer.parseInt(next()); }
    public long nextLong() { return Long.parseLong(next()); }
    public double nextDouble() { return Double.parseDouble(next()); }
}


// ===================== Refactored Version 2 (Scanner-based) =====================
import java.util.*;

public class MainScannerVersion {
    static int countMutual(int[] a) {
        int n = a.length;
        boolean[] used = new boolean[n];
        int ans = 0;

        for (int i = 0; i < n; i++) {
            int x = a[i];
            int y = a[x];
            if (used[x] || used[y]) continue;
            if (x == a[y] && y == a[x]) {
                ans++;
                used[x] = true;
                used[y] = true;
            }
        }
        return ans;
    }

    public static void main(String[] args) {
        Scanner sc = new Scanner(System.in);
        int s = sc.nextInt();
        int[] rabs = new int[s];
        for (int i = 0; i < s; i++) rabs[i] = sc.nextInt() - 1;

        int like = countMutual(rabs);
        System.out.println(like);
    }
}"
"import java.io.IOException;
import java.io.InputStream;
import java.util.*;

public class Main {

    static <T extends Comparable<? super T>> boolean nextPermutation(T[] sequence) {
        int first = getFirst(sequence);
        if (first == -1) return false;
        int toSwap = sequence.length - 1;
        while (sequence[first].compareTo(sequence[toSwap]) >= 0) --toSwap;
        swap(sequence, first++, toSwap);
        toSwap = sequence.length - 1;
        while (first < toSwap) swap(sequence, first++, toSwap--);
        return true;
    }

    static <T extends Comparable<? super T>> int getFirst(T[] sequence) {
        for (int i = sequence.length - 2; i >= 0; --i)
            if (sequence[i].compareTo(sequence[i + 1]) < 0) return i;
        return -1;
    }

    static <T extends Comparable<? super T>> void swap(T[] sequence, int i, int j) {
        T tmp = sequence[i];
        sequence[i] = sequence[j];
        sequence[j] = tmp;
    }

    public static void main(String[] args) {
        FastScanner fs = new FastScanner();
        int N = fs.nextInt();
        Integer[] P = new Integer[N];
        Integer[] Q = new Integer[N];
        for (int i = 0; i < N; ++i) P[i] = fs.nextInt();
        for (int i = 0; i < N; ++i) Q[i] = fs.nextInt();

        Integer[] arr = new Integer[N];
        for (int i = 0; i < N; ++i) arr[i] = i+1;

        int cnt = 1, pNum = 0, qNum = 0;
        do {
            if (Arrays.toString(arr).equals(Arrays.toString(P))) pNum = cnt;
            if (Arrays.toString(arr).equals(Arrays.toString(Q))) qNum = cnt;
            ++cnt;
        } while (nextPermutation(arr));

        System.out.println(Math.abs(pNum - qNum));

    }


    static class FastScanner {
        private final InputStream in = System.in;
        private final byte[] buffer = new byte[1024];
        private int ptr = 0;
        private int buflen = 0;

        private boolean hasNextByte() {
            if (ptr < buflen) {
                return true;
            }else{
                ptr = 0;
                try {
                    buflen = in.read(buffer);
                } catch (IOException e) {
                    e.printStackTrace();
                }
                if (buflen <= 0) {
                    return false;
                }
            }
            return true;
        }

        private int readByte() { if (hasNextByte()) return buffer[ptr++]; else return -1;}
        private static boolean isPrintableChar(int c) { return 33 <= c && c <= 126;}
        public boolean hasNext() { while(hasNextByte() && !isPrintableChar(buffer[ptr])) ptr++; return hasNextByte();}

        public String next() {
            if (!hasNext()) throw new NoSuchElementException();
            StringBuilder sb = new StringBuilder();
            int b = readByte();
            while(isPrintableChar(b)) {
                sb.appendCodePoint(b);
                b = readByte();
            }
            return sb.toString();
        }

        public long nextLong() {
            if (!hasNext()) throw new NoSuchElementException();
            long n = 0;
            boolean minus = false;
            int b = readByte();
            if (b == '-') {
                minus = true;
                b = readByte();
            }
            if (b < '0' || '9' < b) {
                throw new NumberFormatException();
            }
            while(true){
                if ('0' <= b && b <= '9') {
                    n *= 10;
                    n += b - '0';
                }else if(b == -1 || !isPrintableChar(b)){
                    return minus ? -n : n;
                }else{
                    throw new NumberFormatException();
                }
                b = readByte();
            }
        }

        public int nextInt() {
            long nl = nextLong();
            if (nl < Integer.MIN_VALUE || nl > Integer.MAX_VALUE) throw new NumberFormatException();
            return (int) nl;
        }

        public double nextDouble() { return Double.parseDouble(next());}
    }

}","import java.util.*;

public class Main {
	Scanner sc = new Scanner(System.in);
	final int MOD = 1000000007;
	final int MAX = Integer.MAX_VALUE;
	final long LMAX = Long.MAX_VALUE;
	int LEN = (int)1e6 + 1;

	void doIt() {
		int N = sc.nextInt();
		int P[] = new int[N];
		int Q[] = new int[N];
		for(int i = 0; i < N; i++)
			P[i] = sc.nextInt();
		for(int i = 0; i < N; i++)
			Q[i] = sc.nextInt();
		
		int numP = 1;
		for(int i = 0; i < N; i++) {
			int dig = P[i];
			int cnt = 0;
			for(int j = 0; j < i; j++) {
				if(dig > P[j]) {
					cnt++;
				}
			}
			numP += (dig - cnt - 1) * f(N - i - 1);
			//System.out.println((dig - 1) + "" * "" + (N - i - 1) + ""! "");

		}
		int numQ = 1;
		for(int i = 0; i < N; i++) {
			int dig = Q[i];
			int cnt = 0;
			for(int j = 0; j < i; j++) {
				if(dig > Q[j]) {
					cnt++;
				}
			}
			numQ += (dig - cnt - 1) * f(N - i - 1);
			//System.out.println(numQ);
			//System.out.println((dig - 1) + "" * "" + (N - i - 1) + ""! "");
		}
		//System.out.println(numP + "" "" + numQ);
		System.out.println(Math.abs(numP - numQ));
	}
	
	int f(int n) {
		if(n <= 0) return 0;
		int ans = 1;
		for(int i = 1; i <= n; i++) {
			ans *= i;
		}
		return ans;
	}
	
	public static void main(String[] args) {
		new Main().doIt();
	}

}",Type-4,"// ===================== Extracted Method =====================
static long permutationRank(int[] perm) {
    int n = perm.length;
    long rank = 1L;

    for (int i = 0; i < n; i++) {
        int dig = perm[i];
        int smallerUsedBefore = 0;
        for (int j = 0; j < i; j++) {
            if (perm[j] < dig) {
                smallerUsedBefore++;
            }
        }
        int remaining = n - i - 1;
        rank += (long) (dig - smallerUsedBefore - 1) * factorial(remaining);
    }
    return rank;
}

static long factorial(int n) {
    long res = 1L;
    for (int i = 2; i <= n; i++) {
        res *= i;
    }
    return res;
}

// ===================== Refactored Version 1 (FastScanner-based) =====================
import java.io.IOException;
import java.io.InputStream;
import java.util.NoSuchElementException;

public class Main {

    public void solve() {
        int N = nextInt();
        int[] P = new int[N];
        int[] Q = new int[N];

        for (int i = 0; i < N; i++) {
            P[i] = nextInt();
        }
        for (int i = 0; i < N; i++) {
            Q[i] = nextInt();
        }

        long pNum = permutationRank(P);
        long qNum = permutationRank(Q);

        out.println(Math.abs(pNum - qNum));
    }

    public static void main(String[] args) {
        out.flush();
        new Main().solve();
        out.close();
    }

    // ===== Extracted logic (copied here) =====
    static long permutationRank(int[] perm) {
        int n = perm.length;
        long rank = 1L;

        for (int i = 0; i < n; i++) {
            int dig = perm[i];
            int smallerUsedBefore = 0;
            for (int j = 0; j < i; j++) {
                if (perm[j] < dig) {
                    smallerUsedBefore++;
                }
            }
            int remaining = n - i - 1;
            rank += (long) (dig - smallerUsedBefore - 1) * factorial(remaining);
        }
        return rank;
    }

    static long factorial(int n) {
        long res = 1L;
        for (int i = 2; i <= n; i++) {
            res *= i;
        }
        return res;
    }

    /* ==== Original fast input (unchanged) ==== */
    private static final InputStream in = System.in;
    private static final java.io.PrintWriter out = new java.io.PrintWriter(System.out);
    private final byte[] buffer = new byte[2048];
    private int p = 0;
    private int buflen = 0;

    private boolean hasNextByte() {
        if (p < buflen) return true;
        p = 0;
        try {
            buflen = in.read(buffer);
        } catch (IOException e) {
            e.printStackTrace();
        }
        return buflen > 0;
    }

    public boolean hasNext() {
        while (hasNextByte() && !isPrint(buffer[p])) p++;
        return hasNextByte();
    }

    private boolean isPrint(int ch) {
        return ch >= '!' && ch <= '~';
    }

    private int nextByte() {
        if (!hasNextByte()) return -1;
        return buffer[p++];
    }

    public String next() {
        if (!hasNext()) throw new NoSuchElementException();
        StringBuilder sb = new StringBuilder();
        int b;
        while (isPrint((b = nextByte()))) {
            sb.appendCodePoint(b);
        }
        return sb.toString();
    }

    public int nextInt() {
        return Integer.parseInt(next());
    }

    public long nextLong() {
        return Long.parseLong(next());
    }

    public double nextDouble() {
        return Double.parseDouble(next());
    }
}


// ===================== Refactored Version 2 (Scanner-based) =====================
import java.util.*;

public class MainScannerVersion {
    Scanner sc = new Scanner(System.in);

    void doIt() {
        int N = sc.nextInt();
        int[] P = new int[N];
        int[] Q = new int[N];

        for (int i = 0; i < N; i++) {
            P[i] = sc.nextInt();
        }
        for (int i = 0; i < N; i++) {
            Q[i] = sc.nextInt();
        }

        long numP = permutationRank(P);
        long numQ = permutationRank(Q);

        System.out.println(Math.abs(numP - numQ));
    }

    // ===== Extracted logic (same as above) =====
    static long permutationRank(int[] perm) {
        int n = perm.length;
        long rank = 1L;

        for (int i = 0; i < n; i++) {
            int dig = perm[i];
            int smallerUsedBefore = 0;
            for (int j = 0; j < i; j++) {
                if (perm[j] < dig) {
                    smallerUsedBefore++;
                }
            }
            int remaining = n - i - 1;
            rank += (long) (dig - smallerUsedBefore - 1) * factorial(remaining);
        }
        return rank;
    }

    static long factorial(int n) {
        long res = 1L;
        for (int i = 2; i <= n; i++) {
            res *= i;
        }
        return res;
    }

    public static void main(String[] args) {
        new MainScannerVersion().doIt();
    }
}"
"import java.util.Arrays;
import java.util.Scanner;

public class Main {
	public static void main(String[] args) {
		Scanner sc = new Scanner(System.in);
		
		int[] abc = new int[3];
		Arrays.setAll(abc, i -> sc.nextInt());
		Arrays.sort(abc);
		
		int cnt = 0;
		for (int i = 0; i < 2; i++) {
			int dif = abc[2] - abc[i];
			int quo = dif / 2;
			cnt += quo;
			abc[i] += 2 * quo;
		}
		
		Arrays.sort(abc);
		for (int i = 0; i < 3; i++) {
			abc[2 - i] -= abc[0];
		}
		
		for (int i : abc) {
			cnt += i;
		}
		
		System.out.println(cnt);
	}	
}","import java.io.IOException;

import java.io.BufferedReader;
import java.io.InputStreamReader;

import java.io.PrintWriter;

@SuppressWarnings(""unchecked"")
public class Main {
    public static void main(String[] args) throws IOException {
        final String s;

        try (
            BufferedReader reader = new BufferedReader(
                new InputStreamReader(System.in))) {
            s = reader.readLine();
        }

        PrintWriter out = new PrintWriter(System.out);

        final String[] sl = s.split("" "");
        int A = Integer.parseInt(sl[0]);
        int B = Integer.parseInt(sl[1]);
        int C = Integer.parseInt(sl[2]);

        int max = Math.max(A, Math.max(B, C));

        int sum = 3 * max - A - B - C;

        int ans;

        if (sum % 2 == 0) ans = sum / 2;
        else ans = (int)Math.ceil((double)sum / 2) + 1;

        out.println(ans);

        out.flush();
    }
}",Type-4,"// ===================== Extracted Method =====================
static int calculateMinOperations(int a, int b, int c) {
    int max = Math.max(a, Math.max(b, c));
    int sum = 3 * max - a - b - c;

    // Original logic:
    // if (sum % 2 == 0) ans = sum / 2;
    // else ans = (int) Math.ceil((double) sum / 2) + 1;
    // This is equivalent to:
    return (sum % 2 == 0) ? (sum / 2) : ((sum + 3) / 2);
}

// ===================== Refactored Version 1 (Scanner / Arrays version) =====================
import java.util.Arrays;
import java.util.Scanner;

public class MainScannerStyle {
    public static void main(String[] args) {
        Scanner sc = new Scanner(System.in);

        int[] abc = new int[3];
        Arrays.setAll(abc, i -> sc.nextInt());

        int cnt = calculateMinOperations(abc[0], abc[1], abc[2]);
        System.out.println(cnt);
    }

    // extracted method copy
    static int calculateMinOperations(int a, int b, int c) {
        int max = Math.max(a, Math.max(b, c));
        int sum = 3 * max - a - b - c;
        return (sum % 2 == 0) ? (sum / 2) : ((sum + 3) / 2);
    }
}

// ===================== Refactored Version 2 (BufferedReader / PrintWriter version) =====================
import java.io.IOException;
import java.io.BufferedReader;
import java.io.InputStreamReader;
import java.io.PrintWriter;

@SuppressWarnings(""unchecked"")
public class MainBufferedStyle {
    public static void main(String[] args) throws IOException {
        final String s;

        try (BufferedReader reader = new BufferedReader(new InputStreamReader(System.in))) {
            s = reader.readLine();
        }

        PrintWriter out = new PrintWriter(System.out);

        final String[] sl = s.split("" "");
        int A = Integer.parseInt(sl[0]);
        int B = Integer.parseInt(sl[1]);
        int C = Integer.parseInt(sl[2]);

        int ans = calculateMinOperations(A, B, C);

        out.println(ans);
        out.flush();
    }

    // extracted method copy
    static int calculateMinOperations(int a, int b, int c) {
        int max = Math.max(a, Math.max(b, c));
        int sum = 3 * max - a - b - c;
        return (sum % 2 == 0) ? (sum / 2) : ((sum + 3) / 2);
    }
}"
"import java.io.BufferedReader;
import java.io.IOException;
import java.io.InputStreamReader;
import java.util.Arrays;
import java.util.Optional;
import java.util.OptionalDouble;
import java.util.stream.DoubleStream;
import java.util.stream.Stream;

public class Main {

  public static void main(String[] args) throws IOException {
    
    try(BufferedReader br = new BufferedReader(new InputStreamReader(System.in))) {

      String line;
      String[] lines;
      double[] s;
      while( !(line = br.readLine()).equals(""0"") ){

        int n = Integer.parseInt(line);
        lines = br.readLine().split("" "");

        s =
          Stream.of(lines)
            .mapToDouble(Double::parseDouble)
            .toArray();
        
        double dm =
          Arrays.stream(s)
            .average()
          .getAsDouble();

        double result =
        Arrays.stream(s)
          .map(d -> Math.pow((d-dm),2) / n)
          .sum();

        System.out.printf(""%.8f\n"" , Math.sqrt(result));
      }
    }
  }
}","import java.io.BufferedReader;
import java.io.IOException;
import java.io.InputStream;
import java.io.InputStreamReader;
import java.io.PrintWriter;
import java.util.Scanner;
import java.util.StringTokenizer;

public class Main {
  static InputReader in;
  static PrintWriter out;
  
  static class Solution {
    void solve() throws IOException {
      while (true) {
        int n = in.nextInt();
        if (n == 0) {
          break;
        }
        double variance = 0;
        double stddev;
        double sum = 0;
        double avg;
        
        double[] score = new double[n];
        for (int i = 0; i < n; i++) {
          score[i] = in.nextDouble();
          sum += score[i];
        }
        avg = sum / n;
        
        for (int i = 0; i < n; i++) {
          variance += Math.pow(score[i] - avg, 2);
        }
        variance /= n;
        
        stddev = Math.sqrt(variance);
        out.printf(""%.5f\n"", stddev);
      }
      
      
//      End solve()
    }
//    End Solution
}


  public static void main(String[] args) throws IOException {
    in = new InputReader(System.in);
    out = new PrintWriter(System.out);
    Solution solver = new Solution();
    solver.solve();
    out.close();
}


  static class InputReader {
    public BufferedReader br;
    public StringTokenizer st;

    public InputReader(InputStream stream) {
      br = new BufferedReader(new InputStreamReader(stream));
    }

    public int nextInt() throws IOException {
      while (st == null || !st.hasMoreTokens()) {
        st = new StringTokenizer(br.readLine());
      }
      return Integer.parseInt(st.nextToken());
    }

    public long nextLong() throws IOException {
      while (st == null || !st.hasMoreTokens()) {
        st = new StringTokenizer(br.readLine());
      }
      return Long.parseLong(st.nextToken());
    }

    public String next() throws IOException {
      while (st == null || !st.hasMoreTokens()) {
        st = new StringTokenizer(br.readLine());
      }
      return st.nextToken();
    }

    public double nextDouble() throws IOException {
      while (st == null || !st.hasMoreTokens()) {
        st = new StringTokenizer(br.readLine());
      }
      return Double.parseDouble(st.nextToken());
    }

  }

}",Type-4,"// ============ Extracted Method ============
static double computeStdDev(double[] values) {
    int n = values.length;
    double sum = 0.0;
    for (double v : values) {
        sum += v;
    }
    double avg = sum / n;

    double variance = 0.0;
    for (double v : values) {
        double diff = v - avg;
        variance += diff * diff;
    }
    variance /= n;

    return Math.sqrt(variance);
}

// ============ Refactored Version 1 (BufferedReader + streams style) ============
import java.io.BufferedReader;
import java.io.IOException;
import java.io.InputStreamReader;
import java.util.Arrays;
import java.util.stream.Stream;

public class MainStreamStyle {

    public static void main(String[] args) throws IOException {

        try (BufferedReader br = new BufferedReader(new InputStreamReader(System.in))) {

            String line;
            while (!(line = br.readLine()).equals(""0"")) {

                int n = Integer.parseInt(line);
                String[] parts = br.readLine().split("" "");

                double[] s = Stream.of(parts)
                        .mapToDouble(Double::parseDouble)
                        .toArray();

                double stddev = computeStdDev(s);
                System.out.printf(""%.8f%n"", stddev);
            }
        }
    }

    // extracted method (for this class)
    static double computeStdDev(double[] values) {
        int n = values.length;
        double sum = 0.0;
        for (double v : values) {
            sum += v;
        }
        double avg = sum / n;

        double variance = 0.0;
        for (double v : values) {
            double diff = v - avg;
            variance += diff * diff;
        }
        variance /= n;

        return Math.sqrt(variance);
    }
}

// ============ Refactored Version 2 (InputReader + loop style) ============
import java.io.BufferedReader;
import java.io.IOException;
import java.io.InputStream;
import java.io.InputStreamReader;
import java.io.PrintWriter;
import java.util.StringTokenizer;

public class MainFastIOStyle {
    static InputReader in;
    static PrintWriter out;

    static class Solution {
        void solve() throws IOException {
            while (true) {
                int n = in.nextInt();
                if (n == 0) {
                    break;
                }

                double[] score = new double[n];
                for (int i = 0; i < n; i++) {
                    score[i] = in.nextDouble();
                }

                double stddev = computeStdDev(score);
                out.printf(""%.5f%n"", stddev);
            }
        }
    }

    public static void main(String[] args) throws IOException {
        in = new InputReader(System.in);
        out = new PrintWriter(System.out);
        Solution solver = new Solution();
        solver.solve();
        out.close();
    }

    // extracted method (for this class)
    static double computeStdDev(double[] values) {
        int n = values.length;
        double sum = 0.0;
        for (double v : values) {
            sum += v;
        }
        double avg = sum / n;

        double variance = 0.0;
        for (double v : values) {
            double diff = v - avg;
            variance += diff * diff;
        }
        variance /= n;

        return Math.sqrt(variance);
    }

    static class InputReader {
        public BufferedReader br;
        public StringTokenizer st;

        public InputReader(InputStream stream) {
            br = new BufferedReader(new InputStreamReader(stream));
        }

        public int nextInt() throws IOException {
            while (st == null || !st.hasMoreTokens()) {
                st = new StringTokenizer(br.readLine());
            }
            return Integer.parseInt(st.nextToken());
        }

        public long nextLong() throws IOException {
            while (st == null || !st.hasMoreTokens()) {
                st = new StringTokenizer(br.readLine());
            }
            return Long.parseLong(st.nextToken());
        }

        public String next() throws IOException {
            while (st == null || !st.hasMoreTokens()) {
                st = new StringTokenizer(br.readLine());
            }
            return st.nextToken();
        }

        public double nextDouble() throws IOException {
            while (st == null || !st.hasMoreTokens()) {
                st = new StringTokenizer(br.readLine());
            }
            return Double.parseDouble(st.nextToken());
        }
    }
}"
"import java.io.BufferedReader;
import java.io.IOException;
import java.io.InputStream;
import java.io.InputStreamReader;
import java.util.NoSuchElementException;

public class Main {
    static class FS {
        private final InputStream in = System.in;
        private final byte[] buffer = new byte[1024];
        private int ptr = 0;
        private int buflen = 0;

        private boolean hasNextByte() {
            if (ptr < buflen) {
                return true;
            } else {
                ptr = 0;
                try {
                    buflen = in.read(buffer);
                } catch (IOException e) {
                    e.printStackTrace();
                }
                if (buflen <= 0) {
                    return false;
                }
            }
            return true;
        }

        private int readByte() {
            return hasNextByte() ? buffer[ptr++] : -1;
        }

        private boolean isPrintableChar(int c) {
            return 33 <= c && c <= 126;
        }

        private void skipUnprintable() {
            while (hasNextByte() && !isPrintableChar(buffer[ptr])) ptr++;
        }

        public boolean hasNext() {
            skipUnprintable();
            return hasNextByte();
        }

        public String next() {
            if (!hasNext()) throw new NoSuchElementException();
            StringBuilder sb = new StringBuilder();
            int b = readByte();
            while (isPrintableChar(b)) {
                sb.appendCodePoint(b);
                b = readByte();
            }
            return sb.toString();
        }

        public int nextInt() {
            return (int) nextLong();
        }

        public long nextLong() {
            if (!hasNext()) throw new NoSuchElementException();
            long n = 0;
            boolean minus = false;
            int b = readByte();
            if (b == '-') {
                minus = true;
                b = readByte();
            }
            if (b < '0' || '9' < b) {
                throw new NumberFormatException();
            }
            while (true) {
                if ('0' <= b && b <= '9') {
                    n *= 10;
                    n += b - '0';
                } else if (b == -1 || !isPrintableChar(b)) {
                    return minus ? -n : n;
                } else {
                    throw new NumberFormatException();
                }
                b = readByte();
            }
        }
    }

    static int[] np;
    static int n;

    public static void main(String[] args) throws Exception {
        FS fs = new FS();
//        BufferedReader bf = new BufferedReader(new InputStreamReader(System.in));
//        String s = bf.readLine();
//        int n = Integer.parseInt(s.substring(0, s.indexOf(' ')));//n packages
//        int k = Integer.parseInt(s.substring(s.indexOf(' '), s.length()));//k trucks
        n = fs.nextInt();
        int k = fs.nextInt();


        np = new int[n];
        int max = 0;
        for (int i = 0; i < n; i++) {

            np[i] = fs.nextInt();
            max = max < np[i] ? np[i] : max;
        }
        int p = 0;
        int resids = 0;

        int maxInt = 10000 *100000;
        int minInt = max-1;
        int mid = (maxInt + minInt) / 2;
        while (maxInt - minInt > 1) {
            int v = checkN(mid);
            if (v > k) minInt = mid;
            else maxInt = mid;

            mid = (maxInt + minInt) / 2;
        }
        System.out.println(maxInt);
    }

    private static int checkN(int p) {
        int resids = p;
        int ink = 1;//ÂΩìÂâçÂ∑≤Áî®Âç°ËΩ¶
        for (int i = 0; i < n; i++) {
            int j = np[i];
            if (resids >= j) {
                resids -= j;
            } else {
                ink++;
                resids = p;
                i--;
            }
        }
        return ink;
    }
}","import java.util.*;
import java.io.*;

class Main {
    static int searchP(long p,int[] ws){
        int count = 1;
        int sum = 0; 
        for(int i = 0; i < ws.length; i++){
            if(sum + ws[i] <= p) {
            sum += ws[i];
            } else {
                count++;
                if(ws[i] <= p){
                sum = ws[i];
                } else{
                    count += 99999;
                }
            }
        }
        return count;
    }
    static long solve(long p, int[] ws, long k){
        long right = p;
        long left = 0;
        long mid;
        while(right - left > 1) {
            mid = (left + right) / 2;
            int v = searchP(mid,ws);
            if(k >= v) {
                right = mid;
            } else {
               left = mid;
                
            }
        }
    return right;
    }
    public static void main(String...args) throws IOException {
        BufferedReader br = new BufferedReader(new InputStreamReader(System.in));
        
        String[] info = br.readLine().split("" "");
        int n = Integer.parseInt(info[0]);
        int k = Integer.parseInt(info[1]);
        int[] ws = new int[n];
        for(int i = 0; i < n; i++) {
            ws[i] = Integer.parseInt(br.readLine());
        }
        long p = 100000 * 10000;
        System.out.println(solve(p,ws,k));
        
    }
}",Type-4,"// =============== Extracted Method (shared logic) ===============
static int countTrucksNeeded(long capacity, int[] weights) {
    int trucks = 1;
    long loaded = 0L;

    for (int w : weights) {
        // if one item is larger than capacity, impossible with this capacity
        if (w > capacity) {
            return Integer.MAX_VALUE / 2; // big number so binary search treats it as ""too many trucks""
        }
        if (loaded + w <= capacity) {
            loaded += w;
        } else {
            trucks++;
            loaded = w;
        }
    }
    return trucks;
}

// =============== Refactored Version 1 (FastScanner version) ===============
import java.io.BufferedReader;
import java.io.IOException;
import java.io.InputStream;
import java.io.InputStreamReader;
import java.util.NoSuchElementException;

public class MainFSVersion {

    static class FS {
        private final InputStream in = System.in;
        private final byte[] buffer = new byte[1024];
        private int ptr = 0;
        private int buflen = 0;

        private boolean hasNextByte() {
            if (ptr < buflen) {
                return true;
            } else {
                ptr = 0;
                try {
                    buflen = in.read(buffer);
                } catch (IOException e) {
                    e.printStackTrace();
                }
                if (buflen <= 0) {
                    return false;
                }
            }
            return true;
        }

        private int readByte() {
            return hasNextByte() ? buffer[ptr++] : -1;
        }

        private boolean isPrintableChar(int c) {
            return 33 <= c && c <= 126;
        }

        private void skipUnprintable() {
            while (hasNextByte() && !isPrintableChar(buffer[ptr])) ptr++;
        }

        public boolean hasNext() {
            skipUnprintable();
            return hasNextByte();
        }

        public String next() {
            if (!hasNext()) throw new NoSuchElementException();
            StringBuilder sb = new StringBuilder();
            int b = readByte();
            while (isPrintableChar(b)) {
                sb.appendCodePoint(b);
                b = readByte();
            }
            return sb.toString();
        }

        public int nextInt() {
            return (int) nextLong();
        }

        public long nextLong() {
            if (!hasNext()) throw new NoSuchElementException();
            long n = 0;
            boolean minus = false;
            int b = readByte();
            if (b == '-') {
                minus = true;
                b = readByte();
            }
            if (b < '0' || '9' < b) {
                throw new NumberFormatException();
            }
            while (true) {
                if ('0' <= b && b <= '9') {
                    n *= 10;
                    n += b - '0';
                } else if (b == -1 || !isPrintableChar(b)) {
                    return minus ? -n : n;
                } else {
                    throw new NumberFormatException();
                }
                b = readByte();
            }
        }
    }

    public static void main(String[] args) throws Exception {
        FS fs = new FS();

        int n = fs.nextInt();
        int k = fs.nextInt();

        int[] np = new int[n];
        int maxWeight = 0;
        for (int i = 0; i < n; i++) {
            np[i] = fs.nextInt();
            if (np[i] > maxWeight) {
                maxWeight = np[i];
            }
        }

        int left = maxWeight - 1;
        int right = 10000 * 100000; // upper bound from original code

        while (right - left > 1) {
            int mid = (left + right) / 2;
            int trucks = countTrucksNeeded(mid, np);
            if (trucks > k) {
                left = mid;
            } else {
                right = mid;
            }
        }

        System.out.println(right);
    }

    // ===== Extracted method reused here =====
    static int countTrucksNeeded(long capacity, int[] weights) {
        int trucks = 1;
        long loaded = 0L;

        for (int w : weights) {
            if (w > capacity) {
                return Integer.MAX_VALUE / 2;
            }
            if (loaded + w <= capacity) {
                loaded += w;
            } else {
                trucks++;
                loaded = w;
            }
        }
        return trucks;
    }
}

// =============== Refactored Version 2 (BufferedReader version) ===============
import java.util.*;
import java.io.*;

class MainBufferedVersion {

    static int countTrucksNeeded(long capacity, int[] ws) {
        int trucks = 1;
        long loaded = 0L;

        for (int w : ws) {
            if (w > capacity) {
                return Integer.MAX_VALUE / 2;
            }
            if (loaded + w <= capacity) {
                loaded += w;
            } else {
                trucks++;
                loaded = w;
            }
        }
        return trucks;
    }

    static long solve(long p, int[] ws, long k) {
        long right = p;
        long left = 0;
        while (right - left > 1) {
            long mid = (left + right) / 2;
            int v = countTrucksNeeded(mid, ws);
            if (k >= v) {
                right = mid;
            } else {
                left = mid;
            }
        }
        return right;
    }

    public static void main(String... args) throws IOException {
        BufferedReader br = new BufferedReader(new InputStreamReader(System.in));

        String[] info = br.readLine().split("" "");
        int n = Integer.parseInt(info[0]);
        int k = Integer.parseInt(info[1]);
        int[] ws = new int[n];
        for (int i = 0; i < n; i++) {
            ws[i] = Integer.parseInt(br.readLine());
        }
        long p = 100000L * 10000L;
        System.out.println(solve(p, ws, k));
    }
}"
"import java.io.IOException;
import java.io.InputStream;
import java.util.ArrayList;
import java.util.Arrays;
import java.util.HashMap;
import java.util.HashSet;
import java.util.List;
import java.util.Map;
import java.util.Optional;
import java.util.Set;
import java.util.stream.IntStream;

public class Main {
	public static void main(String[] args) {
		Main main = new Main();
		main.solve();
	}

	private void solve() {
		Scanner sc = new Scanner(System.in);
		int N = sc.nextInt();
		int K = sc.nextInt();
		int[] a = new int[N];
		for (int j = 0; j < N; j++) {
			a[j] = sc.nextInt();
		}
		boolean[] dp = new boolean[K + 1];
		for (int i = 0; i <= K; i++) {
			boolean isWin = false;
			for (int j = 0; j < N; j++) {
				if (a[j] <= i && !dp[i - a[j]]) {
					isWin = true;
					break;
				}
			}
			dp[i] = isWin;
		}
		System.out.println(dp[K] ? ""First"" : ""Second"");
	}

	class Scanner {
		private InputStream in;
		private byte[] buffer = new byte[1024];
		private int index;
		private int length;

		public Scanner(InputStream in) {
			this.in = in;
		}

		private boolean isPrintableChar(int c) {
			return '!' <= c && c <= '~';
		}

		private boolean isDigit(int c) {
			return '0' <= c && c <= '9';
		}

		private boolean hasNextByte() {
			if (index < length) {
				return true;
			} else {
				try {
					length = in.read(buffer);
					index = 0;
				} catch (IOException e) {
					e.printStackTrace();
				}
				return length > 0;
			}
		}

		private boolean hasNext() {
			while (hasNextByte() && !isPrintableChar(buffer[index])) {
				index++;
			}
			return hasNextByte();
		}

		private int readByte() {
			return hasNextByte() ? buffer[index++] : -1;
		}

		public String next() {
			if (!hasNext()) {
				throw new RuntimeException(""no input"");
			}
			StringBuilder sb = new StringBuilder();
			int b = readByte();
			while (isPrintableChar(b)) {
				sb.appendCodePoint(b);
				b = readByte();
			}
			return sb.toString();
		}

		public long nextLong() {
			if (!hasNext()) {
				throw new RuntimeException(""no input"");
			}
			long value = 0L;
			boolean minus = false;
			int b = readByte();
			if (b == '-') {
				minus = true;
				b = readByte();
			}
			while (isPrintableChar(b)) {
				if (isDigit(b)) {
					value = value * 10 + (b - '0');
				}
				b = readByte();
			}
			return minus ? -value : value;
		}

		public int nextInt() {
			return (int)nextLong();
		}

		public double nextDouble() {
			return Double.parseDouble(next());
		}
	}

	interface CombCalculator {
		long comb(int n, int m);
	}

	interface MobiusFunction {
		int get(int n);
	}

	/**
	 * „É°„Éì„Ç¶„ÇπÈñ¢Êï∞„Çí„Ç®„É©„Éà„Çπ„ÉÜ„Éç„Çπ„ÅÆÁØ©„Å£„ÅΩ„ÅèÂâçË®àÁÆó„Åô„Çã„ÇØ„É©„Çπ„Åß„Åô„ÄÇ
	 * Ë®àÁÆóÈáè„ÅØO(1)„Åß„ÄÅÂâçË®àÁÆó„ÅßO(N logN)„Åß„Åô„ÄÇ
	 */
	class SieveMobiusFunction implements MobiusFunction {
		int size;
		int[] mobiusFunctionValues;

		public SieveMobiusFunction(int size) {
			this.size = size;
			mobiusFunctionValues = new int[size];

			mobiusFunctionValues[0] = 0;
			mobiusFunctionValues[1] = 1;
			for (int i = 2; i < size; i++) {
				mobiusFunctionValues[i] = 1;
			}
			for (int i = 2; i * i < size; i++) {
				for (int k = 1; i * i * k < size; k++) {
					mobiusFunctionValues[i * i * k] *= 0;
				}
			}

			for (int i = 2; i < size; i++) {
				if (mobiusFunctionValues[i] == 1) {
					for (int k = 1; i * k < size; k++) {
						mobiusFunctionValues[i * k] *= -2;
					}
				}
				if (mobiusFunctionValues[i] > 1) {
					mobiusFunctionValues[i] = 1;
				}
				if (mobiusFunctionValues[i] < -1) {
					mobiusFunctionValues[i] = -1;
				}
			}
		}

		@Override
		public int get(int n) {
			if (n > size) {
				throw new RuntimeException(""n is greater than size."");
			}
			if (n < 0) {
				return 0;
			}
			return mobiusFunctionValues[n];
		}
	}

	/**
	 * „É°„Éì„Ç¶„ÇπÈñ¢Êï∞„ÇíÂÆöÁæ©ÈÄö„ÇäË®àÁÆó„Åô„Çã„ÇØ„É©„Çπ„Åß„Åô„ÄÇ
	 * Ë®àÁÆóÈáè„ÅØO(logN)„Åß„Åô„ÄÇ
	 */
	class PrimeFactorizationMobiusFunction implements MobiusFunction {
		@Override
		public int get(int n) {
			if (n <= 0) {
				return 0;
			}
			if (n == 1) {
				return 1;
			}
			int num = 0;
			for (int i = 2; i < n; i++) {
				if (n % i == 0) {
					n /= i;
					num++;
					if (n % i == 0) {
						return 0;
					}
				}
			}
			return num % 2 == 0 ? -1 : 1;
		}
	}

	/**
	 * ÁµÑ„ÅøÂêà„Çè„ÅõË®àÁÆó„ÇíÈöé‰πó„ÅÆÂÄ§„ÅßË°å„ÅÜ„ÇØ„É©„Çπ„Åß„Åô(MODÂØæÂøú)
	 * Èöé‰πó„Å®„Åù„ÅÆÈÄÜÂÖÉ„ÅØÂâçË®àÁÆó„Åó„Å¶„ÉÜ„Éº„Éñ„É´„Å´Ê†ºÁ¥ç„Åó„Åæ„Åô„ÄÇ
	 * C(N, N) % M „ÅÆË®àÁÆóÈáè„ÅØ O(1)„ÄÅ ÂâçË®àÁÆó„ÅßO(max(N, logM))„Åß„Åô„ÄÇ
	 * size„Çí1e8„Çà„ÇäÂ§ß„Åç„ÅÑÂÄ§„ÅßÂÆüË°å„Åô„Çã„Å®MLE„ÅÆÂç±Èô∫ÊÄß„Åå„ÅÇ„Çä„Åæ„Åô„ÄÇ
	 * „Åæ„ÅüÁ¥†Êï∞‰ª•Â§ñ„ÅÆMOD„Å´„ÅØÂØæÂøú„Åó„Å¶„ÅÑ„Åæ„Åõ„Çì(ÈÄÜÂÖÉ„ÅÆË®àÁÆó„Å´Á¥†Êï∞„ÅÆÂâ∞‰ΩôÁí∞„ÅÆÊÄßË≥™„ÇíÂà©Áî®„Åó„Å¶„ÅÑ„Çã„Åü„ÇÅ)„ÄÇ
	 */
	class FactorialTableCombCalculator implements CombCalculator {
		int size;
		long[] factorialTable;
		long[] inverseFactorialTable;
		long mod;

		public FactorialTableCombCalculator(int size, long mod) {
			this.size = size;
			factorialTable = new long[size + 1];
			inverseFactorialTable = new long[size + 1];
			this.mod = mod;

			factorialTable[0] = 1L;
			for (int i = 1; i <= size; i++) {
				factorialTable[i] = (factorialTable[i - 1] * i) % mod;
			}
			inverseFactorialTable[size] = inverse(factorialTable[size], mod);
			for (int i = size - 1; i >= 0; i--) {
				inverseFactorialTable[i] = (inverseFactorialTable[i + 1] * (i + 1)) % mod;
			}
		}

		private long inverse(long n, long mod) {
			return pow(n, mod - 2, mod);
		}

		private long pow(long n, long p, long mod) {
			if (p == 0) {
				return 1L;
			}
			long half = pow(n, p / 2, mod);
			long ret = (half * half) % mod;
			if (p % 2 == 1) {
				ret = (ret * n) % mod;
			}
			return ret;
		}

		@Override
		public long comb(int n, int m) {
			if (n > size) {
				throw new RuntimeException(""n is greater than size."");
			}
			if (n < 0 || m < 0 || n < m) {
				return 0L;
			}
			return (((factorialTable[n] * inverseFactorialTable[m]) % mod) * inverseFactorialTable[n - m]) % mod;
		}
	}

	/**
	 * ÁµÑ„ÅøÂêà„Çè„ÅõË®àÁÆó„Çí„ÉÜ„Éº„Éñ„É´„ÅßÂÆüË£Ö„Åó„Åü„ÇØ„É©„Çπ„Åß„Åô(MODÂØæÂøú)
	 * ÂâçË®àÁÆó„ÅßO(N^2), comb„ÅØO(1)„ÅßÂÆüË°å„Åß„Åç„Åæ„Åô
	 * size„Çí2 * 1e4„Çà„ÇäÂ§ß„Åç„ÅÑÂÄ§„ÅßÂÆüË°å„Åô„Çã„Å®MLE„ÅÆÂç±Èô∫ÊÄß„Åå„ÅÇ„Çä„Åæ„Åô
	 */
	class TableCombCalculator implements CombCalculator {
		long[][] table;
		int size;

		public TableCombCalculator(int size, long mod) {
			this.size = size;
			table = new long[size + 1][];

			table[0] = new long[1];
			table[0][0] = 1L;
			for (int n = 1; n <= size; n++) {
				table[n] = new long[n + 1];
				table[n][0] = 1L;
				for (int m = 1; m < n; m++) {
					table[n][m] = (table[n - 1][m - 1] + table[n - 1][m]) % mod;
				}
				table[n][n] = 1L;
			}
		}

		@Override
		public long comb(int n, int m) {
			if (n > size) {
				throw new RuntimeException(""n is greater than size."");
			}
			if (n < 0 || m < 0 || n < m) {
				return 0L;
			}
			return table[n][m];
		}
	}

	interface Graph {
		void link(int from, int to, long cost);
		Optional<Long> getCost(int from, int to);
		int getVertexNum();
	}

	interface FlowResolver {
		long maxFlow(int from, int to);
	}

	/**
	 * „Ç∞„É©„Éï„ÅÆË°åÂàó„Å´„Çà„ÇãÂÆüË£Ö
	 * Êé•ÁÇπÊï∞„ÅÆÂ§ß„Åç„ÅÑ„Ç∞„É©„Éï„Åß‰Ωø„ÅÜ„Å®MLE„ÅßÊ≠ª„Å´„Åù„ÅÜ
	 */
	class ArrayGraph implements Graph {
		private Long[][] costArray;
		private int vertexNum;

		public ArrayGraph(int n) {
			costArray = new Long[n][];
			for (int i = 0; i < n; i++) {
				costArray[i] = new Long[n];
			}
			vertexNum = n;
		}

		@Override
		public void link(int from, int to, long cost) {
			costArray[from][to] = new Long(cost);
		}

		@Override
		public Optional<Long> getCost(int from, int to) {
			return Optional.ofNullable(costArray[from][to]);
		}

		@Override
		public int getVertexNum() {
			return vertexNum;
		}
	}

	/**
	 * DFS(Ê∑±„ÅïÂÑ™ÂÖàÊé¢Á¥¢)„Å´„Çà„ÇãÂÆüË£Ö
	 * Ë®àÁÆóÈáè„ÅØO(E*MaxFlow)„ÅÆ„ÅØ„Åö (E:Ëæ∫„ÅÆÊï∞, MaxFlow:ÊúÄÂ§ß„Éï„É≠„Éº)
	 */
	class DfsFlowResolver implements FlowResolver {
		private Graph graph;
		public DfsFlowResolver(Graph graph) {
			this.graph = graph;
		}

		/**
		 * ÊúÄÂ§ß„Éï„É≠„Éº(ÊúÄÂ∞è„Ç´„ÉÉ„Éà)„ÇíÊ±Ç„ÇÅ„Çã
		 * @param from ÂßãÁÇπ(source)„ÅÆID
		 * @param to ÁµÇÁÇπ(target)„ÅÆID
		 * @return ÊúÄÂ§ß„Éï„É≠„Éº(ÊúÄÂ∞è„Ç´„ÉÉ„Éà)
		 */
		public long maxFlow(int from, int to) {
			long sum = 0L;
			long currentFlow;
			do {
				currentFlow = flow(from, to, Long.MAX_VALUE / 3, new boolean[graph.getVertexNum()]);
				sum += currentFlow;
			} while (currentFlow > 0);
			return sum;
		}

		/**
		 * „Éï„É≠„Éº„ÅÆÂÆüË°å „Ç∞„É©„Éï„ÅÆÊõ¥Êñ∞„ÇÇË°å„ÅÜ
		 * @param from ÁèæÂú®„ÅÑ„ÇãÁØÄÁÇπ„ÅÆID
		 * @param to ÁµÇÁÇπ(target)„ÅÆID
		 * @param current_flow „Åì„Åì„Åæ„Åß„ÅÆÊµÅÈáè
		 * @param passed Êó¢„Å´ÈÄö„Å£„ÅüÁØÄÁÇπ„ÅãÂê¶„Åã„ÇíÊ†ºÁ¥ç„Åó„ÅüÈÖçÂàó
		 * @return ÁµÇÁÇπ(target)„Å´ÊµÅ„Åó„ÅüÊµÅÈáè/Êàª„Çä„ÅÆ„Ç∞„É©„Éï„ÅÆÊµÅÈáè
		 */
		private long flow(int from, int to, long current_flow, boolean[] passed) {
			passed[from] = true;
			if (from == to) {
				return current_flow;
			}
			for (int id = 0; id < graph.getVertexNum(); id++) {
				if (passed[id]) {
					continue;
				}
				Optional<Long> cost = graph.getCost(from, id);
				if (cost.orElse(0L) > 0) {
					long nextFlow = current_flow < cost.get() ? current_flow : cost.get();
					long returnFlow = flow(id, to, nextFlow, passed);
					if (returnFlow > 0) {
						graph.link(from, id, cost.get() - returnFlow);
						graph.link(id, from, graph.getCost(id, from).orElse(0L) + returnFlow);
						return returnFlow;
					}
				}
			}
			return 0L;
		}
	}

	/**
	 * 1-indexed„ÅÆBITÈÖçÂàó
	 */
	class BinaryIndexedTree {
		private long[] array;

		public BinaryIndexedTree(int size) {
			this.array = new long[size + 1];
		}

		/**
		 * ÊåáÂÆö„Åó„ÅüË¶ÅÁ¥†„Å´ÂÄ§„ÇíÂä†ÁÆó„Åô„Çã
		 * Ë®àÁÆóÈáè„ÅØO(logN)
		 * @param index Âä†ÁÆó„Åô„ÇãË¶ÅÁ¥†„ÅÆÊ∑ªÂ≠ó
		 * @param value Âä†ÁÆó„Åô„ÇãÈáè
		 */
		public void add(int index, long value) {
			for (int i = index; i < array.length; i += (i & -i)) {
				array[i] += value;
			}
		}

		/**
		 * 1„ÄúÊåáÂÆö„Åó„ÅüË¶ÅÁ¥†„Åæ„Åß„ÅÆÂíå„ÇíÂèñÂæó„Åô„Çã
		 * Ë®àÁÆóÈáè„ÅØO(logN)
		 * @param index Âíå„ÅÆÁµÇÁ´Ø„Å®„Å™„ÇãË¶ÅÁ¥†„ÅÆÊ∑ªÂ≠ó
		 * @return 1„Äúindex„Åæ„Åß„ÅÆÂíå
		 */
		public long getSum(int index) {
			long sum = 0L;
			for (int i = index; i > 0; i -= (i & -i)) {
				sum += array[i];
			}
			return sum;
		}
	}

	/**
	 * 1-indexed„ÅÆ2Ê¨°ÂÖÉBITÈÖçÂàó
	 */
	class BinaryIndexedTree2D {
		private long[][] array;

		public BinaryIndexedTree2D(int size1, int size2) {
			this.array = new long[size1 + 1][];
			for (int i = 1; i <= size1; i++) {
				this.array[i] = new long[size2 + 1];
			}
		}

		/**
		 * ÊåáÂÆö„Åó„ÅüË¶ÅÁ¥†„Å´ÂÄ§„ÇíÂä†ÁÆó„Åô„Çã
		 * Ë®àÁÆóÈáè„ÅØO(logN * logN)
		 * @param index1 Âä†ÁÆó„Åô„ÇãË¶ÅÁ¥†„ÅÆ1Ê¨°ÂÖÉÁõÆ„ÅÆÊ∑ªÂ≠ó
		 * @param index2 Âä†ÁÆó„Åô„ÇãË¶ÅÁ¥†„ÅÆ2Ê¨°ÂÖÉÁõÆ„ÅÆÊ∑ªÂ≠ó
		 * @param value Âä†ÁÆó„Åô„ÇãÈáè
		 */
		public void add(int index1, int index2, long value) {
			for (int i1 = index1; i1 < array.length; i1 += (i1 & -i1)) {
				for (int i2 = index2; i2 < array.length; i2 += (i2 & -i2)) {
					array[i1][i2] += value;
				}
			}
		}

		/**
		 * (1,1)„ÄúÊåáÂÆö„Åó„ÅüË¶ÅÁ¥†„Åæ„Åß„ÅÆÁü©ÂΩ¢Âíå„ÇíÂèñÂæó„Åô„Çã
		 * Ë®àÁÆóÈáè„ÅØO(logN * logN)
		 * @param index1 Âíå„ÅÆÁµÇÁ´Ø„Å®„Å™„ÇãË¶ÅÁ¥†„ÅÆ1Ê¨°ÂÖÉÁõÆ„ÅÆÊ∑ªÂ≠ó
		 * @param index2 Âíå„ÅÆÁµÇÁ´Ø„Å®„Å™„ÇãË¶ÅÁ¥†„ÅÆ2Ê¨°ÂÖÉÁõÆ„ÅÆÊ∑ªÂ≠ó
		 * @return (1,1)„Äú(index1,index2)„Åæ„Åß„ÅÆÁü©ÂΩ¢Âíå
		 */
		public long getSum(int index1, int index2) {
			long sum = 0L;
			for (int i1 = index1; i1 > 0; i1 -= (i1 & -i1)) {
				for (int i2 = index2; i2 > 0; i2 -= (i2 & -i2)) {
					sum += array[i1][i2];
				}
			}
			return sum;
		}
	}

	interface UnionFind {
		void union(int A, int B);
		boolean judge(int A, int B);
		Set<Integer> getSet(int id);
	}

	/**
	 * ArrayUnionFind„ÅÆÊã°Âºµ
	 * MapSet„ÅßÊ†π„ÅÆÊ∑ªÂ≠ó„Åã„ÇâÊ†π„Å´„Å∂„Çâ‰∏ã„Åå„ÇãÈ†ÇÁÇπ„ÅÆÈõÜÂêà„ÅåÂèñÂæó„Åß„Åç„Çã„Çà„ÅÜ„Å´„Åó„Åü
	 * getSet„É°„ÇΩ„ÉÉ„Éâ„ÇíO(logN * logN)„Å´ËêΩ„Å®„Åõ„Å¶„ÅÑ„Çã„ÅØ„Åö
	 * „Åü„Å†„Åóunion„É°„ÇΩ„ÉÉ„Éâ„ÅØ2ÂÄç„ÅÆË®àÁÆóÈáè„Å´„Å™„Å£„Å¶„ÅÑ„Çã„ÅÆ„ÅßÊ≥®ÊÑè(„Ç™„Éº„ÉÄ„Éº„ÅØÂ§â„Çè„Çâ„Å™„ÅÑ„ÅØ„Åö)
	 */
	class SetUnionFind extends ArrayUnionFind {
		Map<Integer, Set<Integer>> map;
		public SetUnionFind(int size) {
			super(size);
			map = new HashMap<>();
			for (int i = 0; i < size; i++) {
				map.put(i, new HashSet<>());
				map.get(i).add(i);
			}
		}

		@Override
		protected void unionTo(int source, int dest) {
			super.unionTo(source, dest);
			map.get(dest).addAll(map.get(source));
		}

		@Override
		public Set<Integer> getSet(int id) {
			return map.get(root(id));
		}
	}

	/**
	 * ÈÖçÂàó„Å´„Çà„ÇãUnionFind„ÅÆÂÆüË£Ö
	 * getSet„É°„ÇΩ„ÉÉ„Éâ„ÅØO(NlogN)„Å™„ÅÆ„ÅßTLE„Å´Ê≥®ÊÑè
	 */
	class ArrayUnionFind implements UnionFind {
		int[] parent;
		int[] rank;
		int size;
		public ArrayUnionFind(int size) {
			parent = new int[size];
			for (int i = 0; i < size; i++) {
				parent[i] = i;
			}
			rank = new int[size];
			this.size = size;
		}

		@Override
		public void union(int A, int B) {
			int rootA = root(A);
			int rootB = root(B);
			if (rootA != rootB) {
				if (rank[rootA] < rank[rootB]) {
					unionTo(rootA, rootB);
				} else {
					unionTo(rootB, rootA);
					if (rank[rootA] == rank[rootB]) {
						rank[rootA]++;
					}
				}
			}
		}

		protected void unionTo(int source, int dest) {
			parent[source] = dest;
		}

		@Override
		public boolean judge(int A, int B) {
			return root(A) == root(B);
		}

		@Override
		public Set<Integer> getSet(int id) {
			Set<Integer> set = new HashSet<>();
			IntStream.range(0, size).filter(i -> judge(i, id)).forEach(set::add);
			return set;
		}

		protected int root(int id) {
			if (parent[id] == id) {
				return id;
			}
			parent[id] = root(parent[id]);
			return parent[id];
		}
	}

	/**
	 * Á¥†Êï∞„ÅÆ„É¶„Éº„ÉÜ„Ç£„É™„ÉÜ„Ç£
	 */
	class PrimeNumberUtils {
		boolean[] isPrimeArray;
		List<Integer> primes;

		/**
		 * Á¥†Êï∞Âà§ÂÆö„ÅÆ‰∏äÈôê„Å®„Å™„ÇãÂÄ§„ÇíÊåáÂÆö„Åó„Å¶„É¶„Éº„ÉÜ„Ç£„É™„ÉÜ„Ç£„ÇíÂàùÊúüÂåñ
		 * @param limit Á¥†Êï∞Âà§ÂÆö„ÅÆ‰∏äÈôê(„Åì„ÅÆÂÄ§‰ª•‰∏ä„ÅåÁ¥†Êï∞„Åß„ÅÇ„Çã„ÅãÂà§ÂÆö„Åó„Å™„ÅÑ)
		 */
		public PrimeNumberUtils(int limit) {
			if (limit > 10000000) {
				System.err.println(""‰∏äÈôê„ÅÆÂÄ§„ÅåÈ´ò„Åô„Åé„Çã„Åü„ÇÅÁ¥†Êï∞„É¶„Éº„ÉÜ„Ç£„É™„ÉÜ„Ç£„ÅÆÂàùÊúüÂåñ„ÅßTLE„Åô„ÇãÂèØËÉΩÊÄß„ÅåÂ§ßÂ§âÈ´ò„ÅÑ„Åß„Åô"");
			}
			primes = new ArrayList<>();
			isPrimeArray = new boolean[limit];
			if (limit > 2) {
				primes.add(2);
				isPrimeArray[2] = true;
			}

			for (int i = 3; i < limit; i += 2) {
				if (isPrime(i, primes)) {
					primes.add(i);
					isPrimeArray[i] = true;
				}
			}
		}

		public List<Integer> getPrimeNumberList() {
			return primes;
		}

		public boolean isPrime(int n) {
			return isPrimeArray[n];
		}

		private boolean isPrime(int n, List<Integer> primes) {
			for (int prime : primes) {
				if (n % prime == 0) {
					return false;
				}
				if (prime > Math.sqrt(n)) {
					break;
				}
			}
			return true;
		}
	}

	interface BitSet {
		void set(int index, boolean bit);
		boolean get(int index);
		void shiftRight(int num);
		void shiftLeft(int num);
		void or(BitSet bitset);
		void and(BitSet bitset);
	}

	/**
	 * Long„ÅÆÈÖçÂàó„Å´„Çà„ÇãBitSet„ÅÆÂÆüË£Ö
	 * get/set„ÅØO(1)
	 * shift/or/and„ÅØO(size / 64)
	 */
	class LongBit implements BitSet {
		long[] bitArray;

		public LongBit(int size) {
			bitArray = new long[((size + 63) / 64)];
		}

		@Override
		public void set(int index, boolean bit) {
			int segment = index / 64;
			int inIndex = index % 64;
			if (bit) {
				bitArray[segment] |= 1L << inIndex;
			} else {
				bitArray[segment] &= ~(1L << inIndex);
			}
		}

		@Override
		public boolean get(int index) {
			int segment = index / 64;
			int inIndex = index % 64;
			return (bitArray[segment] & (1L << inIndex)) != 0L;
		}

		@Override
		public void shiftRight(int num) {
			int shiftSeg = num / 64;
			int shiftInI = num % 64;
			for (int segment = 0; segment < bitArray.length; segment++) {
				int sourceSeg = segment + shiftSeg;
				if (sourceSeg < bitArray.length) {
					bitArray[segment] = bitArray[sourceSeg] >>> shiftInI;
					if (shiftInI > 0 && sourceSeg + 1 < bitArray.length) {
						bitArray[segment] |= bitArray[sourceSeg + 1] << (64 - shiftInI);
					}
				} else {
					bitArray[segment] = 0L;
				}
			}
		}

		@Override
		public void shiftLeft(int num) {
			int shiftSeg = num / 64;
			int shiftInI = num % 64;
			for (int segment = bitArray.length - 1; segment >= 0; segment--) {
				int sourceSeg = segment - shiftSeg;
				if (sourceSeg >= 0) {
					bitArray[segment] = bitArray[sourceSeg] << shiftInI;
					if (shiftInI > 0 && sourceSeg > 0) {
						bitArray[segment] |= bitArray[sourceSeg - 1] >>> (64 - shiftInI);
					}
				} else {
					bitArray[segment] = 0L;
				}
			}
		}

		public long getLong(int segment) {
			return bitArray[segment];
		}

		@Override
		public void or(BitSet bitset) {
			if (!(bitset instanceof LongBit)) {
				return;
			}
			for (int segment = 0; segment < bitArray.length; segment++) {
				bitArray[segment] |= ((LongBit)bitset).getLong(segment);
			}
		}

		@Override
		public void and(BitSet bitset) {
			if (!(bitset instanceof LongBit)) {
				return;
			}
			for (int segment = 0; segment < bitArray.length; segment++) {
				bitArray[segment] &= ((LongBit)bitset).getLong(segment);
			}
		}
	}

}","import java.util.Arrays;
import java.util.Scanner;

public class Main {

	public static void main(String[] args) {
		Scanner in = new Scanner(System.in);
		int n = in.nextInt(), k = in.nextInt();
		int a[] = new int[n];
		for ( int i = 0; i < n; i++ ) {
			a[i] = in.nextInt();
		}
		in.close();

		char dp[] = new char[k + 1];
		Arrays.fill(dp, 's');
		for ( int di = 0; di <= k; di++ ) {
			if ( dp[di] == 'f' ) continue;

			for ( int ai = 0; ai < n; ai++ ) {
				if ( di + a[ai] > k ) break;
				else dp[di + a[ai]] = 'f';
			}
		}

		if ( dp[k] == 'f' ) {
			System.out.println(""First"");
		} else {
			System.out.println(""Second"");
		}
	}
}",Type-4,"// ===================== Extracted Method (shared logic) =====================
// Put this as a static method in a common utility class, or directly inside
// both Main classes (mark it static there).
static boolean[] computeWinningStates(int k, int[] moves) {
    boolean[] dp = new boolean[k + 1];
    // dp[i] == true  -> winning position with i stones
    // dp[i] == false -> losing position with i stones
    for (int i = 0; i <= k; i++) {
        boolean isWin = false;
        for (int move : moves) {
            if (move <= i && !dp[i - move]) {
                isWin = true;
                break;
            }
        }
        dp[i] = isWin;
    }
    return dp;
}

// ===================== Refactored Code 1 =====================
// Replace the body of solve() in the FIRST big Main with this version.
// (Keep its custom Scanner class as-is.)

private void solve() {
    Scanner sc = new Scanner(System.in);
    int N = sc.nextInt();
    int K = sc.nextInt();
    int[] a = new int[N];
    for (int j = 0; j < N; j++) {
        a[j] = sc.nextInt();
    }

    boolean[] dp = computeWinningStates(K, a);
    System.out.println(dp[K] ? ""First"" : ""Second"");
}

// (And add the extracted method somewhere inside the same Main class:)
static boolean[] computeWinningStates(int k, int[] moves) {
    boolean[] dp = new boolean[k + 1];
    for (int i = 0; i <= k; i++) {
        boolean isWin = false;
        for (int move : moves) {
            if (move <= i && !dp[i - move]) {
                isWin = true;
                break;
            }
        }
        dp[i] = isWin;
    }
    return dp;
}


// ===================== Refactored Code 2 =====================
// Replace the entire main method body in the SECOND Main with this version.

public static void main(String[] args) {
    Scanner in = new Scanner(System.in);
    int n = in.nextInt();
    int k = in.nextInt();
    int[] a = new int[n];
    for (int i = 0; i < n; i++) {
        a[i] = in.nextInt();
    }
    in.close();

    boolean[] dp = computeWinningStates(k, a);
    if (dp[k]) {
        System.out.println(""First"");
    } else {
        System.out.println(""Second"");
    }
}

// And add the same extracted method to the second Main class:
static boolean[] computeWinningStates(int k, int[] moves) {
    boolean[] dp = new boolean[k + 1];
    for (int i = 0; i <= k; i++) {
        boolean isWin = false;
        for (int move : moves) {
            if (move <= i && !dp[i - move]) {
                isWin = true;
                break;
            }
        }
        dp[i] = isWin;
    }
    return dp;
}"
"import java.util.Arrays;
import java.util.Scanner;

public class Main {

	public static void main(String[] args) {
		Scanner scanner = new Scanner(System.in);
		int a = scanner.nextInt(),b = scanner.nextInt(),c = scanner.nextInt();
		int[] x = {a,b,c};
		Arrays.sort(x);
		System.out.println(x[0]+x[1]);
	}

}","import java.util.Scanner;


public class Main {
  public static void main(String[] args) {
    Scanner sc = new Scanner(System.in);
    // Êï¥Êï∞„ÅÆÂÖ•Âäõ
    int a = sc.nextInt();
    // „Çπ„Éö„Éº„ÇπÂå∫Âàá„Çä„ÅÆÊï¥Êï∞„ÅÆÂÖ•Âäõ
    int b = sc.nextInt();
    int c = sc.nextInt();

    int ab = a + b;
    int bc = b + c;
    int ac = a+c;

    int result = Math.min(ab, Math.min(bc , ac));
    System.out.println(result);
  }
}",Type-4,"// ===================== Extracted Method (shared logic) =====================
// Put this method in a common utility class, or directly inside both Main classes.
static int minTwoSum(int a, int b, int c) {
    // return the minimum sum of any two of a, b, c
    int ab = a + b;
    int bc = b + c;
    int ac = a + c;
    return Math.min(ab, Math.min(bc, ac));
}


// ===================== Refactored Code 1 =====================
// Original:
//   int a = scanner.nextInt(),b = scanner.nextInt(),c = scanner.nextInt();
//   int[] x = {a,b,c};
//   Arrays.sort(x);
//   System.out.println(x[0]+x[1]);
//
// After replacing the computation with the extracted method:

import java.util.Scanner;

public class Main {

    // (place minTwoSum here or in a separate utility class)
    static int minTwoSum(int a, int b, int c) {
        int ab = a + b;
        int bc = b + c;
        int ac = a + c;
        return Math.min(ab, Math.min(bc, ac));
    }

    public static void main(String[] args) {
        Scanner scanner = new Scanner(System.in);
        int a = scanner.nextInt();
        int b = scanner.nextInt();
        int c = scanner.nextInt();

        int result = minTwoSum(a, b, c);
        System.out.println(result);
    }
}


// ===================== Refactored Code 2 =====================
// Original:
//   int ab = a + b;
//   int bc = b + c;
//   int ac = a + c;
//   int result = Math.min(ab, Math.min(bc , ac));
//   System.out.println(result);
//
// After replacing with the extracted method:

import java.util.Scanner;

public class Main {

    // (same extracted method)
    static int minTwoSum(int a, int b, int c) {
        int ab = a + b;
        int bc = b + c;
        int ac = a + c;
        return Math.min(ab, Math.min(bc, ac));
    }

    public static void main(String[] args) {
        Scanner sc = new Scanner(System.in);
        // Êï¥Êï∞„ÅÆÂÖ•Âäõ
        int a = sc.nextInt();
        // „Çπ„Éö„Éº„ÇπÂå∫Âàá„Çä„ÅÆÊï¥Êï∞„ÅÆÂÖ•Âäõ
        int b = sc.nextInt();
        int c = sc.nextInt();

        int result = minTwoSum(a, b, c);
        System.out.println(result);
    }
}"
"import java.util.*;
class Main {
	static int n;
	public static void main(String[] args) {
		Scanner sc = new Scanner(System.in);
		while (true) {
			n = sc.nextInt();
			if (n == 0) break;
			int maxDistance = 0;
			Map<Integer, Integer> map = new HashMap<Integer, Integer>(n);
			for (int i = 0; i < n; i++) {
				int p = sc.nextInt();
				int d = sc.nextInt() + sc.nextInt();
				map.put(d, p);
				maxDistance = Math.max(d, maxDistance);
			}
			System.out.printf(""%d %d\n"", map.get(maxDistance), maxDistance);
		}
	}
}","import java.util.HashMap;
import java.util.Map;
import java.util.Scanner;


public class Main {
	public static void main(String[] args){
		//„Åù„Çå„Åû„Çå„ÅÆÊÇ£ËÄÖ„ÅÆÁï™Âè∑ p
		//1ÂõûÁõÆ„Å´Ê≠©„ÅÑ„ÅüË∑ùÈõ¢ d1
		//2ÂõûÁõÆ„Å´Ê≠©„ÅÑ„ÅüË∑ùÈõ¢ d2

		Scanner sc = new Scanner(System.in);
		while(sc.hasNext()){
			int n = sc.nextInt();//ÊÇ£ËÄÖ„ÅÆÊï∞ n
			int maxWalk = 0;//‰∏ÄÁï™Ê≠©„ÅÑ„Åü‰∫∫„ÅÆË∑ùÈõ¢
			if(n==0){
				break;
			}
			Map<Integer, Integer> walkSum = new HashMap<Integer, Integer>();
			for(int i=0;i<n;i++){
				int p = sc.nextInt();
				int d1 = sc.nextInt();
				int d2 = sc.nextInt();
				int sumWalk = d1 + d2;
				if(sumWalk > maxWalk)maxWalk = sumWalk;
				walkSum.put(sumWalk,p);
			}
			System.out.println(walkSum.get((Object)maxWalk)+"" ""+maxWalk);
		}
	}
}",Type-4,"// ===================== Extracted Method (shared logic) =====================
// Put this method in a common utility class, or directly inside both Main classes.
static void processWalks(Scanner sc) {
    while (true) {
        if (!sc.hasNextInt()) {
            return; // no more test cases
        }
        int n = sc.nextInt();
        if (n == 0) {
            break;  // terminator
        }

        int maxWalk = 0;
        Map<Integer, Integer> walkSumToPerson = new HashMap<>(n);

        for (int i = 0; i < n; i++) {
            int p = sc.nextInt();
            int d1 = sc.nextInt();
            int d2 = sc.nextInt();
            int sumWalk = d1 + d2;

            walkSumToPerson.put(sumWalk, p);
            if (sumWalk > maxWalk) {
                maxWalk = sumWalk;
            }
        }

        System.out.println(walkSumToPerson.get(maxWalk) + "" "" + maxWalk);
    }
}


// ===================== Refactored Code 1 =====================
// Original:
// while (true) {
//     n = sc.nextInt();
//     if (n == 0) break;
//     ...
//     System.out.printf(""%d %d\n"", map.get(maxDistance), maxDistance);
// }
//
// After replacing the core logic with the extracted method:

import java.util.*;

class Main {
    static int n;

    // extracted shared logic
    static void processWalks(Scanner sc) {
        while (true) {
            if (!sc.hasNextInt()) {
                return;
            }
            int n = sc.nextInt();
            if (n == 0) {
                break;
            }

            int maxWalk = 0;
            Map<Integer, Integer> walkSumToPerson = new HashMap<>(n);

            for (int i = 0; i < n; i++) {
                int p = sc.nextInt();
                int d1 = sc.nextInt();
                int d2 = sc.nextInt();
                int sumWalk = d1 + d2;

                walkSumToPerson.put(sumWalk, p);
                if (sumWalk > maxWalk) {
                    maxWalk = sumWalk;
                }
            }

            System.out.println(walkSumToPerson.get(maxWalk) + "" "" + maxWalk);
        }
    }

    public static void main(String[] args) {
        Scanner sc = new Scanner(System.in);
        processWalks(sc);
    }
}


// ===================== Refactored Code 2 =====================
// Original:
// while(sc.hasNext()){
//     int n = sc.nextInt();
//     if(n==0) break;
//     ...
//     System.out.println(walkSum.get((Object)maxWalk)+"" ""+maxWalk);
// }
//
// After replacing with the same extracted method:

import java.util.HashMap;
import java.util.Map;
import java.util.Scanner;

public class Main {

    // same extracted shared logic
    static void processWalks(Scanner sc) {
        while (true) {
            if (!sc.hasNextInt()) {
                return;
            }
            int n = sc.nextInt();
            if (n == 0) {
                break;
            }

            int maxWalk = 0;
            Map<Integer, Integer> walkSumToPerson = new HashMap<>(n);

            for (int i = 0; i < n; i++) {
                int p = sc.nextInt();
                int d1 = sc.nextInt();
                int d2 = sc.nextInt();
                int sumWalk = d1 + d2;

                walkSumToPerson.put(sumWalk, p);
                if (sumWalk > maxWalk) {
                    maxWalk = sumWalk;
                }
            }

            System.out.println(walkSumToPerson.get(maxWalk) + "" "" + maxWalk);
        }
    }

    public static void main(String[] args) {
        Scanner sc = new Scanner(System.in);
        processWalks(sc);
    }
}"
"import java.util.Scanner;
import java.util.Stack;

class Main{
	public static void main(String[] args) {
		Scanner sc=new Scanner(System.in);
		while(sc.hasNext()){
			String str=sc.next();
			Stack<Integer> st=new Stack<Integer>();
			for(int i=0;i<str.length();i++){
				if(st.isEmpty() || st.peek()==1 || str.charAt(i)=='S') st.add(str.charAt(i)=='S' ? 0 : 1);
				else st.pop();
			}
			System.out.println(st.size());
		}
	}
}","import java.io.OutputStream;
import java.io.IOException;
import java.io.InputStream;
import java.io.PrintWriter;
import java.util.StringTokenizer;
import java.io.IOException;
import java.io.BufferedReader;
import java.io.InputStreamReader;
import java.io.InputStream;

/**
 * Built using CHelper plug-in
 * Actual solution is at the top
 */
public class Main {
    public static void main(String[] args) {
        InputStream inputStream = System.in;
        OutputStream outputStream = System.out;
        InputReader in = new InputReader(inputStream);
        PrintWriter out = new PrintWriter(outputStream);
        TaskA solver = new TaskA();
        solver.solve(1, in, out);
        out.close();
    }

    static class TaskA {
        public void solve(int testNumber, InputReader in, PrintWriter out) {
            String s = in.next();
            int nt = 0;
            int ns = 0;
            for (int i = 0; i < s.length(); ++i) {
                char ch = s.charAt(i);
                if (ch == 'S') {
                    ++ns;
                } else {
                    if (ns > 0) {
                        --ns;
                    } else {
                        ++nt;
                    }
                }
            }
            out.println(nt + ns);
        }

    }

    static class InputReader {
        public BufferedReader reader;
        public StringTokenizer tokenizer;

        public InputReader(InputStream stream) {
            reader = new BufferedReader(new InputStreamReader(stream), 32768);
            tokenizer = null;
        }

        public String next() {
            while (tokenizer == null || !tokenizer.hasMoreTokens()) {
                try {
                    tokenizer = new StringTokenizer(reader.readLine());
                } catch (IOException e) {
                    throw new RuntimeException(e);
                }
            }
            return tokenizer.nextToken();
        }

    }
}",Type-4,"// ====================== Extracted Method (shared logic) ======================
static int countRemaining(String s) {
    int countS = 0; // number of unmatched 'S'
    int countT = 0; // number of unmatched 'T'

    for (int i = 0; i < s.length(); i++) {
        char ch = s.charAt(i);
        if (ch == 'S') {
            countS++;
        } else { // 'T'
            if (countS > 0) {
                // pair this T with a previous S -> cancel one S
                countS--;
            } else {
                // no S to cancel with, this T remains
                countT++;
            }
        }
    }
    return countS + countT; // total remaining characters
}


// ====================== Refactored Code 1 (original stack version) ======================
import java.util.Scanner;

class Main {
    // extracted method (can also be moved to a separate utility class)
    static int countRemaining(String s) {
        int countS = 0;
        int countT = 0;
        for (int i = 0; i < s.length(); i++) {
            char ch = s.charAt(i);
            if (ch == 'S') {
                countS++;
            } else {
                if (countS > 0) {
                    countS--;
                } else {
                    countT++;
                }
            }
        }
        return countS + countT;
    }

    public static void main(String[] args) {
        Scanner sc = new Scanner(System.in);
        while (sc.hasNext()) {
            String str = sc.next();
            int result = countRemaining(str);
            System.out.println(result);
        }
    }
}


// ====================== Refactored Code 2 (original TaskA / counter version) ======================
import java.io.OutputStream;
import java.io.IOException;
import java.io.InputStream;
import java.io.PrintWriter;
import java.util.StringTokenizer;
import java.io.BufferedReader;
import java.io.InputStreamReader;

public class Main {
    public static void main(String[] args) {
        InputStream inputStream = System.in;
        OutputStream outputStream = System.out;
        InputReader in = new InputReader(inputStream);
        PrintWriter out = new PrintWriter(outputStream);
        TaskA solver = new TaskA();
        solver.solve(1, in, out);
        out.close();
    }

    // extracted method (same logic as above)
    static int countRemaining(String s) {
        int countS = 0;
        int countT = 0;
        for (int i = 0; i < s.length(); i++) {
            char ch = s.charAt(i);
            if (ch == 'S') {
                countS++;
            } else {
                if (countS > 0) {
                    countS--;
                } else {
                    countT++;
                }
            }
        }
        return countS + countT;
    }

    static class TaskA {
        public void solve(int testNumber, InputReader in, PrintWriter out) {
            String s = in.next();
            int result = countRemaining(s);
            out.println(result);
        }
    }

    static class InputReader {
        public BufferedReader reader;
        public StringTokenizer tokenizer;

        public InputReader(InputStream stream) {
            reader = new BufferedReader(new InputStreamReader(stream), 32768);
            tokenizer = null;
        }

        public String next() {
            while (tokenizer == null || !tokenizer.hasMoreTokens()) {
                try {
                    tokenizer = new StringTokenizer(reader.readLine());
                } catch (IOException e) {
                    throw new RuntimeException(e);
                }
            }
            return tokenizer.nextToken();
        }
    }
}"
"import java.util.*;
import java.lang.*;
import java.math.*;
import java.io.*;

import static java.lang.Math.*;
import static java.util.Arrays.*;

public class Main {

	Scanner sc = new Scanner(System.in);

	int INF = 1 << 28;
	double EPS = 1e-9;

	int n;
	int start, goal, ttl;
	LinkedList<Integer>[] graph;

	@SuppressWarnings(""unchecked"")
	void run() {
		n = sc.nextInt();
		graph = new LinkedList[n];
		for (int j = 0; j < n; j++) {
			int u = sc.nextInt() - 1;// ¬É¬ã¬Å[¬É^¬î√î¬ç¬Ü
			int m = sc.nextInt();
			graph[u] = new LinkedList<Integer>();
			for (int i = 0; i < m; i++) {
				int v = sc.nextInt() - 1;
				graph[u].add(v);
			}
		}
		int p = sc.nextInt();
		for (int i = 0; i < p; i++) {
			start = sc.nextInt() - 1;
			goal = sc.nextInt() - 1;
			ttl = sc.nextInt();
			solve();
		}
	}

	void solve() {
		LinkedList<Integer> que = new LinkedList<Integer>();
		boolean[] visited = new boolean[n];
		int[] d = new int[n];
		Arrays.fill(d, INF);
		que.offer(start);
		d[start] = 1;
		visited[start] = true;
		for (; !que.isEmpty();) {
			int u = que.poll();
			for (int v : graph[u]) {
				if (!visited[v]) {
					que.offer(v);
					d[v] = d[u] + 1;
					visited[v] = true;
				}
			}
		}
		if (d[goal] <= ttl) {
			println("""" + d[goal]);
		} else {
			println(""NA"");
		}
	}

	void debug(Object... os) {
		System.err.println(Arrays.deepToString(os));
	}

	void print(String s) {
		System.out.print(s);
	}

	void println(String s) {
		System.out.println(s);
	}

	public static void main(String[] args) {
		// System.setOut(new PrintStream(new BufferedOutputStream(System.out)));
		new Main().run();
	}
}","import java.io.BufferedReader;
import java.io.IOException;
import java.io.InputStreamReader;
import java.util.ArrayList;

public class Main {
	public static void main(String[] args) throws IOException {
		BufferedReader br = new BufferedReader(new InputStreamReader(System.in));

		// create graph from input
		int numRouter = Integer.parseInt(br.readLine());
		Router[] router = new Router[numRouter];
		String[] routerParameter = null;
		int routerId, numNextRouter;
		for (int i = 0; i < numRouter; i++) {
			routerParameter = br.readLine().split("" "");
			routerId = Integer.parseInt(routerParameter[0]);
			numNextRouter = Integer.parseInt(routerParameter[1]);
			int[] nextRouterId = null;
			if (numNextRouter != 0) {
				nextRouterId = new int[numNextRouter];
				for (int j = 0; j < nextRouterId.length; j++) {
					nextRouterId[j] = Integer.parseInt(routerParameter[2 + j]);
				}
			}
			router[i] = new Router(routerId, nextRouterId);
		}

		// solve
		Graph g = null;
		int numTask = Integer.parseInt(br.readLine());
		String[] packetData = null;
		for (int i = 0; i < numTask; i++) {
			// „Ç∞„É©„ÉïÂàùÊúüÂåñ
			g = new Graph(router);
			// „Éë„Ç±„ÉÉ„ÉàÊÉÖÂ†±„Åã„ÇâÊúÄÁü≠ÁµåË∑ØÈï∑„ÇíÂá∫Âäõ
			packetData = br.readLine().split("" "");
			System.out.println(g.getCost(Integer.parseInt(packetData[0]), Integer.parseInt(packetData[1]),	Integer.parseInt(packetData[2])));
		}
	}
}

class Graph {
	private Router[] router;

	public Graph(Router[] router) {
		this.router = new Router[router.length];
		for (int i = 0; i < router.length; i++) {
			this.router[i] = new Router(router[i].getId(),
					router[i].getNextRouterId());
		}
	}

	public String getCost(int sourceRouterId, int targetRouterId, int TTL) {
		// ÂàùÊúüÂåñ
		int timeToLive = TTL;
		Router r = this.getRouter(sourceRouterId);
		Router sourceRouter = new Router(r.getId(), r.getNextRouterId());
		sourceRouter.setCostFromStart(1);
		
		@SuppressWarnings(""unused"")
		ArrayList<Router> presentRouterList = new ArrayList<Router>();
		presentRouterList.add(sourceRouter);
		@SuppressWarnings(""unused"")
		ArrayList<Router> nextRouterList = new ArrayList<Router>();

		// ÂÖ®ÁµåË∑Ø„ÇíÊé¢Á¥¢
		while (--timeToLive > 0) {
			//Âü∫ÁÇπ„Åã„ÇâË°å„Åë„ÇãÁÇπ„Åô„Åπ„Å¶„Å´„Å§„ÅÑ„Å¶„Ç≥„Çπ„Éà„Çí‰ºùÊí≠„Åï„Åõ„Å§„Å§„ÄÅ
			//„Åù„ÅÆË°å„Åë„ÇãÁÇπ„Åã„ÇâË°å„Åë„ÇãÁÇπ„ÇíÂèñÂæó„Åô„Çã
			for(int i = 0; i < presentRouterList.size(); i++){
				sourceRouter = presentRouterList.get(i);
				if (!sourceRouter.getPassed() && sourceRouter.getNextRouterId() != null){
					for (int id : sourceRouter.getNextRouterId()) {
						Router nextRouter = this.getRouter(id);
						nextRouter.updateCostFromStart(sourceRouter.getCostToNext(id));
						if(nextRouter.getId() != targetRouterId)
							nextRouterList.add(nextRouter);
					}
				}
				sourceRouter.setPassed(true);
			}
			
			if(nextRouterList.size() == 0)	break;
			
			//„É´„Éº„Çø„Éº„É™„Çπ„Éà„ÇíÊõ¥Êñ∞
			presentRouterList.clear();
			for(int i = 0; i < nextRouterList.size(); i++){
				presentRouterList.add(nextRouterList.get(i));
			}
			nextRouterList.clear();
		};

		// targetRouter„ÅÆcostFromStart„ÇíÂá∫Âäõ
		int cost = getRouter(targetRouterId).getCostFromStart();
		return (cost != Router.MAX_COST) ? String.valueOf(cost) : ""NA"";
	}

	private Router getRouter(int id) {
		for (Router r : this.router) {
			if (r.getId() == id)	return r;
		}
		return null;
	}
}

class Router {
	static final int WEIGHT = 1;
	static final int MAX_COST = 999999;
	static final int NO_ROUTE = -1;
	private int id;
	private int[] nextRouterId;
	private int costFromStart;
	private int[] weight;
	private boolean passed;

	public Router(int id, int[] nextRouterId) {
		this.id = id;
		this.nextRouterId = nextRouterId;
		if (nextRouterId != null) {
			this.weight = new int[nextRouterId.length];
			for (int i = 0; i < this.weight.length; i++) {
				this.weight[i] = WEIGHT;
			}
		}
		this.costFromStart = MAX_COST;
		this.passed = false;
	}

	public boolean updateCostFromStart(int cost) {
		if (cost != NO_ROUTE && cost < this.costFromStart){
			this.costFromStart = cost;
			return true;
		}
		return false;
	}
	
	public int getCostToNext(int id) {
		for (int i = 0; i < this.nextRouterId.length; i++) {
			if (this.nextRouterId[i] == id)		return this.costFromStart + this.weight[i];
		}
		return NO_ROUTE;
	}
	
	public int getId() {
		return this.id;
	}
	public int getCostFromStart() {
		return this.costFromStart;
	}
	public int[] getNextRouterId() {
		return this.nextRouterId;
	}
	public boolean getPassed(){
		return this.passed;
	}
	public void setCostFromStart(int costFromStart) {
		this.costFromStart = costFromStart;
	}
	public void setPassed(boolean passed) {
		this.passed = passed;
	}
}",Type-4,"// ====================== Extracted Method (shared BFS logic) ======================
import java.util.*;

public class SharedPathUtil {

    // graph: adjacency list (0-based indices)
    // n: number of nodes
    // start, goal: 0-based node indices
    // ttl: max allowed hops; distance is counted starting from 1 at start
    public static String shortestPathWithinTTL(List<Integer>[] graph, int n, int start, int goal, int ttl) {
        final int INF = 1 << 28;
        int[] dist = new int[n];
        boolean[] visited = new boolean[n];
        Arrays.fill(dist, INF);

        ArrayDeque<Integer> queue = new ArrayDeque<>();
        queue.offer(start);
        visited[start] = true;
        dist[start] = 1;

        while (!queue.isEmpty()) {
            int u = queue.poll();
            for (int v : graph[u]) {
                if (!visited[v]) {
                    visited[v] = true;
                    dist[v] = dist[u] + 1;
                    queue.offer(v);
                }
            }
        }

        return dist[goal] <= ttl ? String.valueOf(dist[goal]) : ""NA"";
    }
}



// ====================== Refactored Code 1 (Scanner + adjacency list) ======================
import java.util.*;
import static java.lang.Math.*;
import static java.util.Arrays.*;

public class Main1 {

    Scanner sc = new Scanner(System.in);

    int n;
    int start, goal, ttl;
    List<Integer>[] graph;

    @SuppressWarnings(""unchecked"")
    void run() {
        n = sc.nextInt();
        graph = new List[n];

        for (int j = 0; j < n; j++) {
            int u = sc.nextInt() - 1; // router index (0-based)
            int m = sc.nextInt();
            graph[u] = new LinkedList<>();
            for (int i = 0; i < m; i++) {
                int v = sc.nextInt() - 1;
                graph[u].add(v);
            }
        }

        int p = sc.nextInt();
        for (int i = 0; i < p; i++) {
            start = sc.nextInt() - 1;
            goal  = sc.nextInt() - 1;
            ttl   = sc.nextInt();

            // --- use shared extracted method ---
            String result = SharedPathUtil.shortestPathWithinTTL(graph, n, start, goal, ttl);
            println(result);
        }
    }

    void println(String s) {
        System.out.println(s);
    }

    public static void main(String[] args) {
        new Main1().run();
    }
}



// ====================== Refactored Code 2 (Router/Graph version) ======================
import java.io.*;
import java.util.*;

public class Main2 {
    public static void main(String[] args) throws IOException {
        BufferedReader br = new BufferedReader(new InputStreamReader(System.in));

        // create graph from input
        int numRouter = Integer.parseInt(br.readLine());
        Router[] router = new Router[numRouter];

        String[] routerParameter;
        for (int i = 0; i < numRouter; i++) {
            routerParameter = br.readLine().split("" "");
            int routerId     = Integer.parseInt(routerParameter[0]);
            int numNextRouter = Integer.parseInt(routerParameter[1]);
            int[] nextRouterId = null;
            if (numNextRouter != 0) {
                nextRouterId = new int[numNextRouter];
                for (int j = 0; j < nextRouterId.length; j++) {
                    nextRouterId[j] = Integer.parseInt(routerParameter[2 + j]);
                }
            }
            router[i] = new Router(routerId, nextRouterId);
        }

        // solve
        Graph g;
        int numTask = Integer.parseInt(br.readLine());
        for (int i = 0; i < numTask; i++) {
            g = new Graph(router); // rebuild for each query as original did
            String[] packetData = br.readLine().split("" "");
            int src = Integer.parseInt(packetData[0]);
            int dst = Integer.parseInt(packetData[1]);
            int ttl = Integer.parseInt(packetData[2]);
            System.out.println(g.getCost(src, dst, ttl));
        }
    }
}

class Graph {
    private final Router[] router;
    private final Map<Integer, Integer> idToIndex; // routerId -> index in array

    public Graph(Router[] router) {
        this.router = new Router[router.length];
        this.idToIndex = new HashMap<>();
        for (int i = 0; i < router.length; i++) {
            this.router[i] = new Router(router[i].getId(), router[i].getNextRouterId());
            idToIndex.put(this.router[i].getId(), i);
        }
    }

    public String getCost(int sourceRouterId, int targetRouterId, int TTL) {
        int n = router.length;

        // build adjacency list (0-based indices by array index)
        @SuppressWarnings(""unchecked"")
        List<Integer>[] graph = new List[n];
        for (int i = 0; i < n; i++) {
            graph[i] = new ArrayList<>();
            int[] nextIds = router[i].getNextRouterId();
            if (nextIds != null) {
                for (int id : nextIds) {
                    Integer vIdx = idToIndex.get(id);
                    if (vIdx != null) {
                        graph[i].add(vIdx);
                    }
                }
            }
        }

        Integer startIdx = idToIndex.get(sourceRouterId);
        Integer goalIdx  = idToIndex.get(targetRouterId);
        if (startIdx == null || goalIdx == null) {
            return ""NA"";
        }

        // --- use shared extracted method ---
        return SharedPathUtil.shortestPathWithinTTL(graph, n, startIdx, goalIdx, TTL);
    }
}

class Router {
    static final int WEIGHT    = 1;
    static final int MAX_COST  = 999999;
    static final int NO_ROUTE  = -1;

    private final int id;
    private final int[] nextRouterId;

    public Router(int id, int[] nextRouterId) {
        this.id = id;
        this.nextRouterId = nextRouterId;
    }

    public int getId() {
        return this.id;
    }

    public int[] getNextRouterId() {
        return this.nextRouterId;
    }
}"
"import java.io.BufferedInputStream;
import java.io.BufferedOutputStream;
import java.io.IOException;
import java.io.InputStream;
import java.io.PrintWriter;
import java.util.Random;

public class Main {

    public static void main(String[] args) throws Exception {
        try (BufferedInputStream in = new BufferedInputStream(System.in);
             PrintWriter out = new PrintWriter(new BufferedOutputStream(System.out))) {

            _Scanner sc = new _Scanner(in);
            int a = sc.nextInt();
            int b = sc.nextInt();
            int c = sc.nextInt();
            int k = sc.nextInt();

            if (a + b >= k) {
                out.println(Math.min(k, a));
            } else {
                out.println(a - (k - a - b));
            }
        }
    }

    private static void reverse(int[] vs) {
        for (int i = 0; i < vs.length / 2; i++) {
            swap(vs, i, vs.length - 1 - i);
        }
    }

    static class _Scanner {
        InputStream is;
        _Scanner(InputStream is) {
            this.is = is;
        }
        byte[] bb = new byte[1 << 15];
        int k, l;
        byte getc() {
            try {
                if (k >= l) {
                    k = 0;
                    l = is.read(bb);
                    if (l < 0) return -1;
                }
                return bb[k++];
            } catch (IOException e) {
                throw new RuntimeException(e);
            }
        }
        byte skip() {
            byte b;
            while ((b = getc()) <= 32)
                ;
            return b;
        }

        int nextInt() {
            int n = 0;
            int sig = 1;
            for (byte b = skip(); b > 32; b = getc()) {
                if (b == '-') {
                    sig = -1;
                } else {
                    n = n * 10 + b - '0';
                }
            }
            return sig * n;
        }

        long nextLong() {
            long n = 0;
            long sig = 1;
            for (byte b = skip(); b > 32; b = getc()) {
                if (b == '-') {
                    sig = -1;
                } else {
                    n = n * 10 + b - '0';
                }
            }
            return sig * n;
        }

        public String next() {
            StringBuilder sb = new StringBuilder();
            for (int b = skip(); b > 32; b = getc()) {
                sb.append(((char) b));
            }
            return sb.toString();
        }
    }

    private static void shuffle(int[] ar) {
        Random rnd = new Random();
        for (int i = 0; i < ar.length; i++) {
            int j = i + rnd.nextInt(ar.length - i);
            swap(ar, i, j);
        }
    }

    private static void shuffle(Object[] ar) {
        Random rnd = new Random();
        for (int i = 0; i < ar.length; i++) {
            int j = i + rnd.nextInt(ar.length - i);
            swap(ar, i, j);
        }
    }

    private static void swap(int[] ar, int i, int j) {
        int t = ar[i];
        ar[i] = ar[j];
        ar[j] = t;
    }

    private static void swap(Object[] ar, int i, int j) {
        Object t = ar[i];
        ar[i] = ar[j];
        ar[j] = t;
    }


}","//package atcoder;
 
import java.util.*;
 
public class Main{
	public static void main(String[] args) {
		Scanner sc = new Scanner(System.in);
		
		long A = sc.nextLong();
		long B = sc.nextLong();
		long C = sc.nextLong();
		long K = sc.nextLong();
		
		if(A>=K) {
			System.out.println(K);
		}
		if(A<K) {
			if((K-A)<=B) {
				System.out.println(A);
			}
			if((K-A)>B) {
				System.out.println(A-(K-(A+B)));
			}
		}
	}
}",Type-4,"// ===================== Extracted Method (shared logic) =====================
class CardScoreUtil {
    /**
     * Shared solver for both implementations.
     * Uses the same logic as the original solutions:
     * if (a + b >= k) return min(k, a);
     * else           return a - (k - a - b);
     */
    static long computeScore(long a, long b, long c, long k) {
        if (a + b >= k) {
            return Math.min(k, a);
        } else {
            return a - (k - a - b);
        }
    }
}

// ===================== Refactored Version 1 (Buffered I/O + _Scanner) =====================
import java.io.BufferedInputStream;
import java.io.BufferedOutputStream;
import java.io.IOException;
import java.io.InputStream;
import java.io.PrintWriter;
import java.util.Random;

public class MainFastIO {

    public static void main(String[] args) throws Exception {
        try (BufferedInputStream in = new BufferedInputStream(System.in);
             PrintWriter out = new PrintWriter(new BufferedOutputStream(System.out))) {

            _Scanner sc = new _Scanner(in);
            long a = sc.nextInt();
            long b = sc.nextInt();
            long c = sc.nextInt();
            long k = sc.nextInt();

            long result = CardScoreUtil.computeScore(a, b, c, k);
            out.println(result);
        }
    }

    private static void reverse(int[] vs) {
        for (int i = 0; i < vs.length / 2; i++) {
            swap(vs, i, vs.length - 1 - i);
        }
    }

    static class _Scanner {
        InputStream is;
        _Scanner(InputStream is) {
            this.is = is;
        }
        byte[] bb = new byte[1 << 15];
        int k, l;
        byte getc() {
            try {
                if (k >= l) {
                    k = 0;
                    l = is.read(bb);
                    if (l < 0) return -1;
                }
                return bb[k++];
            } catch (IOException e) {
                throw new RuntimeException(e);
            }
        }
        byte skip() {
            byte b;
            while ((b = getc()) <= 32)
                ;
            return b;
        }

        int nextInt() {
            int n = 0;
            int sig = 1;
            for (byte b = skip(); b > 32; b = getc()) {
                if (b == '-') {
                    sig = -1;
                } else {
                    n = n * 10 + b - '0';
                }
            }
            return sig * n;
        }

        long nextLong() {
            long n = 0;
            long sig = 1;
            for (byte b = skip(); b > 32; b = getc()) {
                if (b == '-') {
                    sig = -1;
                } else {
                    n = n * 10 + b - '0';
                }
            }
            return sig * n;
        }

        public String next() {
            StringBuilder sb = new StringBuilder();
            for (int b = skip(); b > 32; b = getc()) {
                sb.append(((char) b));
            }
            return sb.toString();
        }
    }

    private static void shuffle(int[] ar) {
        Random rnd = new Random();
        for (int i = 0; i < ar.length; i++) {
            int j = i + rnd.nextInt(ar.length - i);
            swap(ar, i, j);
        }
    }

    private static void shuffle(Object[] ar) {
        Random rnd = new Random();
        for (int i = 0; i < ar.length; i++) {
            int j = i + rnd.nextInt(ar.length - i);
            swap(ar, i, j);
        }
    }

    private static void swap(int[] ar, int i, int j) {
        int t = ar[i];
        ar[i] = ar[j];
        ar[j] = t;
    }

    private static void swap(Object[] ar, int i, int j) {
        Object t = ar[i];
        ar[i] = ar[j];
        ar[j] = t;
    }
}

// ===================== Refactored Version 2 (Scanner-based) =====================
// package atcoder;

import java.util.*;

public class MainScanner {
    public static void main(String[] args) {
        Scanner sc = new Scanner(System.in);

        long A = sc.nextLong();
        long B = sc.nextLong();
        long C = sc.nextLong();
        long K = sc.nextLong();

        long result = CardScoreUtil.computeScore(A, B, C, K);
        System.out.println(result);
    }
}"
"import java.io.*;
import java.util.*;

public class Main {
	static void solve() {
		long i = ni(), o = ni(), t = ni(), j = ni(), l = ni(), s = ni(), z = ni();
		long ans = 0;
		ans += o;
		
		
		long rem = i%2+j%2+l%2;
		if(i==0||j==0||l==0) {
			ans += 2*(i/2 + j/2 + l/2);
			out.println(ans);
			return;
		}
		
		if(rem<=1) {
			ans += 2*(i/2 + j/2 + l/2);
		}
		else {
			ans += 3;
			i--; j--;l--;
			ans += 2*(i/2 + j/2 + l/2);
		}
		out.println(ans);
		
	}

	//constant
	static final long mod = (long) 1e9 + 7;
	static final int dx[] = { -1, 0, 1, 0 }, dy[] = { 0, -1, 0, 1 };
	static final int[] dx8 = { -1, -1, -1, 0, 0, 1, 1, 1 }, dy8 = { -1, 0, 1, -1, 1, -1, 0, 1 };
	static final int inf = Integer.MAX_VALUE / 2;
	static final long linf = Long.MAX_VALUE / 3;
	static final double dinf = Double.MAX_VALUE / 3;
	static final double eps = 1e-10;
	static final double pi = Math.PI;
	static StringBuilder sb = new StringBuilder();
	static InputStream is;
	static PrintWriter out;
	static String INPUT = """";

	//libraries
	static void reverse(int ar[]) {
		int len = ar.length;
		for (int i = 0; i < len / 2; i++) {
			int t = ar[i];
			ar[i] = ar[len - 1 - i];
			ar[len - 1 - i] = t;
		}
	}

	static void reverse(long ar[]) {
		int len = ar.length;
		for (int i = 0; i < len / 2; i++) {
			long t = ar[i];
			ar[i] = ar[len - 1 - i];
			ar[len - 1 - i] = t;
		}
	}

	static void reverse(double ar[]) {
		int len = ar.length;
		for (int i = 0; i < len / 2; i++) {
			double t = ar[i];
			ar[i] = ar[len - 1 - i];
			ar[len - 1 - i] = t;
		}
	}

	static void reverse(char ar[]) {
		int len = ar.length;
		for (int i = 0; i < len / 2; i++) {
			char t = ar[i];
			ar[i] = ar[len - 1 - i];
			ar[len - 1 - i] = t;
		}
	}

	static String getReverse(String s) {
		char c[] = s.toCharArray();
		reverse(c);
		s = String.valueOf(c);
		return s;
	}

	static <T> void reverse(List<T> ls) {
		int sz = ls.size();
		for (int i = 0; i < sz / 2; i++) {
			T t = ls.get(i);
			ls.set(i, ls.get(sz - 1 - i));
			ls.set(sz - 1 - i, t);
		}
	}

	static <T> void reverse(T[] ar) {
		int len = ar.length;
		for (int i = 0; i < len / 2; i++) {
			T t = ar[i];
			ar[i] = ar[len - 1 - i];
			ar[len - 1 - i] = t;
		}
	}

	static void sbnl() {//StringBuilder„Å´ÊîπË°åÊñáÂ≠ó„Çíappend„Åô„Çã
		sb.append(""\n"");
	}

	static int lowerBound(int[] a, int x) {
		int l = -1, r = a.length;
		while (r - l > 1) {
			int c = (l + r) / 2;
			if (a[c] < x) {
				l = c;
			} else {
				r = c;
			}
		}
		return r;
	}

	static int upperBound(int[] a, int x) {
		int l = -1, r = a.length;
		while (r - l > 1) {
			int c = (l + r) / 2;
			if (a[c] <= x) {
				l = c;
			} else {
				r = c;
			}
		}
		return r;
	}

	static int rlowerBound(int[] a, int x) {
		int l = -1, r = a.length;
		while (r - l > 1) {
			int c = (l + r) / 2;
			if (a[c] > x) {
				l = c;
			} else {
				r = c;
			}
		}
		return r;
	}

	static int rupperBound(int[] a, int x) {
		int l = -1, r = a.length;
		while (r - l > 1) {
			int c = (l + r) / 2;
			if (a[c] >= x) {
				l = c;
			} else {
				r = c;
			}
		}
		return r;
	}

	static int lowerBound(long[] a, long x) {
		int l = -1, r = a.length;
		while (r - l > 1) {
			int c = (l + r) / 2;
			if (a[c] < x) {
				l = c;
			} else {
				r = c;
			}
		}
		return r;
	}

	static int upperBound(long[] a, long x) {
		int l = -1, r = a.length;
		while (r - l > 1) {
			int c = (l + r) / 2;
			if (a[c] <= x) {
				l = c;
			} else {
				r = c;
			}
		}
		return r;
	}

	static int rlowerBound(long[] a, long x) {
		int l = -1, r = a.length;
		while (r - l > 1) {
			int c = (l + r) / 2;
			if (a[c] > x) {
				l = c;
			} else {
				r = c;
			}
		}
		return r;
	}

	static int rupperBound(long[] a, long x) {
		int l = -1, r = a.length;
		while (r - l > 1) {
			int c = (l + r) / 2;
			if (a[c] >= x) {
				l = c;
			} else {
				r = c;
			}
		}
		return r;
	}

	static int lowerBound(double[] a, double x) {
		int l = -1, r = a.length;
		while (r - l > 1) {
			int c = (l + r) / 2;
			if (a[c] < x) {
				l = c;
			} else {
				r = c;
			}
		}
		return r;
	}

	static int upperBound(double[] a, double x) {
		int l = -1, r = a.length;
		while (r - l > 1) {
			int c = (l + r) / 2;
			if (a[c] <= x) {
				l = c;
			} else {
				r = c;
			}
		}
		return r;
	}

	static int rlowerBound(double[] a, double x) {
		int l = -1, r = a.length;
		while (r - l > 1) {
			int c = (l + r) / 2;
			if (a[c] > x) {
				l = c;
			} else {
				r = c;
			}
		}
		return r;
	}

	static int rupperBound(double[] a, double x) {
		int l = -1, r = a.length;
		while (r - l > 1) {
			int c = (l + r) / 2;
			if (a[c] >= x) {
				l = c;
			} else {
				r = c;
			}
		}
		return r;
	}

	static int lowerBound(char[] a, char x) {
		int l = -1, r = a.length;
		while (r - l > 1) {
			int c = (l + r) / 2;
			if (a[c] < x) {
				l = c;
			} else {
				r = c;
			}
		}
		return r;
	}

	static int upperBound(char[] a, char x) {
		int l = -1, r = a.length;
		while (r - l > 1) {
			int c = (l + r) / 2;
			if (a[c] <= x) {
				l = c;
			} else {
				r = c;
			}
		}
		return r;
	}

	static int rlowerBound(char[] a, char x) {
		int l = -1, r = a.length;
		while (r - l > 1) {
			int c = (l + r) / 2;
			if (a[c] > x) {
				l = c;
			} else {
				r = c;
			}
		}
		return r;
	}

	static int rupperBound(char[] a, char x) {
		int l = -1, r = a.length;
		while (r - l > 1) {
			int c = (l + r) / 2;
			if (a[c] >= x) {
				l = c;
			} else {
				r = c;
			}
		}
		return r;
	}

	static <T> int lowerBound(List<T> ls, T x) throws RuntimeException {
		if (ls.size() == 0)
			return -1;
		if (ls.get(0) instanceof Integer) {
			return ~Collections.binarySearch(ls, x, (t1, t2) -> ((Integer) t1).compareTo((Integer) t2) >= 0 ? 1 : -1);
		} else if (ls.get(0) instanceof Long) {
			return ~Collections.binarySearch(ls, x, (t1, t2) -> ((Long) t1).compareTo((Long) t2) >= 0 ? 1 : -1);
		} else if (ls.get(0) instanceof Double) {
			return ~Collections.binarySearch(ls, x, (t1, t2) -> ((Double) t1).compareTo((Double) t2) >= 0 ? 1 : -1);
		} else {
			System.err.println(
					String.format(""%s:Êï∞ÂÄ§„Åß„Å™„ÅÑ„É™„Çπ„Éà„Çí‰∫åÂàÜÊé¢Á¥¢„Åó„Å¶„ÅÑ„Åæ„Åô„ÄÇ"", Thread.currentThread().getStackTrace()[1].getMethodName()));
			throw new RuntimeException();
		}
	}

	static <T> int upperBound(List<T> ls, T x) throws RuntimeException {
		if (ls.size() == 0)
			return -1;
		if (ls.get(0) instanceof Integer) {
			return ~Collections.binarySearch(ls, x, (t1, t2) -> ((Integer) t1).compareTo((Integer) t2) > 0 ? 1 : -1);
		} else if (ls.get(0) instanceof Long) {
			return ~Collections.binarySearch(ls, x, (t1, t2) -> ((Long) t1).compareTo((Long) t2) > 0 ? 1 : -1);
		} else if (ls.get(0) instanceof Double) {
			return ~Collections.binarySearch(ls, x, (t1, t2) -> ((Double) t1).compareTo((Double) t2) > 0 ? 1 : -1);
		} else {
			System.err.println(
					String.format(""%s:Êï∞ÂÄ§„Åß„Å™„ÅÑ„É™„Çπ„Éà„Çí‰∫åÂàÜÊé¢Á¥¢„Åó„Å¶„ÅÑ„Åæ„Åô„ÄÇ"", Thread.currentThread().getStackTrace()[1].getMethodName()));
			throw new RuntimeException();
		}
	}

	static <T> int rupperBound(List<T> ls, T x) throws RuntimeException {
		if (ls.size() == 0)
			return -1;
		if (ls.get(0) instanceof Integer) {
			return ~Collections.binarySearch(ls, x, (t1, t2) -> ((Integer) t1).compareTo((Integer) t2) < 0 ? 1 : -1);
		} else if (ls.get(0) instanceof Long) {
			return ~Collections.binarySearch(ls, x, (t1, t2) -> ((Long) t1).compareTo((Long) t2) < 0 ? 1 : -1);
		} else if (ls.get(0) instanceof Double) {
			return ~Collections.binarySearch(ls, x, (t1, t2) -> ((Double) t1).compareTo((Double) t2) < 0 ? 1 : -1);
		} else {
			System.err.println(
					String.format(""%s:Êï∞ÂÄ§„Åß„Å™„ÅÑ„É™„Çπ„Éà„Çí‰∫åÂàÜÊé¢Á¥¢„Åó„Å¶„ÅÑ„Åæ„Åô„ÄÇ"", Thread.currentThread().getStackTrace()[1].getMethodName()));
			throw new RuntimeException();
		}
	}

	static <T> int rlowerBound(List<T> ls, T x) {
		if (ls.size() == 0)
			return -1;
		if (ls.get(0) instanceof Integer) {
			return ~Collections.binarySearch(ls, x, (t1, t2) -> ((Integer) t1).compareTo((Integer) t2) <= 0 ? 1 : -1);
		} else if (ls.get(0) instanceof Long) {
			return ~Collections.binarySearch(ls, x, (t1, t2) -> ((Long) t1).compareTo((Long) t2) <= 0 ? 1 : -1);
		} else if (ls.get(0) instanceof Double) {
			return ~Collections.binarySearch(ls, x, (t1, t2) -> ((Double) t1).compareTo((Double) t2) <= 0 ? 1 : -1);
		} else {
			System.err.println(
					String.format(""%s:Êï∞ÂÄ§„Åß„Å™„ÅÑ„É™„Çπ„Éà„Çí‰∫åÂàÜÊé¢Á¥¢„Åó„Å¶„ÅÑ„Åæ„Åô„ÄÇ"", Thread.currentThread().getStackTrace()[1].getMethodName()));
			throw new RuntimeException();
		}
	}

	static int[] concat(int x, int arr[]) {
		int ret[] = new int[arr.length + 1];
		System.arraycopy(arr, 0, ret, 1, ret.length - 1);
		ret[0] = x;
		return ret;
	}

	static int[] concat(int arr[], int x) {
		int ret[] = new int[arr.length + 1];
		System.arraycopy(arr, 0, ret, 0, ret.length - 1);
		ret[ret.length - 1] = x;
		return ret;
	}

	static long[] concat(long x, long arr[]) {
		long ret[] = new long[arr.length + 1];
		System.arraycopy(arr, 0, ret, 1, ret.length - 1);
		ret[0] = x;
		return ret;
	}

	static long[] concat(long arr[], long x) {
		long ret[] = new long[arr.length + 1];
		System.arraycopy(arr, 0, ret, 0, ret.length - 1);
		ret[ret.length - 1] = x;
		return ret;
	}

	static int max(int x, int y) {
		return Math.max(x, y);
	}

	static int min(int x, int y) {
		return Math.min(x, y);
	}

	static int max(int x, int y, int z) {
		x = Math.max(x, y);
		x = Math.max(x, z);
		return x;
	}

	static int min(int x, int y, int z) {
		x = Math.min(x, y);
		x = Math.min(x, z);
		return x;
	}

	static long max(long x, long y) {
		return Math.max(x, y);
	}

	static long min(long x, long y) {
		return Math.min(x, y);
	}

	static long max(long x, long y, long z) {
		x = Math.max(x, y);
		x = Math.max(x, z);
		return x;
	}

	static long min(long x, long y, long z) {
		x = Math.min(x, y);
		x = Math.min(x, z);
		return x;
	}

	static double max(double x, double y) {
		return Math.max(x, y);
	}

	static double min(double x, double y) {
		return Math.min(x, y);
	}

	static double max(double x, double y, double z) {
		x = Math.max(x, y);
		x = Math.max(x, z);
		return x;
	}

	static double min(double x, double y, double z) {
		x = Math.min(x, y);
		x = Math.min(x, z);
		return x;
	}

	static void sort(int[] ar) {
		Arrays.sort(ar);
	}

	static void sort(long[] ar) {
		Arrays.sort(ar);
	}

	static void sort(double[] ar) {
		Arrays.sort(ar);
	}

	static void sort(char[] ar) {
		Arrays.sort(ar);
	}

	static void rsort(int[] ar) {
		Arrays.sort(ar);
		int len = ar.length;
		for (int i = 0; i < len / 2; i++) {
			int tmp = ar[i];
			ar[i] = ar[len - 1 - i];
			ar[len - 1 - i] = tmp;
		}
	}

	static void rsort(long[] ar) {
		Arrays.sort(ar);
		int len = ar.length;
		for (int i = 0; i < len / 2; i++) {
			long tmp = ar[i];
			ar[i] = ar[len - 1 - i];
			ar[len - 1 - i] = tmp;
		}
	}

	static void rsort(double[] ar) {
		Arrays.sort(ar);
		int len = ar.length;
		for (int i = 0; i < len / 2; i++) {
			double tmp = ar[i];
			ar[i] = ar[len - 1 - i];
			ar[len - 1 - i] = tmp;
		}
	}

	static void rsort(char[] ar) {
		Arrays.sort(ar);
		int len = ar.length;
		for (int i = 0; i < len / 2; i++) {
			char tmp = ar[i];
			ar[i] = ar[len - 1 - i];
			ar[len - 1 - i] = tmp;
		}
	}

	static void fill(int arr[], int x) {
		Arrays.fill(arr, x);
	}

	static void fill(long arr[], long x) {
		Arrays.fill(arr, x);
	}

	static void fill(boolean arr[], boolean x) {
		Arrays.fill(arr, x);
	}

	static void fill(double arr[], double x) {
		Arrays.fill(arr, x);
	}

	static void fill(int arr[][], int x) {
		for (int i = 0; i < arr.length; i++)
			Arrays.fill(arr[i], x);
	}

	static void fill(long arr[][], long x) {
		for (int i = 0; i < arr.length; i++)
			Arrays.fill(arr[i], x);
	}

	static void fill(double arr[][], double x) {
		for (int i = 0; i < arr.length; i++)
			Arrays.fill(arr[i], x);
	}

	static void fill(boolean arr[][], boolean x) {
		for (int i = 0; i < arr.length; i++)
			Arrays.fill(arr[i], x);
	}

	//MOD culc
	static long plus(long x, long y) {
		long res = (x + y) % mod;
		return res < 0 ? res + mod : res;
	}

	static long sub(long x, long y) {
		long res = (x - y) % mod;
		return res < 0 ? res + mod : res;
	}

	static long mul(long x, long y) {
		long res = (x * y) % mod;
		return res < 0 ? res + mod : res;
	}

	static long div(long x, long y) {
		long res = x * pow(y, mod - 2) % mod;
		return res < 0 ? res + mod : res;
	}

	static long pow(long x, long y) {
		if (y < 0)
			return 0;
		if (y == 0)
			return 1;
		if (y % 2 == 1)
			return (x * pow(x, y - 1)) % mod;
		long root = pow(x, y / 2);
		return root * root % mod;
	}

	public static void main(String[] args) throws Exception {
		is = INPUT.isEmpty() ? System.in : new ByteArrayInputStream(INPUT.getBytes());
		out = new PrintWriter(System.out);
		solve();
		out.flush();
	}

	//input
	private static byte[] inbuf = new byte[1024];
	static int lenbuf = 0, ptrbuf = 0;

	private static int readByte() {
		if (lenbuf == -1)
			throw new InputMismatchException();
		if (ptrbuf >= lenbuf) {
			ptrbuf = 0;
			try {
				lenbuf = is.read(inbuf);
			} catch (IOException e) {
				throw new InputMismatchException();
			}
			if (lenbuf <= 0)
				return -1;
		}
		return inbuf[ptrbuf++];
	}

	private static boolean isSpaceChar(int c) {
		return !(c >= 33 && c <= 126);
	}

	private static int skip() {
		int b;
		while ((b = readByte()) != -1 && isSpaceChar(b))
			;
		return b;
	}

	@SuppressWarnings(""unused"")
	private static double nd() {
		return Double.parseDouble(ns());
	}

	@SuppressWarnings(""unused"")
	private static char nc() {
		return (char) skip();
	}

	private static String ns() {
		int b = skip();
		StringBuilder sb = new StringBuilder();
		while (!(isSpaceChar(b))) {
			sb.appendCodePoint(b);
			b = readByte();
		}
		return sb.toString();
	}

	private static char[] ns(int n) {
		char[] buf = new char[n];
		int b = skip(), p = 0;
		while (p < n && !(isSpaceChar(b))) {
			buf[p++] = (char) b;
			b = readByte();
		}
		return n == p ? buf : Arrays.copyOf(buf, p);
	}

	@SuppressWarnings(""unused"")
	private static char[][] nm(int n, int m) {
		char[][] map = new char[n][];
		for (int i = 0; i < n; i++)
			map[i] = ns(m);
		return map;
	}

	@SuppressWarnings(""unused"")
	private static int[] na(int n) {
		int[] a = new int[n];
		for (int i = 0; i < n; i++)
			a[i] = ni();
		return a;
	}

	@SuppressWarnings(""unused"")
	private static long[] nla(int n) {
		long[] a = new long[n];
		for (int i = 0; i < n; i++)
			a[i] = nl();
		return a;
	}

	private static int ni() {
		int num = 0, b;
		boolean minus = false;
		while ((b = readByte()) != -1 && !((b >= '0' && b <= '9') || b == '-'))
			;
		if (b == '-') {
			minus = true;
			b = readByte();
		}

		while (true) {
			if (b >= '0' && b <= '9') {
				num = num * 10 + (b - '0');
			} else {
				return minus ? -num : num;
			}
			b = readByte();
		}
	}

	@SuppressWarnings(""unused"")
	private static long nl() {
		long num = 0;
		int b;
		boolean minus = false;
		while ((b = readByte()) != -1 && !((b >= '0' && b <= '9') || b == '-'))
			;
		if (b == '-') {
			minus = true;
			b = readByte();
		}

		while (true) {
			if (b >= '0' && b <= '9') {
				num = num * 10 + (b - '0');
			} else {
				return minus ? -num : num;
			}
			b = readByte();
		}
	}

}","import java.util.*;

public class Main {
	public static void main(String[] args) {
		Scanner sc = new Scanner(System.in);
		long ai, ao, at, aj, al, as, az;
		ai = sc.nextLong();
		ao = sc.nextLong();
		at = sc.nextLong();
		aj = sc.nextLong();
		al = sc.nextLong();
		as = sc.nextLong();
		az = sc.nextLong();
		long ans = 0;
		ans = Math.max(ans, ai / 2 * 2 + ao + aj / 2 * 2 + al / 2 * 2);
		if (ai > 0 && aj > 0 && al > 0)
			ans = Math.max(ans, 3 + (ai - 1) / 2 * 2 + ao + (aj - 1) / 2 * 2 + (al - 1) / 2 * 2);
		System.out.println(ans);
	}
}",Type-4,"// ========== Extracted Method (shared core logic) ==========
class EqualizeThreeUtil {
    /**
     * Computes the minimal number of operations to make (a, b, c) equal,
     * where one operation increments any two of the three numbers by 1.
     */
    static int minOperations(int a, int b, int c) {
        int[] abc = { a, b, c };
        java.util.Arrays.sort(abc);

        int cnt = 0;
        // First, pull the two smaller numbers up toward the largest using +2 steps
        for (int i = 0; i < 2; i++) {
            int dif = abc[2] - abc[i];
            int quo = dif / 2;
            cnt += quo;
            abc[i] += 2 * quo;
        }

        // Re-sort and normalize so the smallest becomes 0, then count remaining gaps
        java.util.Arrays.sort(abc);
        for (int i = 0; i < 3; i++) {
            abc[2 - i] -= abc[0];
        }
        for (int x : abc) {
            cnt += x;
        }
        return cnt;
    }
}

// ========== Refactored First Code (array + Arrays.sort version) ==========
import java.util.Arrays;
import java.util.Scanner;

public class MainArrayVersion {
    public static void main(String[] args) {
        Scanner sc = new Scanner(System.in);

        int[] abc = new int[3];
        Arrays.setAll(abc, i -> sc.nextInt());

        int result = EqualizeThreeUtil.minOperations(abc[0], abc[1], abc[2]);
        System.out.println(result);
    }
}

// ========== Refactored Second Code (List + Collections.sort version) ==========
import java.util.ArrayList;
import java.util.Collections;
import java.util.List;
import java.util.Scanner;

public class MainListVersion {

    public static void main(String[] args) {
        Scanner sc = new Scanner(System.in);
        List<Integer> abc = new ArrayList<>();
        abc.add(sc.nextInt());
        abc.add(sc.nextInt());
        abc.add(sc.nextInt());
        Collections.sort(abc);

        int result = EqualizeThreeUtil.minOperations(abc.get(0), abc.get(1), abc.get(2));
        System.out.println(result);
    }
}"
"import java.util.*;

class Main{
  public static void main(String[] args)
  {
    Scanner scanner = new Scanner(System.in);
    int[] a = new int[3];
    int[] b = new int[3];

    int iti = 0,ni=0,san=0,si =0;

    int odd=0, even=0;

    for(int i=0; i<3; i++){
      a[i] = scanner.nextInt();
      b[i] = scanner.nextInt();
    }

    for(int i=0; i<3; i++){
      if(a[i] == 1){
        iti++;
      }
      else if(a[i]==2)
      {
        ni++;
      }else if(a[i] == 3)
      {
        san++;
      }else if(a[i] == 4){
        si++;
      }

      if(b[i] == 1){
        iti++;
      }
      else if(b[i]==2)
      {
        ni++;
      }else if(b[i] == 3)
      {
        san++;
      }else if(b[i] == 4){
        si++;
      }
    }

    if(checkEven(iti)){
      even++;
    }else{
      odd++;
    }
    if(checkEven(ni)){
      even++;
    }else{
      odd++;
    }
    if(checkEven(san)){
      even++;
    }else{
      odd++;
    }

    if(checkEven(si)){
      even++;
    }else{
      odd++;
    }

      if(odd == 2 && even == 2)
      {
        System.out.println(""YES"");
      }else{
        System.out.println(""NO"");
      }

  }

  public static boolean checkEven(int num){
    if(num %2 == 0){
      return true;
    }
    return false;
  }

}","import java.util.*;

public class Main {
    public static void main(String args[]) {
        Scanner scan = new Scanner(System.in);
        int[][] roads = new int[3][2];
        for (int i=0; i<3; i++) {
            for (int j=0; j<2; j++) {
                roads[i][j] = scan.nextInt();
            }
        }
        ArrayList<Integer> list = new ArrayList<Integer>();
        list.add(roads[0][0]);
        list.add(roads[0][1]);
        int rest = 0;
        outer:
        for (int i=1; i<3; i++) {
            for (int j=0; j<2; j++) {
                if (roads[i][j] == list.get(0)) {
                    if (j==0)
                        list.add(0, roads[i][1]);
                    else
                        list.add(0, roads[i][0]);
                    if (i==1) 
                        rest = 2;
                    else
                        rest = 1;
                    break outer;
                }
                if (roads[i][j] == list.get(1)) {
                    if (j==0)
                        list.add(roads[i][1]);
                    else
                        list.add(roads[i][0]);
                    if (i==1) 
                        rest = 2;
                    else
                        rest = 1;
                    break outer;
                }
            }
        }
        if (roads[rest][0]==list.get(0) || roads[rest][0]==list.get(2) || roads[rest][1]==list.get(0) || roads[rest][1]==list.get(2))
            System.out.println(""YES"");
        else
            System.out.println(""NO"");
    }
}",Type-4,"// ========== Extracted Method (shared core logic) ==========
class RoadUtils {
    /**
     * Returns true iff the 3 roads on nodes {1,2,3,4} form a path of length 3.
     * Each road is an undirected edge roads[i][0] - roads[i][1].
     */
    static boolean isBeautifulRoadConfiguration(int[][] roads) {
        // degree[1..4]
        int[] deg = new int[5];
        for (int i = 0; i < 3; i++) {
            int u = roads[i][0];
            int v = roads[i][1];
            deg[u]++;
            deg[v]++;
        }

        int odd = 0, even = 0;
        for (int city = 1; city <= 4; city++) {
            if (deg[city] % 2 == 0) {
                even++;
            } else {
                odd++;
            }
        }
        // path on 4 distinct vertices: degrees must be {1,1,2,2}
        return odd == 2 && even == 2;
    }
}

// ========== Refactored First Code (counter-based version) ==========
import java.util.*;

class MainCountVersion {
    public static void main(String[] args) {
        Scanner scanner = new Scanner(System.in);
        int[][] roads = new int[3][2];

        for (int i = 0; i < 3; i++) {
            roads[i][0] = scanner.nextInt();
            roads[i][1] = scanner.nextInt();
        }

        boolean ok = RoadUtils.isBeautifulRoadConfiguration(roads);
        System.out.println(ok ? ""YES"" : ""NO"");
    }
}

// ========== Refactored Second Code (list/ordering version) ==========
import java.util.*;

public class MainListVersion {
    public static void main(String[] args) {
        Scanner scan = new Scanner(System.in);
        int[][] roads = new int[3][2];

        for (int i = 0; i < 3; i++) {
            roads[i][0] = scan.nextInt();
            roads[i][1] = scan.nextInt();
        }

        boolean ok = RoadUtils.isBeautifulRoadConfiguration(roads);
        System.out.println(ok ? ""YES"" : ""NO"");
    }
}"
"import java.io.OutputStream;
import java.io.IOException;
import java.io.InputStream;
import java.io.OutputStream;
import java.io.PrintWriter;
import java.io.BufferedWriter;
import java.io.Writer;
import java.io.OutputStreamWriter;
import java.util.InputMismatchException;
import java.io.IOException;
import java.io.InputStream;

/**
 * Built using CHelper plug-in
 * Actual solution is at the top
 */
public class Main {
    public static void main(String[] args) {
        InputStream inputStream = System.in;
        OutputStream outputStream = System.out;
        InputReader in = new InputReader(inputStream);
        OutputWriter out = new OutputWriter(outputStream);
        CTwoAlpinists solver = new CTwoAlpinists();
        solver.solve(1, in, out);
        out.close();
    }

    static class CTwoAlpinists {
        public void solve(int testNumber, InputReader in, OutputWriter out) {
            int n = in.readInt();
            long[] t = in.readLongArray(n);
            long[] a = in.readLongArray(n);

            long[] max = new long[n];
            long[] actual = new long[n];

            {
                for (int i = 0; i < n; i++) {
                    max[i] = Math.min(t[i], a[i]);
                }
            }

            {
                long prev = 0;
                for (int i = 0; i < n; i++) {
                    if (t[i] > prev) {
                        if (t[i] > max[i]) {
                            out.printLine(0);
                            return;
                        }
                        actual[i] = t[i];
                        prev = t[i];
                    }
                }
            }

            {
                long prev = 0;
                for (int i = n - 1; i >= 0; i--) {
                    if (a[i] > prev) {
                        if (a[i] > max[i]) {
                            out.printLine(0);
                            return;
                        }
                        actual[i] = a[i];
                        prev = a[i];
                    }
                }
            }

            long ans = 1;
            for (int i = 0; i < n; i++) {
                if (actual[i] != 0) continue;
                ans = (ans * max[i]) % MiscUtils.MOD7;
            }

            out.printLine(ans);
        }

    }

    static class InputReader {
        private InputStream stream;
        private byte[] buf = new byte[1024];
        private int curChar;
        private int numChars;
        private InputReader.SpaceCharFilter filter;

        public InputReader(InputStream stream) {
            this.stream = stream;
        }

        public long[] readLongArray(int size) {
            long[] array = new long[size];
            for (int i = 0; i < size; i++) {
                array[i] = readLong();
            }
            return array;
        }

        public int read() {
            if (numChars == -1) {
                throw new InputMismatchException();
            }
            if (curChar >= numChars) {
                curChar = 0;
                try {
                    numChars = stream.read(buf);
                } catch (IOException e) {
                    throw new InputMismatchException();
                }
                if (numChars <= 0) {
                    return -1;
                }
            }
            return buf[curChar++];
        }

        public int readInt() {
            int c = read();
            while (isSpaceChar(c)) {
                c = read();
            }
            int sgn = 1;
            if (c == '-') {
                sgn = -1;
                c = read();
            }
            int res = 0;
            do {
                if (c < '0' || c > '9') {
                    throw new InputMismatchException();
                }
                res *= 10;
                res += c - '0';
                c = read();
            } while (!isSpaceChar(c));
            return res * sgn;
        }

        public long readLong() {
            int c = read();
            while (isSpaceChar(c)) {
                c = read();
            }
            int sgn = 1;
            if (c == '-') {
                sgn = -1;
                c = read();
            }
            long res = 0;
            do {
                if (c < '0' || c > '9') {
                    throw new InputMismatchException();
                }
                res *= 10;
                res += c - '0';
                c = read();
            } while (!isSpaceChar(c));
            return res * sgn;
        }

        public boolean isSpaceChar(int c) {
            if (filter != null) {
                return filter.isSpaceChar(c);
            }
            return isWhitespace(c);
        }

        public static boolean isWhitespace(int c) {
            return c == ' ' || c == '\n' || c == '\r' || c == '\t' || c == -1;
        }

        public interface SpaceCharFilter {
            public boolean isSpaceChar(int ch);

        }

    }

    static class OutputWriter {
        private final PrintWriter writer;

        public OutputWriter(OutputStream outputStream) {
            writer = new PrintWriter(new BufferedWriter(new OutputStreamWriter(outputStream)));
        }

        public OutputWriter(Writer writer) {
            this.writer = new PrintWriter(writer);
        }

        public void close() {
            writer.close();
        }

        public void printLine(long i) {
            writer.println(i);
        }

        public void printLine(int i) {
            writer.println(i);
        }

    }

    static class MiscUtils {
        public static final int MOD7 = (int) (1e9 + 7);

    }
}","import static java.lang.Math.*;

import java.io.BufferedReader;
import java.io.IOException;
import java.io.InputStream;
import java.io.InputStreamReader;
import java.io.OutputStream;
import java.io.PrintWriter;
import java.util.Arrays;
import java.util.InputMismatchException;
import java.util.StringTokenizer;

public class Main {

	public static void main(String[] args) throws IOException {
		InputStream inputStream = System.in;
		OutputStream outputStream = System.out;
		InputReader in = new InputReader(inputStream);
		PrintWriter out = new PrintWriter(outputStream);
		TaskX solver = new TaskX();
		solver.solve(1, in, out);
		out.close();
	}

	static int INF = 1 << 30;
	static int modP = 1000000007;

	static class TaskX {
		public void solve(int testNumber, InputReader in, PrintWriter out) {

			int n = in.nextInt();
			long[] t = in.nextLongArray(n), a = in.nextLongArray(n);

			long[] tCalc = new long[n];
			Arrays.fill(tCalc, -1);

			long[] aCalc = new long[n];
			Arrays.fill(aCalc, -1);

			long[] tDef = new long[n];
			long[] aDef = new long[n];

			long tMax = -1, aMax = -1;
			for (int i = 0; i < n; i++) {
				if (tMax < t[i]) {
					tMax = t[i];
					tDef[i] = t[i];
				} else {
					tCalc[i] = tMax;
				}
			}
			for (int i = n-1; i >= 0; i--) {
				if (aMax < a[i]) {
					aMax = a[i];
					aDef[i] = a[i];
				} else {
					aCalc[i] = aMax;
				}
			}

			for (int i = 0; i < n; i++) {
				if (aCalc[i] == -1 && tCalc[i] == -1) {
					if (aDef[i] != tDef[i]) {
						out.println(0);
						return;
					}
				} else if (aCalc[i] == -1) {
					if (aDef[i] > tCalc[i]) {
						out.println(0);
						return;
					}
				} else if (tCalc[i] == -1) {
					if (tDef[i] > aCalc[i]) {
						out.println(0);
						return;
					}
				}
			}

			long ans = 1;
			for (int i = 0; i < n; i++) {
				if (tCalc[i] == -1 || aCalc[i] == -1) {
					continue;
				}
				ans = ans * min(aCalc[i],tCalc[i]) % modP;
			}
			out.println(ans);
		}
	}

	static class InputReader {
		BufferedReader in;
		StringTokenizer tok;

		public String nextString() {
			while (!tok.hasMoreTokens()) {
				try {
					tok = new StringTokenizer(in.readLine(), "" "");
				} catch (IOException e) {
					throw new InputMismatchException();
				}
			}
			return tok.nextToken();
		}

		public int nextInt() {
			return Integer.parseInt(nextString());
		}

		public long nextLong() {
			return Long.parseLong(nextString());
		}

		public double nextDouble() {
			return Double.parseDouble(nextString());
		}

		public int[] nextIntArray(int n) {
			int[] res = new int[n];
			for (int i = 0; i < n; i++) {
				res[i] = nextInt();
			}
			return res;
		}

		public long[] nextLongArray(int n) {
			long[] res = new long[n];
			for (int i = 0; i < n; i++) {
				res[i] = nextLong();
			}
			return res;
		}

		public InputReader(InputStream inputStream) {
			in = new BufferedReader(new InputStreamReader(inputStream));
			tok = new StringTokenizer("""");
		}

	}

}",Type-4,"// ========== Extracted Method (shared core logic) ==========
class TwoAlpinistsSolver {
    private static final int MOD7 = (int) (1e9 + 7);

    /**
     * Shared logic for both implementations.
     * Returns the number of valid configurations for arrays t and a (mod 1e9+7),
     * or 0 if there is no valid configuration.
     */
    static long countConfigurations(long[] t, long[] a) {
        int n = t.length;
        long[] max = new long[n];
        long[] actual = new long[n];

        // max[i] = maximum possible height at position i
        for (int i = 0; i < n; i++) {
            max[i] = Math.min(t[i], a[i]);
        }

        // Enforce constraints from the left (t array)
        long prev = 0;
        for (int i = 0; i < n; i++) {
            if (t[i] > prev) {
                if (t[i] > max[i]) {
                    return 0;
                }
                actual[i] = t[i];
                prev = t[i];
            }
        }

        // Enforce constraints from the right (a array)
        prev = 0;
        for (int i = n - 1; i >= 0; i--) {
            if (a[i] > prev) {
                if (a[i] > max[i]) {
                    return 0;
                }
                actual[i] = a[i]; // may overwrite, as in original code
                prev = a[i];
            }
        }

        // Count free positions, multiply their possibilities
        long ans = 1;
        for (int i = 0; i < n; i++) {
            if (actual[i] != 0) continue;
            ans = (ans * max[i]) % MOD7;
        }
        return ans;
    }
}

// ========== Refactored First Code ==========
import java.io.OutputStream;
import java.io.IOException;
import java.io.InputStream;
import java.io.PrintWriter;
import java.io.BufferedWriter;
import java.io.Writer;
import java.io.OutputStreamWriter;
import java.util.InputMismatchException;

public class Main {
    public static void main(String[] args) {
        InputStream inputStream = System.in;
        OutputStream outputStream = System.out;
        InputReader in = new InputReader(inputStream);
        OutputWriter out = new OutputWriter(outputStream);
        CTwoAlpinists solver = new CTwoAlpinists();
        solver.solve(1, in, out);
        out.close();
    }

    static class CTwoAlpinists {
        public void solve(int testNumber, InputReader in, OutputWriter out) {
            int n = in.readInt();
            long[] t = in.readLongArray(n);
            long[] a = in.readLongArray(n);

            long ans = TwoAlpinistsSolver.countConfigurations(t, a);
            out.printLine(ans);
        }
    }

    static class InputReader {
        private InputStream stream;
        private byte[] buf = new byte[1024];
        private int curChar;
        private int numChars;
        private SpaceCharFilter filter;

        public InputReader(InputStream stream) {
            this.stream = stream;
        }

        public long[] readLongArray(int size) {
            long[] array = new long[size];
            for (int i = 0; i < size; i++) {
                array[i] = readLong();
            }
            return array;
        }

        public int read() {
            if (numChars == -1) {
                throw new InputMismatchException();
            }
            if (curChar >= numChars) {
                curChar = 0;
                try {
                    numChars = stream.read(buf);
                } catch (IOException e) {
                    throw new InputMismatchException();
                }
                if (numChars <= 0) {
                    return -1;
                }
            }
            return buf[curChar++];
        }

        public int readInt() {
            int c = read();
            while (isSpaceChar(c)) {
                c = read();
            }
            int sgn = 1;
            if (c == '-') {
                sgn = -1;
                c = read();
            }
            int res = 0;
            do {
                if (c < '0' || c > '9') {
                    throw new InputMismatchException();
                }
                res *= 10;
                res += c - '0';
                c = read();
            } while (!isSpaceChar(c));
            return res * sgn;
        }

        public long readLong() {
            int c = read();
            while (isSpaceChar(c)) {
                c = read();
            }
            int sgn = 1;
            if (c == '-') {
                sgn = -1;
                c = read();
            }
            long res = 0;
            do {
                if (c < '0' || c > '9') {
                    throw new InputMismatchException();
                }
                res *= 10;
                res += c - '0';
                c = read();
            } while (!isSpaceChar(c));
            return res * sgn;
        }

        public boolean isSpaceChar(int c) {
            if (filter != null) {
                return filter.isSpaceChar(c);
            }
            return isWhitespace(c);
        }

        public static boolean isWhitespace(int c) {
            return c == ' ' || c == '\n' || c == '\r' || c == '\t' || c == -1;
        }

        public interface SpaceCharFilter {
            boolean isSpaceChar(int ch);
        }
    }

    static class OutputWriter {
        private final PrintWriter writer;

        public OutputWriter(OutputStream outputStream) {
            writer = new PrintWriter(new BufferedWriter(new OutputStreamWriter(outputStream)));
        }

        public OutputWriter(Writer writer) {
            this.writer = new PrintWriter(writer);
        }

        public void close() {
            writer.close();
        }

        public void printLine(long i) {
            writer.println(i);
        }

        public void printLine(int i) {
            writer.println(i);
        }
    }
}

// ========== Refactored Second Code ==========
import static java.lang.Math.*;

import java.io.BufferedReader;
import java.io.IOException;
import java.io.InputStream;
import java.io.InputStreamReader;
import java.io.OutputStream;
import java.io.PrintWriter;
import java.util.InputMismatchException;
import java.util.StringTokenizer;

class Main2 {

    public static void main(String[] args) throws IOException {
        InputStream inputStream = System.in;
        OutputStream outputStream = System.out;
        InputReader in = new InputReader(inputStream);
        PrintWriter out = new PrintWriter(outputStream);
        TaskX solver = new TaskX();
        solver.solve(1, in, out);
        out.close();
    }

    static class TaskX {
        public void solve(int testNumber, InputReader in, PrintWriter out) {
            int n = in.nextInt();
            long[] t = in.nextLongArray(n);
            long[] a = in.nextLongArray(n);

            long ans = TwoAlpinistsSolver.countConfigurations(t, a);
            out.println(ans);
        }
    }

    static class InputReader {
        BufferedReader in;
        StringTokenizer tok;

        public InputReader(InputStream inputStream) {
            in = new BufferedReader(new InputStreamReader(inputStream));
            tok = new StringTokenizer("""");
        }

        public String nextString() {
            while (!tok.hasMoreTokens()) {
                try {
                    tok = new StringTokenizer(in.readLine(), "" "");
                } catch (IOException e) {
                    throw new InputMismatchException();
                }
            }
            return tok.nextToken();
        }

        public int nextInt() {
            return Integer.parseInt(nextString());
        }

        public long nextLong() {
            return Long.parseLong(nextString());
        }

        public double nextDouble() {
            return Double.parseDouble(nextString());
        }

        public int[] nextIntArray(int n) {
            int[] res = new int[n];
            for (int i = 0; i < n; i++) {
                res[i] = nextInt();
            }
            return res;
        }

        public long[] nextLongArray(int n) {
            long[] res = new long[n];
            for (int i = 0; i < n; i++) {
                res[i] = nextLong();
            }
            return res;
        }
    }
}"
"import java.util.Scanner;
public class Main {

	public static void main(String[] args) {
		Scanner stdIn = new Scanner(System.in);

		long h = stdIn.nextLong();
		long w = stdIn.nextLong();
		
		long cnt = 0;
		if(h==1 || w == 1) {
			System.out.println(1);
			return;
		}
		
		if(h % 2 == 0 && w % 2 == 0) { //hÂÅ∂Êï∞„ÄÅwÂÅ∂Êï∞
			for(int i = 0; i < h; i++) {
				cnt += w/2;
			}
		}else if(h % 2 == 0 && w % 2 != 0) { //hÂÅ∂Êï∞„ÄÅwÂ•áÊï∞
			for(int i = 0; i < h ; i++) {
				if(i % 2 == 0) {
					cnt += (w+1)/2;
				}else {
					cnt += w/2;
				}
			}
		}else if( h % 2 != 0 && w % 2 == 0) { // hÂ•áÊï∞,wÂÅ∂Êï∞
			for(int i = 0; i < h; i++) {
				cnt += w/2;
			}
		}else {                                //hÂ•áÊï∞,wÂ•áÊï∞
			for(int i = 0; i < h ; i++) {
				if(i % 2 == 0) {
					cnt += (w+1)/2;
				}else {
					cnt += w/2;
				}
			}
		}

		System.out.println(cnt);

	}

}","import java.util.*;
 
public class Main{
  public static void main(String[] args){
    Scanner sc = new Scanner(System.in);
    double H = sc.nextDouble();
    double W = sc.nextDouble();
    if (H != 1 && W != 1)
			System.out.println((long) Math.ceil(H * W / 2));
		else
			System.out.println(1);
  }
}",Type-4,"// ========= Extracted common logic =========
class GridCellsCalculator {
    /**
     * Returns the maximum number of cells (ceil(h * w / 2))
     * with the special case that if h == 1 or w == 1, answer is 1.
     */
    static long calc(long h, long w) {
        if (h == 1 || w == 1) {
            return 1;
        }
        // ceil(h * w / 2) using integer arithmetic
        long cells = h * w;
        return (cells + 1) / 2;
    }
}

// ========= Refactored first code =========
import java.util.Scanner;

public class Main {

    public static void main(String[] args) {
        Scanner stdIn = new Scanner(System.in);

        long h = stdIn.nextLong();
        long w = stdIn.nextLong();

        long cnt = GridCellsCalculator.calc(h, w);
        System.out.println(cnt);
    }
}

// ========= Refactored second code =========
import java.util.*;

class Main2 {
    public static void main(String[] args){
        Scanner sc = new Scanner(System.in);
        long H = sc.nextLong();
        long W = sc.nextLong();

        long ans = GridCellsCalculator.calc(H, W);
        System.out.println(ans);
    }
}"
"import java.util.*;
public class Main {
	static Scanner sc = new Scanner(System.in);
	static int x = 0, y = 0; 
	static String second;
	static int second_ = 0;
	/**
	 * @param args
	 */
	public static void main(String[] args) {
		// TODO „ÉÑÁØ†„Ç•„ÉÑÁù£„Éß„ÉÑÈùí„Ç´„ÉÑÈùí„É£„ÉÑ„Å§„Ç¶„ÉÑ„Å•„Çß„ÉÑ„Å§„Çπ„ÉÑŒ¥„ÇΩ„ÉÑ„ÉÉ„ÉÑ„Éâ„ÉÑ„Éª„ÉÑ„Çπ„ÉÑ„Çø„ÉÑ„Éñ
		read();	
		slove();
		
	}
	static boolean read(){
		for(int i = 0; i < 4; i++){
			second = sc.next();
			second_ = second_ + Integer.parseInt(second);
		}
		//System.out.println(second_);
		return true;
	}
	static void slove(){
		x = second_/60;
		y = second_ % 60;
		System.out.println(x);
		System.out.println(y);
	}
}","import java.util.*;

public class Main {
	public static void main(String[] args) {
		Scanner sc = new Scanner(System.in);

		int sum = 0;
		
		for(int i = 0; i < 4; i++) {
			sum+=sc.nextInt();
		}
		
		int x = 0, y = 0;
		
		while(sum > 0) {
			if(sum >= 60) {
				sum-=60;
				x++;
			} else {
				sum--;
				y++;
			}
		}
		
		System.out.println(x);
		System.out.println(y);
	}
}",Type-4,"// ===== Extracted Method =====
class TimeUtil {
    public static int[] toMinutesSeconds(int totalSeconds) {
        int minutes = totalSeconds / 60;
        int seconds = totalSeconds % 60;
        return new int[]{minutes, seconds};
    }
}

// ===== Refactored Version 1 =====
import java.util.*;
public class Main {
    static Scanner sc = new Scanner(System.in);
    static int x = 0, y = 0;
    static String second;
    static int second_ = 0;

    public static void main(String[] args) {
        read();
        slove();
    }

    static boolean read() {
        for (int i = 0; i < 4; i++) {
            second = sc.next();
            second_ = second_ + Integer.parseInt(second);
        }
        return true;
    }

    static void slove() {
        int[] res = TimeUtil.toMinutesSeconds(second_);
        x = res[0];
        y = res[1];
        System.out.println(x);
        System.out.println(y);
    }
}

// ===== Refactored Version 2 =====
import java.util.*;

public class Main {
    public static void main(String[] args) {
        Scanner sc = new Scanner(System.in);

        int sum = 0;
        for (int i = 0; i < 4; i++) {
            sum += sc.nextInt();
        }

        int[] res = TimeUtil.toMinutesSeconds(sum);
        int x = res[0];
        int y = res[1];

        System.out.println(x);
        System.out.println(y);
    }
}"
"import java.util.*;
public class Main {
	public static void main(String[] args) {
		Scanner sc= new Scanner(System.in);
		for(;;){
			int count=0;
			int n=sc.nextInt();
			int x=sc.nextInt();
			if(n==0 && x==0) break;
			for(int i=1;i<=n;i++){
				for(int j=i+1;j<=n;j++){
					for(int k=j+1;k<=n;k++){
						if(i+j+k == x) count++;
					}
				}
			}
			System.out.println(count);
		}
	}
}","import java.util.*;

class Main {
	public static void main(String args[]) {
		Scanner scanner = new Scanner(System.in);
		int m, f, count = 0, sum;
		m = scanner.nextInt();
		f = scanner.nextInt();
		while(!(m == 0 && f == 0)) {
			for(int i = 1;i < m+1;i++) {
				for(int j = 1;j < m+1;j++) {
					for(int k = 1;k < m+1;k++) {
							sum =  i+j+k;
							if(sum == f && (i!=j)&&(j!=k)&&(k!=i)) 
								count++;
							sum = 0;
					}
				}
			}
			System.out.println(count/(1*2*3));
			count = 0;
			m = scanner.nextInt();
			f = scanner.nextInt();
		}
		scanner.close();
	}
}",Type-4,"// ===== Extracted method =====
class TripletCounter {
    static int countTriplets(int n, int x) {
        int count = 0;
        for (int i = 1; i <= n; i++) {
            for (int j = i + 1; j <= n; j++) {
                for (int k = j + 1; k <= n; k++) {
                    if (i + j + k == x) count++;
                }
            }
        }
        return count;
    }
}

// ===== First code after replacement =====
import java.util.*;
public class MainFirst {
    public static void main(String[] args) {
        Scanner sc = new Scanner(System.in);
        for (;;) {
            int n = sc.nextInt();
            int x = sc.nextInt();
            if (n == 0 && x == 0) break;
            int count = TripletCounter.countTriplets(n, x);
            System.out.println(count);
        }
    }
}

// ===== Second code after replacement =====
import java.util.*;

class MainSecond {
    public static void main(String args[]) {
        Scanner scanner = new Scanner(System.in);
        int m = scanner.nextInt();
        int f = scanner.nextInt();

        while (!(m == 0 && f == 0)) {
            int count = TripletCounter.countTriplets(m, f);
            System.out.println(count);
            m = scanner.nextInt();
            f = scanner.nextInt();
        }
        scanner.close();
    }
}"
"import java.util.ArrayList;
import java.util.List;
import java.util.Scanner;

public class Main {
    public static void main(String[] args) {
        Scanner in = new Scanner(System.in);
        int n = in.nextInt();
        int m = in.nextInt();
        int a[][] = new int[n][n];

        for (int i = 0; i < m; i++) {
            int t1 = in.nextInt() - 1;
            int t2 = in.nextInt() - 1;
            a[t1][t2] = 1;
            a[t2][t1] = 1;
        }
        List<Integer> order = new ArrayList<>();
        order.add(0);
        List<Integer> remain = new ArrayList<>();
        for (int i = 1; i < n; i++) {
            remain.add(i);
        }
        System.out.println(f(order, remain, a));
    }

    static int f(List<Integer> order, List<Integer> remain, int edges[][]) {
        if (remain.size() == 0) {
            int cur = order.get(0);
            int next;
            for (int p = 1; p < order.size(); p++) {
                next = order.get(p);
                if (edges[cur][next] == 1 || edges[next][cur] == 1) {
                    cur = next; 
                } else {
                    return 0;
                }
            }
            return 1;
        }

        int total = 0;
        for (int p = 0; p < remain.size(); p++) {
            order.add(remain.get(p));
            remain.remove(p);
            total += f(order, remain, edges);
            remain.add(p, order.get(order.size() - 1));
            order.remove(order.size() - 1);
        }
        return total;
    }
}","import java.io.IOException;
import java.io.InputStream;
import java.io.PrintWriter;
import java.util.ArrayList;
import java.util.NoSuchElementException;

public class Main {

	static int n, m;
	static ArrayList<ArrayList<Integer>> al;
	static int count;

	public static void main(String[] args) {
		FastScanner sc = new FastScanner();
		PrintWriter out = new PrintWriter(System.out);

		n = sc.nextInt();
		m = sc.nextInt();
		al = new ArrayList<>();
		for (int i = 0; i < n; i++)
			al.add(new ArrayList<>());
		for (int i = 0; i < m; i++) {
			int a = sc.nextInt() - 1;
			int b = sc.nextInt() - 1;
			al.get(a).add(b);
			al.get(b).add(a);
		}

		count = 0;
		boolean[] reach = new boolean[n];
		dfs(0, 0, reach);
		out.println(count);
		out.flush();
	}

	static void dfs(int now, int num, boolean[] reach) {
		if (num == n - 1) {
			count++;
			return;
		}
		for (Integer v : al.get(now)) {
			reach[now] = true;
			if (!reach[v]) dfs(v, num + 1, reach);
			reach[now] = false;
		}
	}

}

class FastScanner {
	private final InputStream in = System.in;
	private final byte[] buffer = new byte[1024];
	private int ptr = 0;
	private int buflen = 0;

	private boolean hasNextByte() {
		if (ptr < buflen) {
			return true;
		} else {
			ptr = 0;
			try {
				buflen = in.read(buffer);
			} catch (IOException e) {
				e.printStackTrace();
			}
			if (buflen <= 0) { return false; }
		}
		return true;
	}

	private byte readByte() {
		if (hasNextByte()) {
			return buffer[ptr++];
		} else {
			return -1;
		}
	}

	private boolean isPrintableChar(int c) {
		return '!' <= c && c <= '~';
	}

	private void skipUnprintable() {
		while (hasNextByte() && !isPrintableChar(buffer[ptr])) {
			ptr++;
		}
	}

	public boolean hasNext() {
		skipUnprintable();
		return hasNextByte();
	}

	public String next() {
		if (!hasNext()) { throw new NoSuchElementException(); }
		StringBuilder sb = new StringBuilder();
		byte b = readByte();
		while (isPrintableChar(b)) {
			sb.appendCodePoint(b);
			b = readByte();
		}
		return sb.toString();
	}

	public int nextInt() {
		if (!hasNext()) { throw new NoSuchElementException(); }
		int n = 0;
		boolean minus = false;
		byte b = readByte();
		if (b == '-') {
			minus = true;
			b = readByte();
		}
		if (b < '0' || '9' < b) { throw new NumberFormatException(); }
		while (true) {
			if ('0' <= b && b <= '9') {
				n *= 10;
				n += b - '0';
			} else if (b == -1 || !isPrintableChar(b)) {
				return minus ? -n : n;
			} else {
				throw new NumberFormatException();
			}
			b = readByte();
		}
	}

	public long nextLong() {
		if (!hasNext()) { throw new NoSuchElementException(); }
		long n = 0;
		boolean minus = false;
		byte b = readByte();
		if (b == '-') {
			minus = true;
			b = readByte();
		}
		if (b < '0' || '9' < b) { throw new NumberFormatException(); }
		while (true) {
			if ('0' <= b && b <= '9') {
				n *= 10;
				n += b - '0';
			} else if (b == -1 || !isPrintableChar(b)) {
				return minus ? -n : n;
			} else {
				throw new NumberFormatException();
			}
			b = readByte();
		}
	}

}",Type-4,"// ===== Extracted method =====
import java.util.*;

class HamiltonianPathCounter {
    static int countHamiltonianPaths(int n, int[][] edges) {
        List<Integer> order = new ArrayList<>();
        order.add(0);
        List<Integer> remain = new ArrayList<>();
        for (int i = 1; i < n; i++) {
            remain.add(i);
        }
        return dfs(order, remain, edges);
    }

    private static int dfs(List<Integer> order, List<Integer> remain, int[][] edges) {
        if (remain.isEmpty()) {
            int cur = order.get(0);
            for (int i = 1; i < order.size(); i++) {
                int next = order.get(i);
                if (edges[cur][next] == 1) {
                    cur = next;
                } else {
                    return 0;
                }
            }
            return 1;
        }
        int total = 0;
        for (int i = 0; i < remain.size(); i++) {
            int v = remain.get(i);
            order.add(v);
            remain.remove(i);
            total += dfs(order, remain, edges);
            remain.add(i, v);
            order.remove(order.size() - 1);
        }
        return total;
    }
}

// ===== First code after replacement =====
class MainFirst {
    public static void main(String[] args) {
        Scanner in = new Scanner(System.in);
        int n = in.nextInt();
        int m = in.nextInt();
        int[][] a = new int[n][n];

        for (int i = 0; i < m; i++) {
            int t1 = in.nextInt() - 1;
            int t2 = in.nextInt() - 1;
            a[t1][t2] = 1;
            a[t2][t1] = 1;
        }

        int result = HamiltonianPathCounter.countHamiltonianPaths(n, a);
        System.out.println(result);
    }
}

// ===== Second code after replacement =====
class MainSecond {

    static int n, m;
    static int[][] edges;

    public static void main(String[] args) {
        FastScanner sc = new FastScanner();
        n = sc.nextInt();
        m = sc.nextInt();

        edges = new int[n][n];
        for (int i = 0; i < m; i++) {
            int a = sc.nextInt() - 1;
            int b = sc.nextInt() - 1;
            edges[a][b] = 1;
            edges[b][a] = 1;
        }

        int count = HamiltonianPathCounter.countHamiltonianPaths(n, edges);
        PrintWriter out = new PrintWriter(System.out);
        out.println(count);
        out.flush();
    }
}

class FastScanner {
    private final InputStream in = System.in;
    private final byte[] buffer = new byte[1024];
    private int ptr = 0;
    private int buflen = 0;

    private boolean hasNextByte() {
        if (ptr < buflen) {
            return true;
        } else {
            ptr = 0;
            try {
                buflen = in.read(buffer);
            } catch (IOException e) {
                e.printStackTrace();
            }
            if (buflen <= 0) { return false; }
        }
        return true;
    }

    private byte readByte() {
        if (hasNextByte()) {
            return buffer[ptr++];
        } else {
            return -1;
        }
    }

    private boolean isPrintableChar(int c) {
        return '!' <= c && c <= '~';
    }

    private void skipUnprintable() {
        while (hasNextByte() && !isPrintableChar(buffer[ptr])) {
            ptr++;
        }
    }

    public boolean hasNext() {
        skipUnprintable();
        return hasNextByte();
    }

    public String next() {
        if (!hasNext()) { throw new NoSuchElementException(); }
        StringBuilder sb = new StringBuilder();
        byte b = readByte();
        while (isPrintableChar(b)) {
            sb.appendCodePoint(b);
            b = readByte();
        }
        return sb.toString();
    }

    public int nextInt() {
        if (!hasNext()) { throw new NoSuchElementException(); }
        int n = 0;
        boolean minus = false;
        byte b = readByte();
        if (b == '-') {
            minus = true;
            b = readByte();
        }
        if (b < '0' || '9' < b) { throw new NumberFormatException(); }
        while (true) {
            if ('0' <= b && b <= '9') {
                n *= 10;
                n += b - '0';
            } else if (b == -1 || !isPrintableChar(b)) {
                return minus ? -n : n;
            } else {
                throw new NumberFormatException();
            }
            b = readByte();
        }
    }

    public long nextLong() {
        if (!hasNext()) { throw new NoSuchElementException(); }
        long n = 0;
        boolean minus = false;
        byte b = readByte();
        if (b == '-') {
            minus = true;
            b = readByte();
        }
        if (b < '0' || '9' < b) { throw new NumberFormatException(); }
        while (true) {
            if ('0' <= b && b <= '9') {
                n *= 10;
                n += b - '0';
            } else if (b == -1 || !isPrintableChar(b)) {
                return minus ? -n : n;
            } else {
                throw new NumberFormatException();
            }
            b = readByte();
        }
    }
}"
"import java.util.Arrays;
import java.util.Scanner;

public class Main {

    private static int[] arr;

    public static void main(String[] args) {

        Scanner scanner = new Scanner(System.in);
        String input = scanner.nextLine();
        arr = Arrays.stream(input.split("""")).mapToInt(Integer::parseInt).toArray();

        long sum = calc(0, arr.length - 1);
        System.out.println(sum);
    }

    private static long calc(int position, int end) {
        if (position > end) return 0;

        long tmp = 0;
        for (int i = position; i < end; i++) {
            tmp += toInt(position, i) * Math.pow(2, (end - i - 1)) + calc(i + 1, end);
        }
        tmp += toInt(position, end);
        return tmp;
    }

    private static long toInt(int start, int end) {
        if (start == end) {
//            System.out.println(""start: "" + start + "" end: "" + end + "" -> "" + arr[start]);
            return arr[start];
        }

        long tmp = 0;
        for (int i = start; i <= end; i++) {
            tmp += arr[i] * Math.pow(10, (end - i));
        }
//        System.out.println(""start: "" + start + "" end: "" + end + "" -> "" + tmp);
        return tmp;
    }
}","import java.io.IOException;
import java.io.InputStream;
import java.io.PrintWriter;
import java.util.*;

public class Main {
    public static void main(String[] args) {
        PrintWriter out = new PrintWriter(System.out);
        InputStreamScanner in = new InputStreamScanner(System.in);
        new Main().solve(in, out);
        out.flush();
    }

    private void solve(InputStreamScanner in, PrintWriter out) {
        String s = in.next();

        long t = 0;
        for (int i = 0; i < 1 << (s.length() - 1); i++) {
            int p = 0;
            for (int j = 0; j < s.length() - 1; j++) {
                if ((1 & i >> j) == 1) {
                    t += Long.parseLong(s.substring(p, j + 1));
                    p = j + 1;
                }
            }
            t += Long.parseLong(s.substring(p));
        }

        out.println(t);
    }

    static class InputStreamScanner {

        private InputStream in;

        private byte[] buf = new byte[1024];
        private int len = 0;
        private int off = 0;

        InputStreamScanner(InputStream in)	{
            this.in = in;
        }

        String next() {
            StringBuilder sb = new StringBuilder();
            for (int b = skip(); !isSpace(b);){
                sb.appendCodePoint(b);
                b = read();
            }
            return sb.toString();
        }

        int nextInt() {
            return Integer.parseInt(next());
        }

        long nextLong() {
            return Long.parseLong(next());
        }

        double nextDouble() {
            return Double.parseDouble(next());
        }

        char nextChar() {
            return (char)skip();
        }

        int skip() {
            for (int b; (b = read()) != -1;) {
                if (!isSpace(b)) {
                    return b;
                }
            }
            return -1;
        }

        private boolean isSpace(int c) {
            return c < 33 || c > 126;
        }

        private int read() {
            if (len == -1) {
                throw new InputMismatchException(""End of Input"");
            }
            if (off >= len){
                off = 0;
                try {
                    len = in.read(buf);
                } catch (IOException e) {
                    throw new InputMismatchException(e.getMessage());
                }
                if (len <= 0) {
                    return -1;
                }
            }
            return buf[off++];
        }
    }
}",Type-4,"// ===== Extracted method =====
class PlusSumCalculator {
    static long computePlusSum(String s) {
        int len = s.length();
        long total = 0;
        int splitPositions = len - 1;
        int patterns = 1 << splitPositions;

        for (int mask = 0; mask < patterns; mask++) {
            int start = 0;
            for (int i = 0; i < splitPositions; i++) {
                if ((mask & (1 << i)) != 0) {
                    total += Long.parseLong(s.substring(start, i + 1));
                    start = i + 1;
                }
            }
            total += Long.parseLong(s.substring(start));
        }

        return total;
    }
}

// ===== First code after replacement =====
import java.util.Arrays;
import java.util.Scanner;

public class MainFirst {

    public static void main(String[] args) {

        Scanner scanner = new Scanner(System.in);
        String input = scanner.nextLine();

        long sum = PlusSumCalculator.computePlusSum(input);
        System.out.println(sum);
    }
}

// ===== Second code after replacement =====
import java.io.IOException;
import java.io.InputStream;
import java.io.PrintWriter;
import java.util.InputMismatchException;

public class MainSecond {
    public static void main(String[] args) {
        PrintWriter out = new PrintWriter(System.out);
        InputStreamScanner in = new InputStreamScanner(System.in);
        new MainSecond().solve(in, out);
        out.flush();
    }

    private void solve(InputStreamScanner in, PrintWriter out) {
        String s = in.next();

        long t = PlusSumCalculator.computePlusSum(s);
        out.println(t);
    }

    static class InputStreamScanner {

        private InputStream in;

        private byte[] buf = new byte[1024];
        private int len = 0;
        private int off = 0;

        InputStreamScanner(InputStream in)	{
            this.in = in;
        }

        String next() {
            StringBuilder sb = new StringBuilder();
            for (int b = skip(); !isSpace(b);){
                sb.appendCodePoint(b);
                b = read();
            }
            return sb.toString();
        }

        int nextInt() {
            return Integer.parseInt(next());
        }

        long nextLong() {
            return Long.parseLong(next());
        }

        double nextDouble() {
            return Double.parseDouble(next());
        }

        char nextChar() {
            return (char)skip();
        }

        int skip() {
            for (int b; (b = read()) != -1;) {
                if (!isSpace(b)) {
                    return b;
                }
            }
            return -1;
        }

        private boolean isSpace(int c) {
            return c < 33 || c > 126;
        }

        private int read() {
            if (len == -1) {
                throw new InputMismatchException(""End of Input"");
            }
            if (off >= len){
                off = 0;
                try {
                    len = in.read(buf);
                } catch (IOException e) {
                    throw new InputMismatchException(e.getMessage());
                }
                if (len <= 0) {
                    return -1;
                }
            }
            return buf[off++];
        }
    }
}"
"import java.io.BufferedReader;
import java.io.IOException;
import java.io.InputStream;
import java.io.InputStreamReader;
import java.util.NoSuchElementException;

public class Main {
    static class FS {
        private final InputStream in = System.in;
        private final byte[] buffer = new byte[1024];
        private int ptr = 0;
        private int buflen = 0;

        private boolean hasNextByte() {
            if (ptr < buflen) {
                return true;
            } else {
                ptr = 0;
                try {
                    buflen = in.read(buffer);
                } catch (IOException e) {
                    e.printStackTrace();
                }
                if (buflen <= 0) {
                    return false;
                }
            }
            return true;
        }

        private int readByte() {
            return hasNextByte() ? buffer[ptr++] : -1;
        }

        private boolean isPrintableChar(int c) {
            return 33 <= c && c <= 126;
        }

        private void skipUnprintable() {
            while (hasNextByte() && !isPrintableChar(buffer[ptr])) ptr++;
        }

        public boolean hasNext() {
            skipUnprintable();
            return hasNextByte();
        }

        public String next() {
            if (!hasNext()) throw new NoSuchElementException();
            StringBuilder sb = new StringBuilder();
            int b = readByte();
            while (isPrintableChar(b)) {
                sb.appendCodePoint(b);
                b = readByte();
            }
            return sb.toString();
        }

        public int nextInt() {
            return (int) nextLong();
        }

        public long nextLong() {
            if (!hasNext()) throw new NoSuchElementException();
            long n = 0;
            boolean minus = false;
            int b = readByte();
            if (b == '-') {
                minus = true;
                b = readByte();
            }
            if (b < '0' || '9' < b) {
                throw new NumberFormatException();
            }
            while (true) {
                if ('0' <= b && b <= '9') {
                    n *= 10;
                    n += b - '0';
                } else if (b == -1 || !isPrintableChar(b)) {
                    return minus ? -n : n;
                } else {
                    throw new NumberFormatException();
                }
                b = readByte();
            }
        }
    }

    static int[] np;
    static int n;

    public static void main(String[] args) throws Exception {
        FS fs = new FS();
//        BufferedReader bf = new BufferedReader(new InputStreamReader(System.in));
//        String s = bf.readLine();
//        int n = Integer.parseInt(s.substring(0, s.indexOf(' ')));//n packages
//        int k = Integer.parseInt(s.substring(s.indexOf(' '), s.length()));//k trucks
        n = fs.nextInt();
        int k = fs.nextInt();


        np = new int[n];
        int max = 0;
        for (int i = 0; i < n; i++) {

            np[i] = fs.nextInt();
            max = max < np[i] ? np[i] : max;
        }
        int p = 0;
        int resids = 0;

        int maxInt = 10000 *100000;
        int minInt = max-1;
        int mid = (maxInt + minInt) / 2;
        while (maxInt - minInt > 1) {
            int v = checkN(mid);
            if (v > k) minInt = mid;
            else maxInt = mid;

            mid = (maxInt + minInt) / 2;
        }
        System.out.println(maxInt);
    }

    private static int checkN(int p) {
        int resids = p;
        int ink = 1;//ÂΩìÂâçÂ∑≤Áî®Âç°ËΩ¶
        for (int i = 0; i < n; i++) {
            int j = np[i];
            if (resids >= j) {
                resids -= j;
            } else {
                ink++;
                resids = p;
                i--;
            }
        }
        return ink;
    }
}","import java.io.BufferedReader;
import java.io.IOException;
import java.io.InputStream;
import java.io.InputStreamReader;
import java.io.OutputStream;
import java.io.PrintWriter;
import java.util.InputMismatchException;
import java.util.StringTokenizer;

public class Main {

	public static void main(String[] args) throws IOException {
		InputStream inputStream = System.in;
		OutputStream outputStream = System.out;
		InputReader in = new InputReader(inputStream);
		PrintWriter out = new PrintWriter(outputStream);
		TaskX solver = new TaskX();
		solver.solve(1, in, out);
		out.close();
	}

	static int INF = 1 << 30;

	static class TaskX {
		public void solve(int testNumber, InputReader in, PrintWriter out) {

			int n = in.nextInt();
			int k = in.nextInt();
			int[] wn = in.nextIntArray(n);

			int left = 0;
			int right = INF;
			int mid = 0;
			while (right > left + 1) {
				mid = (left + right) / 2;
				int count = 1;
				int ca = mid;
				for (int i = 0; i < n; i++) {
					if (ca - wn[i] >= 0) {
						ca -= wn[i];
					} else {
						ca = mid;
						count++;
						if (ca - wn[i] >= 0) {
							ca -= wn[i];
						} else {
							count = INF;
							break;
						}
					}
				}

				// kÂè∞‰ª•‰∏ã„ÅßÁ©ç„ÇÅ„ÇãÂ†¥Âêà
				if (count <= k){
					right = mid;

				// ÔΩãÂè∞‰ª•‰∏äÂøÖË¶Å„Å™Â†¥Âêà
				} else if (count > k) {
					left = mid;
				}
			}

			out.println(right);

		}
	}

	static class InputReader {
		BufferedReader in;
		StringTokenizer tok;

		public String nextString() {
			while (!tok.hasMoreTokens()) {
				try {
					tok = new StringTokenizer(in.readLine(), "" "");
				} catch (IOException e) {
					throw new InputMismatchException();
				}
			}
			return tok.nextToken();
		}

		public int nextInt() {
			return Integer.parseInt(nextString());
		}

		public long nextLong() {
			return Long.parseLong(nextString());
		}

		public double nextDouble() {
			return Double.parseDouble(nextString());
		}

		public int[] nextIntArray(int n) {
			int[] res = new int[n];
			for (int i = 0; i < n; i++) {
				res[i] = nextInt();
			}
			return res;
		}

		public long[] nextLongArray(int n) {
			long[] res = new long[n];
			for (int i = 0; i < n; i++) {
				res[i] = nextLong();
			}
			return res;
		}

		public InputReader(InputStream inputStream) {
			in = new BufferedReader(new InputStreamReader(inputStream));
			tok = new StringTokenizer("""");
		}

	}

}",Type-4,"// ===== Extracted method =====
class TruckAllocator {
    static final int INF = 1 << 30;

    static int countTrucks(int capacity, int[] weights) {
        int trucks = 1;
        int remaining = capacity;

        for (int w : weights) {
            if (w > capacity) {
                return INF;
            }
            if (remaining < w) {
                trucks++;
                remaining = capacity;
            }
            remaining -= w;
        }
        return trucks;
    }
}

// ===== First code after replacement =====
import java.io.IOException;
import java.io.InputStream;
import java.util.NoSuchElementException;

public class MainFirst {
    static class FS {
        private final InputStream in = System.in;
        private final byte[] buffer = new byte[1024];
        private int ptr = 0;
        private int buflen = 0;

        private boolean hasNextByte() {
            if (ptr < buflen) {
                return true;
            } else {
                ptr = 0;
                try {
                    buflen = in.read(buffer);
                } catch (IOException e) {
                    e.printStackTrace();
                }
                if (buflen <= 0) {
                    return false;
                }
            }
            return true;
        }

        private int readByte() {
            return hasNextByte() ? buffer[ptr++] : -1;
        }

        private boolean isPrintableChar(int c) {
            return 33 <= c && c <= 126;
        }

        private void skipUnprintable() {
            while (hasNextByte() && !isPrintableChar(buffer[ptr])) ptr++;
        }

        public boolean hasNext() {
            skipUnprintable();
            return hasNextByte();
        }

        public String next() {
            if (!hasNext()) throw new NoSuchElementException();
            StringBuilder sb = new StringBuilder();
            int b = readByte();
            while (isPrintableChar(b)) {
                sb.appendCodePoint(b);
                b = readByte();
            }
            return sb.toString();
        }

        public int nextInt() {
            return (int) nextLong();
        }

        public long nextLong() {
            if (!hasNext()) throw new NoSuchElementException();
            long n = 0;
            boolean minus = false;
            int b = readByte();
            if (b == '-') {
                minus = true;
                b = readByte();
            }
            if (b < '0' || '9' < b) {
                throw new NumberFormatException();
            }
            while (true) {
                if ('0' <= b && b <= '9') {
                    n *= 10;
                    n += b - '0';
                } else if (b == -1 || !isPrintableChar(b)) {
                    return minus ? -n : n;
                } else {
                    throw new NumberFormatException();
                }
                b = readByte();
            }
        }
    }

    static int[] np;
    static int n;

    public static void main(String[] args) throws Exception {
        FS fs = new FS();
        n = fs.nextInt();
        int k = fs.nextInt();

        np = new int[n];
        int max = 0;
        for (int i = 0; i < n; i++) {
            np[i] = fs.nextInt();
            max = Math.max(max, np[i]);
        }

        int maxInt = 10000 * 100000;
        int minInt = max - 1;
        int mid = (maxInt + minInt) / 2;
        while (maxInt - minInt > 1) {
            int v = TruckAllocator.countTrucks(mid, np);
            if (v > k) {
                minInt = mid;
            } else {
                maxInt = mid;
            }
            mid = (maxInt + minInt) / 2;
        }
        System.out.println(maxInt);
    }
}

// ===== Second code after replacement =====
import java.io.BufferedReader;
import java.io.IOException;
import java.io.InputStream;
import java.io.InputStreamReader;
import java.io.OutputStream;
import java.io.PrintWriter;
import java.util.InputMismatchException;
import java.util.StringTokenizer;

public class MainSecond {

    public static void main(String[] args) throws IOException {
        InputStream inputStream = System.in;
        OutputStream outputStream = System.out;
        InputReader in = new InputReader(inputStream);
        PrintWriter out = new PrintWriter(outputStream);
        TaskX solver = new TaskX();
        solver.solve(1, in, out);
        out.close();
    }

    static int INF = 1 << 30;

    static class TaskX {
        public void solve(int testNumber, InputReader in, PrintWriter out) {

            int n = in.nextInt();
            int k = in.nextInt();
            int[] wn = in.nextIntArray(n);

            int left = 0;
            int right = INF;
            int mid = 0;
            while (right > left + 1) {
                mid = (left + right) / 2;

                int count = TruckAllocator.countTrucks(mid, wn);

                if (count <= k) {
                    right = mid;
                } else {
                    left = mid;
                }
            }

            out.println(right);
        }
    }

    static class InputReader {
        BufferedReader in;
        StringTokenizer tok;

        public String nextString() {
            while (!tok.hasMoreTokens()) {
                try {
                    tok = new StringTokenizer(in.readLine(), "" "");
                } catch (IOException e) {
                    throw new InputMismatchException();
                }
            }
            return tok.nextToken();
        }

        public int nextInt() {
            return Integer.parseInt(nextString());
        }

        public long nextLong() {
            return Long.parseLong(nextString());
        }

        public double nextDouble() {
            return Double.parseDouble(nextString());
        }

        public int[] nextIntArray(int n) {
            int[] res = new int[n];
            for (int i = 0; i < n; i++) {
                res[i] = nextInt();
            }
            return res;
        }

        public long[] nextLongArray(int n) {
            long[] res = new long[n];
            for (int i = 0; i < n; i++) {
                res[i] = nextLong();
            }
            return res;
        }

        public InputReader(InputStream inputStream) {
            in = new BufferedReader(new InputStreamReader(inputStream));
            tok = new StringTokenizer("""");
        }

    }
}"
"import java.io.IOException;
import java.io.InputStream;
import java.io.PrintWriter;
import java.util.*;

public class Main {
    public static void main(String[] args) {
        PrintWriter out = new PrintWriter(System.out);
        InputStreamScanner in = new InputStreamScanner(System.in);
        new Main().solve(in, out);
        out.flush();
    }

    private void solve(InputStreamScanner in, PrintWriter out) {
        String s = in.next();

        long t = 0;
        for (int i = 0; i < 1 << (s.length() - 1); i++) {
            int p = 0;
            for (int j = 0; j < s.length() - 1; j++) {
                if ((1 & i >> j) == 1) {
                    t += Long.parseLong(s.substring(p, j + 1));
                    p = j + 1;
                }
            }
            t += Long.parseLong(s.substring(p));
        }

        out.println(t);
    }

    static class InputStreamScanner {

        private InputStream in;

        private byte[] buf = new byte[1024];
        private int len = 0;
        private int off = 0;

        InputStreamScanner(InputStream in)	{
            this.in = in;
        }

        String next() {
            StringBuilder sb = new StringBuilder();
            for (int b = skip(); !isSpace(b);){
                sb.appendCodePoint(b);
                b = read();
            }
            return sb.toString();
        }

        int nextInt() {
            return Integer.parseInt(next());
        }

        long nextLong() {
            return Long.parseLong(next());
        }

        double nextDouble() {
            return Double.parseDouble(next());
        }

        char nextChar() {
            return (char)skip();
        }

        int skip() {
            for (int b; (b = read()) != -1;) {
                if (!isSpace(b)) {
                    return b;
                }
            }
            return -1;
        }

        private boolean isSpace(int c) {
            return c < 33 || c > 126;
        }

        private int read() {
            if (len == -1) {
                throw new InputMismatchException(""End of Input"");
            }
            if (off >= len){
                off = 0;
                try {
                    len = in.read(buf);
                } catch (IOException e) {
                    throw new InputMismatchException(e.getMessage());
                }
                if (len <= 0) {
                    return -1;
                }
            }
            return buf[off++];
        }
    }
}","import java.util.*;
public class Main{
	public static void main(String[] args){
		Scanner sc = new Scanner(System.in);

		String S = sc.next();
		S = S + ""a"";
		long[][] num = new long[S.length()-1][S.length()+1];
		long answer = 0;
		for( int i=0; i<S.length()-1; i++ ){
			for( int j=i+1; j<S.length(); j++ ){
				String ss = S.substring(i,j);
				num[i][j] = Long.parseLong(ss);
				long a=2,b=2;
				if( i==0 || i==1 ){
					a = 1;
				}else{
					for( int m=0; m<i-2; m++ ){
						a=2*a;
					}
				}
				if( j==S.length()-2 || j==S.length()-1 ){
					b = 1;                  
                }else{                  
					for( int m=0; m<S.length()-j-3; m++ ){
						b=2*b;
					}
                }	                  
				num[i][j] *= a*b;
				answer += num[i][j];
			}
		}
		System.out.println( answer );
	}
}",Type-4,"// ===== Extracted method =====
class ExpressionSumCalculator {
    static long sumAllExpressions(String s) {
        int n = s.length();
        long total = 0;
        int limit = 1 << (n - 1);

        for (int mask = 0; mask < limit; mask++) {
            int start = 0;
            for (int i = 0; i < n - 1; i++) {
                if (((mask >> i) & 1) == 1) {
                    total += Long.parseLong(s.substring(start, i + 1));
                    start = i + 1;
                }
            }
            total += Long.parseLong(s.substring(start));
        }
        return total;
    }
}

// ===== First code after replacement =====
import java.io.IOException;
import java.io.InputStream;
import java.io.PrintWriter;
import java.util.InputMismatchException;

class MainA {
    public static void main(String[] args) {
        PrintWriter out = new PrintWriter(System.out);
        InputStreamScanner in = new InputStreamScanner(System.in);
        new MainA().solve(in, out);
        out.flush();
    }

    private void solve(InputStreamScanner in, PrintWriter out) {
        String s = in.next();
        long t = ExpressionSumCalculator.sumAllExpressions(s);
        out.println(t);
    }

    static class InputStreamScanner {

        private InputStream in;

        private byte[] buf = new byte[1024];
        private int len = 0;
        private int off = 0;

        InputStreamScanner(InputStream in)	{
            this.in = in;
        }

        String next() {
            StringBuilder sb = new StringBuilder();
            for (int b = skip(); !isSpace(b);){
                sb.appendCodePoint(b);
                b = read();
            }
            return sb.toString();
        }

        int nextInt() {
            return Integer.parseInt(next());
        }

        long nextLong() {
            return Long.parseLong(next());
        }

        double nextDouble() {
            return Double.parseDouble(next());
        }

        char nextChar() {
            return (char)skip();
        }

        int skip() {
            for (int b; (b = read()) != -1;) {
                if (!isSpace(b)) {
                    return b;
                }
            }
            return -1;
        }

        private boolean isSpace(int c) {
            return c < 33 || c > 126;
        }

        private int read() {
            if (len == -1) {
                throw new InputMismatchException(""End of Input"");
            }
            if (off >= len){
                off = 0;
                try {
                    len = in.read(buf);
                } catch (IOException e) {
                    throw new InputMismatchException(e.getMessage());
                }
                if (len <= 0) {
                    return -1;
                }
            }
            return buf[off++];
        }
    }
}

// ===== Second code after replacement =====
import java.util.Scanner;

class MainB {
    public static void main(String[] args){
        Scanner sc = new Scanner(System.in);

        String S = sc.next();
        long answer = ExpressionSumCalculator.sumAllExpressions(S);
        System.out.println(answer);
    }
}"
"import java.util.*;
 
class Main{
    public static void main(String[] args){
        Scanner sc = new Scanner(System.in);
 
        String S = sc.next();
        String T = sc.next();
        int ls = S.length();
        int lt = T.length();
        String a = ""?"";

        if(ls<lt){
            System.out.println(""UNRESTORABLE"");
            return;
        }
        int x = -1;
        for(int i=0; i<=ls-lt; i++){
            if(S.charAt(i)==T.charAt(0) || S.charAt(i)==a.charAt(0)){
                for(int j=0; j<lt; j++){
                    if(S.charAt(i+j)!=T.charAt(j) && S.charAt(i+j)!=a.charAt(0)){
                        break;
                    }
                    if(j==lt-1){
                        x = i;
                    }
                }
            }
        }
        if(x==-1){
            System.out.println(""UNRESTORABLE"");
            return;
        }
        else if(ls==lt){
            S = T;
            System.out.println(S);
            return;
        }
        else if(x==0){
            S = T + S.substring(lt);
        }
        else if(x!=0){
            if(x+lt-1==ls){
                S = S.substring(0, x) + T;
            }
            else{
                S = S.substring(0, x) + T + S.substring(x + lt);
            }
        }
        String st = """";
        for(int i=0; i<ls; i++){
            if(S.charAt(i)==a.charAt(0)){
                st += ""a"";
            }
            else{
                st += String.valueOf((char)S.charAt(i));
            }
        }
        System.out.println(st);
    }
}","import java.util.Scanner;

public class Main {
	public static void main(String[] args) {
		Scanner sc = new Scanner(System.in);
		String s = sc.next().replaceAll(""\\?"", ""."");
		String t = sc.next();
		int ns = s.length();
		int nt = t.length();
		for(int i = ns - nt ; i >= 0 ; i--) {
			String regex = s.substring(i, i + nt);
			if(t.matches(regex)) {
				System.out.println(s.replaceFirst(s.substring(0, i) + regex, s.substring(0, i) + t).replaceAll(""\\."", ""a""));
				return;
			}
		}
		System.out.println(""UNRESTORABLE"");
	}
}",Type-4,"// ===== Extracted method =====
class Restorer {
    static String restore(String S, String T) {
        int ls = S.length();
        int lt = T.length();
        if (ls < lt) {
            return ""UNRESTORABLE"";
        }

        int pos = -1;
        for (int i = 0; i <= ls - lt; i++) {
            boolean ok = true;
            for (int j = 0; j < lt; j++) {
                char sc = S.charAt(i + j);
                char tc = T.charAt(j);
                if (sc != '?' && sc != tc) {
                    ok = false;
                    break;
                }
            }
            if (ok) {
                pos = i; // keep rightmost
            }
        }

        if (pos == -1) {
            return ""UNRESTORABLE"";
        }

        StringBuilder sb = new StringBuilder();
        sb.append(S, 0, pos);
        sb.append(T);
        sb.append(S.substring(pos + lt));

        for (int i = 0; i < sb.length(); i++) {
            if (sb.charAt(i) == '?') {
                sb.setCharAt(i, 'a');
            }
        }

        return sb.toString();
    }
}

// ===== First code after replacement =====
import java.util.*;

class MainA {
    public static void main(String[] args){
        Scanner sc = new Scanner(System.in);

        String S = sc.next();
        String T = sc.next();

        String result = Restorer.restore(S, T);
        System.out.println(result);
    }
}

// ===== Second code after replacement =====
import java.util.Scanner;

class MainB {
    public static void main(String[] args) {
        Scanner sc = new Scanner(System.in);
        String s = sc.next();
        String t = sc.next();

        String result = Restorer.restore(s, t);
        System.out.println(result);
    }
}"